audio,transcription
/Users/air/Downloads/Ненецкие аудио/data/009_3422.84375_8535.968750000002.wav,"иисус няндо' ма ненэся нянда"" мадм' тюкохона нуни"" поӈгана мэни"""
/Users/air/Downloads/Ненецкие аудио/data/009_9126.59375_13834.71875.wav,"ханяӈы"" ненэця"" нум' параӈода' я ӈарка ныхым' мэць товдавэй' ни"" хаӈгу"""
/Users/air/Downloads/Ненецкие аудио/data/009_15606.593750000002_23925.968750000004.wav,"мат"" яля' ваера""махад иисус тохоламбадахатата петрм' иаковм' иоаннм' тэра тикарида няць пирця хой' ни' танэй"""
/Users/air/Downloads/Ненецкие аудио/data/009_25022.84375_33544.71875.wav,"ӈаво"" пирка""на сэвто' сыртан' пыда мирбяда ӈани несэйӈэ хая ембдярода сырадарев' ӈули"" сэракоӈэ яберенаӈэ хая"""
/Users/air/Downloads/Ненецкие аудио/data/009_34827.21875_41262.71067861589.wav,"сэв"" пэсьда"" я' сяр' ниня хибяхарт тикахад ваць тамна сэракоӈэ серта нида пирас"""
/Users/air/Downloads/Ненецкие аудио/data/009_42245.02931570597_49896.59375.wav,"тикы' пуд няндо' илия моисей ӈадимяха' иисус' ня' помнандо' лаханакурць пэяд"""
/Users/air/Downloads/Ненецкие аудио/data/009_50487.21875_59987.84375.wav,"петр ӈани' иисусан' ма равви тюкохона мэвава"" маня"" нянана"" ӈули"" сава няхар"" мятава"" сертахава"" ӈопой мя"" пыдар мя""ал ӈэӈгу"
/Users/air/Downloads/Ненецкие аудио/data/009_60696.59375000001_70433.46875.wav,"нябиюм' моисей' ед' ӈэӈгу ӈани ӈопойхав илия' мя"" ӈэӈгу"" нив' петр няхаюта тотрев' сейнда хэсь вадам' хось я""ма ӈадьбята тарця вади хэтвы"
/Users/air/Downloads/Ненецкие аудио/data/009_71429.09375_78010.34375.wav,"ӈаво"" пирка""на тир ӈадимя сиддо' тикы тир тидхананда тонда тир' мюд му' тэбкада"
/Users/air/Downloads/Ненецкие аудио/data/009_78854.09375_87139.71875.wav,"тикы мань сянда нюми муӈганда намдорӈада"" пыдо' лакри' сидя хэвувнандо' сылыд"" иисус' хавна хэвханандо' хибяхартм' ни"" манэс"""
/Users/air/Downloads/Ненецкие аудио/data/009_88506.59375000001_96606.59375.wav,"хой' нид ха""мотаб""нандо' иисус няндо' тарем' табеку ненэця' нюӈэ вадета ха""махаданда яӈор' илелты"""
/Users/air/Downloads/Ненецкие аудио/data/009_97214.09375_106562.84375.wav,"теда' манэ""мыда"" та' ёльцянд' хибяхартан' нёйда"" вадес"" пыдо' табекохонда намда"" манэ""мыдо' хибяхартан' нидо' вадес"" помнандо' тарем' нидо' хонрамби"""
/Users/air/Downloads/Ненецкие аудио/data/009_107490.96875_116097.21875.wav,"ха""махаданда яӈор' илелты"" тикы вадита хамэди"" ханзер"" ӈа тадтикахад иисусм' хонра"" моисей' ватом' теневана"" ӈамгэ тарем' лахана пэрӈа"""
/Users/air/Downloads/Ненецкие аудио/data/009_116772.21875_122357.84375.wav," христос' това' нерня илия тобта тара пыда няндо' тарем' ма ненэся ӈод"" тарця"
/Users/air/Downloads/Ненецкие аудио/data/009_122864.09375_130845.96875.wav,илия ӈахакуд нерде серо хамэдаванзь тованзь пэрӈа тиканда ӈамгэ хэбидя падаркана ненэця' ню' нямна тарем' пады
/Users/air/Downloads/Ненецкие аудио/data/009_131672.84375_140177.84375000003.wav,"ненэця' нюӈэ вадета саць маяндорманда волтамбувнда вэнзер' пэрманда мань нянда"" мадм' илия мале тось"
/Users/air/Downloads/Ненецкие аудио/data/009_140954.09375_146691.59375.wav,"ханзер"" хэбидя падаркана нямнанда падса тарем' сита ненэця"" харвабцондо' сер' вэнзер' пэрӈаць"
/Users/air/Downloads/Ненецкие аудио/data/009_148902.21875_157592.84375.wav,"пыдо' тэвбато' иисус' тохоламбади"" няби пеля ненэцие"" мандал' поӈгана мэвы"" моисей' ватом' теневана"" сиддо' няць тасалкурӈа"""
/Users/air/Downloads/Ненецкие аудио/data/009_158807.84375000003_166806.59375000003.wav,"иисусм' манэ""мандо' сер' ненэця"" мал' пысэйд"" неранда няд сюрбыд"" нянда торовата"" иисус тохоламбадида хонрэйда"
/Users/air/Downloads/Ненецкие аудио/data/009_167447.84375_176712.21875.wav,"моисей' ватом' теневани"" ня' ӈаво тасламбида"" ненэцие"" мандал' поӈгад ӈопой хасава вахалъй"" сидна"" тохоламбадава"" нянд хасава нюми тэврадм'"
/Users/air/Downloads/Ненецкие аудио/data/009_177353.46875000003_185959.71875.wav,"пыда нянзи ӈылека пявэда ӈылека нянда тэвбата нюми ян' мо""набтасетыда нянда варан' сисю"" ӈадимзеты"""
/Users/air/Downloads/Ненецкие аудио/data/009_190515.96875_198835.34375.wav,"тад пуна пыхыдада хутерцеты"" мань тохоламбадид ӈылекам' нюхудани питармандо' е""эмня хонрамбинась пыдо' питарць я""мадонзь"
/Users/air/Downloads/Ненецкие аудио/data/009_199881.59375_208099.71875.wav,"иисус няндо' ма нявэй"" пунрёбцора"" тянё мань тамна пон' нянанда"" мэвандадм' мань тамна пон' серта"" сер' ӈэӈгудм'"
/Users/air/Downloads/Ненецкие аудио/data/009_209331.59375_219220.34375.wav,"хаӈгуртара"" няни тэврара"" хаӈгуртам' иисусан' тэврадо' ӈылека иисусм' манэ""манда сер' хасава ӈацекым' манзабтамба пяда тикыкое ян' мо""нэй"""
/Users/air/Downloads/Ненецкие аудио/data/009_220215.96875_229176.59375.wav,"сисю"" нянда варан' ӈадимя"" явна манрырць пэй"" иисус ӈацекы' нисям' хонра ӈаха""на тарем' хэса ӈацекы' нися ма"
/Users/air/Downloads/Ненецкие аудио/data/009_230054.09375_238761.59375.wav,"нюдя ӈэбыхында тарця сита ӈобкад ӈылека хадаван' харвасеты тарць"" ямбха""на тун' моёпасетыдава ит' моёпасетыдава"
/Users/air/Downloads/Ненецкие аудио/data/009_239925.96875_249139.71875.wav,"тяхананд пирпат сидни' сялила""ма сидни' няда""ма иисус нянда вахалъй"" пыдар ман пирпат"
/Users/air/Downloads/Ненецкие аудио/data/009_249865.34375_257577.21875000003.wav," пунрёбцонда таняна' я""амнада яӈгу тикы' пуд таминда хасава ӈацекы' нися сэвта хаялцавэй' тёрей"""
/Users/air/Downloads/Ненецкие аудио/data/009_258471.59375_267921.59375.wav,"пунрыдм' пунрёбцони тянё ӈэб"" си""ми няда""ма иисус ненэцие"" мандал' мимам' манэ""манда сер' ӈылекан' табеко пэй"" нянзьдахасьда ӈылека"
/Users/air/Downloads/Ненецкие аудио/data/009_268613.46875000006_273895.34375.wav,"мань нянд тарем' табекудм' ӈацекэхэд тарпад"" тад нерня' сян пуня' нён сал"""
/Users/air/Downloads/Ненецкие аудио/data/009_274739.09375_284273.46875.wav,"ӈылека ӈацекы' пыхыдм' сатавна манзабтамба тёрсавэй' ӈацекэхэд тарпы"" тикыкое хабэйдарев' юседа ханяӈы ненэця"" яӈгумэӈэ ваде""ӈадо'"
/Users/air/Downloads/Ненецкие аудио/data/009_285083.46875_294111.59375.wav,"иисусхав ӈудахаданда ня""махая тю""у' илада ӈацекы нулъй"" иисус' мяд' мю' мятю""мяхаданда тохоламбадида тасиримна сита хонра"""
/Users/air/Downloads/Ненецкие аудио/data/009_295225.34375000006_303544.71875.wav,"маня"" ӈамгэ ӈылекам' питарць я""масава"" пыда няндо' ма тикы' то""лаха ӈылекахав туё""лись нива ӈавормам мэ""лись питарпада"
/Users/air/Downloads/Ненецкие аудио/data/009_305569.71875_311965.34375000006.wav,"тадтикахад тикы яхад хэ""мяхадандо' галилея' явна миӈа"" иисус тохоламбадида тарем' табэдамбидась"
/Users/air/Downloads/Ненецкие аудио/data/009_312775.34375000006_321820.34375.wav,"ненэця' нюӈэ вадетам' тадри' вэва ненэцие"" ӈудаха"" митадо' тикахад хадаӈгудо' пыда яӈгумда тад пуна няхар"" яля' хэ""мяхад яӈор' илелты"""
/Users/air/Downloads/Ненецкие аудио/data/009_322630.34375_330510.96875.wav,"ӈадьбята иисус тарем' харвась ханя' ми""махаданда хибяхарт теневабта ни тара"" пыда вадида тохоламбадида нидо' хамэда"""
/Users/air/Downloads/Ненецкие аудио/data/009_331590.96875_339539.09375.wav,"тарси"" тикы' нямна хонра сейдо' пина"" пыдо' капернауман' салъяд"" мякана иисус сиддо' хонра"
/Users/air/Downloads/Ненецкие аудио/data/009_340180.34375_347200.34375.wav,"ядба""на"" ӈамгэ' нямна лаханорцада"" тохоламбадида мунзи"" пыдо' ядвандо' сер' хибяндо' ӈарка ӈэвам' тасламбиць"
/Users/air/Downloads/Ненецкие аудио/data/009_348381.59375000006_356430.96875000006.wav,"иисус ӈамды"" юкад вата сидя тохоламбадамда нянда ханъяда вахалъй"" хибя нерденяӈэ хэван' харва"
/Users/air/Downloads/Ненецкие аудио/data/009_357089.09375_364480.34375.wav,"тикы ӈули"" пудана ӈэӈгу хусувэй ненэця' манзаранаӈэ тараӈгу пыда ӈацекым' ня""ма поӈгандо' нултада"
/Users/air/Downloads/Ненецкие аудио/data/009_365155.34375_373474.71875.wav,"ӈацекым' севолкая няндо' ма хибя тюку' то""лаха ӈопой ӈацекым' мань е""эмняни нянда тэвраӈгу тикы си""ми сёнзянда мю' ня""маӈгу"
/Users/air/Downloads/Ненецкие аудио/data/009_374234.09375_382249.71875.wav,"си""ми сёнзянда мю' ня""мавы си""лими вуни ня""маӈгу"" мань хавнани си""ми ӈэдаранам' ня""маӈгу"" нив' иоанн нянда ма"
/Users/air/Downloads/Ненецкие аудио/data/009_383160.96875000006_392729.09375.wav,"сидна"" тохоламбадава"" маня"" ӈоб"" ненэцям' манэ""ӈаваць пыда пыдар нюмд няд""мяць ӈылекы питарпись пыда нянана"" ниню"" ядэр"" ӈадьбя""на"" маня"" таб""лаваць"
/Users/air/Downloads/Ненецкие аудио/data/009_393370.34375_402246.5937500001.wav,"иисус няндо' ма нёра"" таб""ламбю"" хибя нюмми няд""мяць мутрам' сертаӈгу тикы мань си""ми тэри вэнзер' ни вадет"""
/Users/air/Downloads/Ненецкие аудио/data/009_403394.09375_410903.46875.wav,"хибя няна"" ни вэнзумдю"" тикы няна"" нята ненэся нянда"" мадм' пыдара"" христосхад переванда"" нид"
/Users/air/Downloads/Ненецкие аудио/data/009_411578.46875_416100.9687500001.wav,"хибя нянда"" мань е""эмняни итамда"" тата тикы ненэць' ӈуда' терси"" ни хаёд"""
/Users/air/Downloads/Ненецкие аудио/data/009_417670.34375_424825.34375.wav,"хибя пунрёбцода тянё ненэцям' вэвако серт' тэвраӈгу тикы ненэцям' ӈарка манябэм' иканда тяха' сярхая яв' ит' моб"" сава"
/Users/air/Downloads/Ненецкие аудио/data/009_426259.7187500001_435777.21875.wav,"ӈуданд сит хэбяхан' тэвраб"" ӈудар сапад сидя ӈудахана я' ӈыл' ӈоб' тута тун' тэвванд екававна та' екававна вае"" ӈудахана иланд' тэвад"""
/Users/air/Downloads/Ненецкие аудио/data/009_436688.46875_442847.84375.wav,"таняна халы ни хаӈг"" ту ни хабтюр"" ӈэнд сит хэбяхан' тэврамбаб"" ӈэр сапад"
/Users/air/Downloads/Ненецкие аудио/data/009_443927.84375_452972.84375.wav,"сидя ӈэмд мэць я' ӈыл' тэвванд екававна та' екававна вае"" ӈэхэна иланд' тэваб"" сава я' ӈылна халы ни хаӈг"" ту ни хабтюр"""
/Users/air/Downloads/Ненецкие аудио/data/009_453884.09375_459992.84375.wav," сэванд сит хэбяхан' тэврамбаб"" сэвар тюхулт сидя сэвмд мэць я' ӈыл' тэвванд екававна"
/Users/air/Downloads/Ненецкие аудио/data/009_460583.46875_467046.59375000006.wav,"та' екававна вае"" сэвм' мэць нум' параӈода' ян' тэваб"" сава я' ӈылна халы ни хаӈг"" ту ни хабтюр"""
/Users/air/Downloads/Ненецкие аудио/data/009_468312.21875000006_477154.71875.wav,"сэротавы хан' тотрев' хусувэй хибя тухуна хабтумдавы ӈэӈгу сэр"" сава ӈамгэ ӈопой сэр"" ӈавыцябата ханзер"" ӈавыта хамэдаӈгура"""
/Users/air/Downloads/Ненецкие аудио/data/008_3321.5937500000005_11691.593750000004.wav,"та' мальӈгы яляха""на иисусан' ӈока ненэця"" ӈани' ма""лыць пыдо' ӈамандадо' яӈговы иисус тохоламбадида хаӈгая няндо' ма"
/Users/air/Downloads/Ненецкие аудио/data/008_12248.46875_17732.84375.wav,"няхар"" яля' ямбан' ӈаварципой"" нянани мэна"" ненэця"" сяялы"" ханяӈыдо' ӈа""и яхат товы"""
/Users/air/Downloads/Ненецкие аудио/data/008_18475.34375_24179.09375.wav,"ӈавормадавэй' мякато' ӈэдараб""нани сехэрэндо' мюня выдараӈгу"" тохоламбадида нянда ма"""
/Users/air/Downloads/Ненецкие аудио/data/008_25124.09375_34169.09375.wav,"тюку терсяда яхана хибя ханяд тикы ненэцие ӈавлава' пирувна таӈок няньм' хось пирта пыда сиддо' хонра сяӈок няньра"" пыдо' ма"""
/Users/air/Downloads/Ненецкие аудио/data/008_35063.46875_41492.84375000001.wav,"си""ив тикан да иисус ненэцие я' ни' ӈамда табэдэйда тад тикахад си""ив няньм' ня""махая"
/Users/air/Downloads/Ненецкие аудио/data/008_42319.71875_50301.59375.wav,"нумд' сава вади ха""авра""махаданда нянё мардэйда нянё"" ютек харта тохоламбадахата ми""йда ненэцяӈг"" ми терць табэдэйда пыдо' ӈани' ненэцяӈг"" тяръя до'"
/Users/air/Downloads/Ненецкие аудио/data/008_50892.21875000001_58755.96875.wav,"мале сян халякодо' ӈани' танявы сава ва дам' нумд' ха""аврахая иисус ӈобтарем' митерць табэдэйда тикандо' малебыхындо' ӈаворӈаць хаёвэхэтато' си""ив паӈгалмы ед' тер ӈавар"" ютек ма""ла"""
/Users/air/Downloads/Ненецкие аудио/data/008_59430.96875000001_68324.09375.wav,ӈокханда тет ёнар' пир ненэць' ӈэвы тадтикахад иисус сиддо' ӈэдара
/Users/air/Downloads/Ненецкие аудио/data/008_69201.59375_80052.21875000001.wav,"таминда харта тохоламбадита ня' ӈано' мю' тияд"" далмануфа' я' няю' хая"" иисусан' фарисей"" то"" нянанда тасалко пэяд"""
/Users/air/Downloads/Ненецкие аудио/data/008_80845.34375_89367.21875.wav,"сита хорман' харвавандо' нид ненадом' манэ""лаб тавамда хаӈаць иисус пэдёмда ӈахат нэкалкая ма тюку ила' ёльцьӈгы ненэця"" ӈамгэ ненадом' манэ""ман' харва"""
/Users/air/Downloads/Ненецкие аудио/data/008_90109.71875_98766.59375.wav,"ненэся ини ядан' мадм' тюку ненэцяӈг"" ненадо' хурка ӈэва сяхаӈгарт' ни ӈа димд"" сиддо' хаехая иисус ӈани' ӈанохонда тий"""
/Users/air/Downloads/Ненецкие аудио/data/008_99627.21875_107187.21875.wav,"то' тяханя' хая тохоламбадида ӈаварм' сода юрвы"" ӈанондо' мюня ӈопойри няньм' нянандо' содавы"""
/Users/air/Downloads/Ненецкие аудио/data/008_107811.59375_112755.96875.wav,"иисус няндо' тарем' табекурӈа сырӈада"" фарисей"" тимдеӈгосьхад ирод' тимдеӈгосьхад тосада"" тохоламбадида помнандо' тасалко лахана"""
/Users/air/Downloads/Ненецкие аудио/data/008_113363.46875_122847.21875.wav,"няньна"" яӈгова' нид тарем' мандакы ӈамгэм' ваде""мамдо' иисус ихинянда таслада"
/Users/air/Downloads/Ненецкие аудио/data/008_124112.84375_133292.84375.wav,"хонарку нянянда"" яӈговам' ваде""ӈада"" ӈамгэхэртм' тамна нида"" мание"" ӈамгэхэртм' тамна нида"" хамэда"" сёнзьта"" мюня сейда"" ӈоб' хоны"""
/Users/air/Downloads/Ненецкие аудио/data/008_133934.09375000003_142455.96875.wav,"сэвта"" таня ӈамгэхэртм' нида"" мание"" хавота"" таня ӈамгэхэртм' нида"" намдор"" ӈамгэхэртм' нида"" тене"" самляӈг няньм' самляӈг ёнар"" ненэцянд' мардамбавани мальӈгана сяӈок паӈгалмы ед' тер нянё"" ютек ма""ласада"""
/Users/air/Downloads/Ненецкие аудио/data/008_143400.96875_151737.21875.wav," пыдо' нянда ма"" юкад вата сидя"
/Users/air/Downloads/Ненецкие аудио/data/008_152513.46875000003_162182.84375000003.wav,"иисус ӈани' ма си""ив няньхана тет ёнар"" ненэцям' ӈавлавани мальӈгана сяӈок панта паӈгалмы едм' тердесада"" пыдо' ма"" ни""им' си""ив"
/Users/air/Downloads/Ненецкие аудио/data/008_163195.34375_168038.46875000003.wav,"тамна тяха' няндо' ма ханзер"" тикамда"" тамна нира"" хамэдамбю"" вифсаидан' тэввандо' мальӈгана ханяӈы ненэця"" иисусан' сэвсядам' тэвра"" ӈудида нинда лабцебтеванда е""эмня иисусм' хынумби"""
/Users/air/Downloads/Ненецкие аудио/data/008_170114.09375000003_177690.96875000003.wav,"иисус сэвсядам' ӈудахаданда ня""махая харад' хэвня' ханада"
/Users/air/Downloads/Ненецкие аудио/data/008_178467.21875_187647.21875.wav,сэвхата сабцяда тадтикахад ӈудида лабцебтехэя сита хонра ӈамгэхэвам' маниен хаӈгурта ӈэвамда илахая ма
/Users/air/Downloads/Ненецкие аудио/data/008_188372.84375_196287.21875.wav,"ненэцие маниедм' пядарев' вэӈгалё ядэрӈа"" тиканда иисус ӈани' ӈудида сэвхата лабцебтейда хаӈгурта савамбовна сылы"""
/Users/air/Downloads/Ненецкие аудио/data/008_197080.34375000006_205754.09375.wav,"сензумы хусувэй ӈамгэм' сававна мание тадтикахад сита мяканда ӈэдараванда сер' иисус тарем' ма харад' ӈысывна нён хань"""
/Users/air/Downloads/Ненецкие аудио/data/008_206665.34375_215102.84375.wav,"тиканда иисус харта тохоламбадита ня' кесария филипп' я' хэвхана ӈэда хардо""мана хая"" сехэрэвна ядвандо' сер' тохоламбадида хонрамби"
/Users/air/Downloads/Ненецкие аудио/data/008_215895.96875_222696.59375.wav,"ненэця"" си""ми хибяӈэ пэрӈа"" пыдо' нянда ма"" ханяӈы"" хэхэдаӈгода иоаннаӈэ пэрӈа"""
/Users/air/Downloads/Ненецкие аудио/data/008_223759.71875_228687.21875000003.wav,"ӈани ханяӈыдо' илияӈэ тамна ӈани ханяӈыдо' нум' вади вадети"" ӈопойӈэ сит пэрӈа"""
/Users/air/Downloads/Ненецкие аудио/data/008_229632.21875_239250.96875000003.wav,"пыда няндо' ма пыдара"" ӈани' си""ми хибяӈэ пэрӈада"" петр нянда ма"
/Users/air/Downloads/Ненецкие аудио/data/008_240044.09375_249460.34375.wav,"пыдар христосан тиканда иисус хибяхартан' сита вадець нись табэда"" тадтикахад иисус тохоламбадида тарем' тохоламба пяйда"
/Users/air/Downloads/Ненецкие аудио/data/008_250169.09375_258404.09375000003.wav,"ненэця' ню ӈока маям' хованда ненэцие"" ӈаркта"" ханондани"" ӈаркта"" моисей' ватом' теневана"" сита волтамбаӈгу"""
/Users/air/Downloads/Ненецкие аудио/data/008_259399.71875000003_266875.34375.wav,"тадтикахад сита маядаӈгу"" пыда ӈани' няхар"" яля' пирка""на илеӈгу"" иисус тикы' нямна ӈадя ирт"" ма"
/Users/air/Downloads/Ненецкие аудио/data/008_267887.84375_277152.21875000006.wav,"петр ӈани' хэвняку' сита хаӈгая тэдорць пэй"" иисус ӈани' ёӈгамгая тохоламбадахата сырць петрм' тэдорӈада тарем' ма"
/Users/air/Downloads/Ненецкие аудио/data/008_277911.59375_284374.71875.wav,"сатана сэвни тяха' хань"" пыдар нум' серо"" нямна ир ни ядэр"" ненэциели"" ила' нямна ибедорӈан"
/Users/air/Downloads/Ненецкие аудио/data/008_285100.34375000006_289234.71875.wav,тадтикахад иисус ненэцие харта тохоламбадида нянда хаӈгая ма
/Users/air/Downloads/Ненецкие аудио/data/008_289892.84375_295866.59375.wav,хибя пумнани тован' харва пыхыдамда юрахая харта лярць' пямда мине пумнани тоя
/Users/air/Downloads/Ненецкие аудио/data/008_296980.34375000006_300574.71875000006.wav,хибя харта илалимда ӈэдаван' харва тарця ненэць' иламда ётада
/Users/air/Downloads/Ненецкие аудио/data/008_301671.59375_307257.21875.wav,"хибя мань' е""эмняни маймбабцо юн' е""эмня иламда ёта тикы харта иламда ӈэдаӈгуда"
/Users/air/Downloads/Ненецкие аудио/data/008_308202.21875000006_316825.34375.wav,"яндир' ний хусувэй ӈамгэм' ня""ма""махаданда харта иламда ё""пата нянанда тарода таняӈав' ненэць' иламда ӈамгэхэна тадаӈгуда"
/Users/air/Downloads/Ненецкие аудио/data/008_318225.96875_323220.96875.wav,теда' пунрёсьда хэбяхасавэй илӈгана хибя нядни вадахатани сядоларамбабта
/Users/air/Downloads/Ненецкие аудио/data/008_323980.34375000006_332232.21875.wav,ненэця' нюӈэ нюмдебада нисянда ӈармдёвам' мэць хэбидя нув' юне ядэлани няць тованда мальӈгана нядандо' ӈобтарем' сядоларамбаӈгу
/Users/air/Downloads/Ненецкие аудио/data/005_7118.46875_14425.34375.wav,"иисус ӈанонда мюд ян' ха""ма""махаданда неранда няд хальмер"" яхад товы ня""маравы не нэць' минханда сита ядабта"
/Users/air/Downloads/Ненецкие аудио/data/005_15420.96875_22069.71875.wav,"пэ' хоркадёхо""на ӈэда хальмераха""на илесетвы хибяхарт еся иняхар таха""на сита сяра я""амвы"
/Users/air/Downloads/Ненецкие аудио/data/005_22795.34375_27908.46875.wav,"ӈока мэва' ӈэда еся ха""на ядыбавыдо' ӈудида еся иняха""на сярыбавы до'"
/Users/air/Downloads/Ненецкие аудио/data/005_28752.21875_34793.46875.wav,"еся ин ныдпавыда еся таман тахабтамбавыда хибяхарт сита янимде нивы пирас"""
/Users/air/Downloads/Ненецкие аудио/data/005_35299.71875000001_41205.96875.wav,"пыда пэ хой ха""на хальмер"" поӈгана писавэй ялэ"" тюрыцетвы пыхыдамда пэхэ"" ладорпавэда"
/Users/air/Downloads/Ненецкие аудио/data/005_42319.71875_50470.34375000001.wav,"ӈа""и яхад иисусм' манэ""манда сер' неранда няд сюрмба пулыта ни' ха""мы"" ӈэвада нибко""ӈа ӈули"" ӈаркавна тюрыць ма"
/Users/air/Downloads/Ненецкие аудио/data/005_51044.09375_59920.34375.wav,"самянхат ӈарка нум' ню иисус нянани ӈамгэ сел таня нум' ед' хынумдадм' си""ми нён маядамбю"""
/Users/air/Downloads/Ненецкие аудио/data/005_60780.96875000001_66062.84375.wav,"вахало""манда нерня иисус нянда тарем' мамысь ӈылека ненэця' сёнзя' мюд тар пад"""
/Users/air/Downloads/Ненецкие аудио/data/005_66889.71875_74449.71875.wav," ӈадьбята ня""маравы иисусан' тарем' лаха навы тадтикахад иисус сита хонра нюмл ӈам гэ ӈылека тарем' ма"
/Users/air/Downloads/Ненецкие аудио/data/005_75495.96875_83629.71875000001.wav,"мань нюмми легион маня"" ӈокава"" ӈылека иисусан' хынумда ма сидна"" тюку яхад хэвня' нён питарпю"""
/Users/air/Downloads/Ненецкие аудио/data/005_85182.21875_95037.21875.wav,"хой' хэвхана парась"" мандал"" хадырмы"" ӈылека"" хынумда нянда ма"" сидна"" парась"" сёнзя' мю' пакалць ӈэдара""ма иисус минханда"
/Users/air/Downloads/Ненецкие аудио/data/005_95577.21875_102209.09375.wav,"вадито' сер' сертада тикаринда ӈод"" ӈылека"" ненэцяӈгад тарп""махадандо' парась"" сёнзя' мю' пакалъяд"""
/Users/air/Downloads/Ненецкие аудио/data/005_103069.71875_108672.21875.wav,"сидя ёнар' мян' парась хой' ядхад то' ит' мялкада"" мал' то' икана хабтюмя"""
/Users/air/Downloads/Ненецкие аудио/data/005_109549.71875_118999.71875.wav,"парась лэтамбавы"" харад' ня' ӈысы"" ня' хунамба хая"" ӈамгэ' хадкэ""мам' ваде""ӈадо' ненэця"" тикым' манэ""манзь тарпыд"""
/Users/air/Downloads/Ненецкие аудио/data/005_120030.22063216903_125736.19859724845.wav,"иисусан' то"" сырӈа"" ня""маравы ӈамды ембды"
/Users/air/Downloads/Ненецкие аудио/data/005_126834.78625779388_136144.71875.wav,"ӈахат ӈыхыхында ха""амвы"" ненэцие"" сейдо' хая"" хадкэвы серо манэ""мы"" ненэця"" ня""маравы' сензумам'"
/Users/air/Downloads/Ненецкие аудио/data/005_136718.46875_145763.46875000003.wav,"парась"" хавам' тамна тяха' няхато' ваде""ядо' тикы иле""ми намд""махадандо' ненэця"" иисусм' яхадандо' хэвня' хэсь хынумбидо'"
/Users/air/Downloads/Ненецкие аудио/data/005_146792.84375_156293.46875000003.wav,"иисус' ӈанонда мю' ти""мяхад ня""маравы ненэць' тарем' ма нянанд мэван' харвадм' иисус сита ханаван' нивы харва"" тарем' ма"
/Users/air/Downloads/Ненецкие аудио/data/005_161254.71875000003_171447.21875000003.wav,"сяё""мям' няхат вадет хэ""мяхаданда иисус' сита ханзер"" мэ""мам' ю"" марад' я' ӈардан' вадець пяйда ваде""мэхэта мал' пысаӈгаць"
/Users/air/Downloads/Ненецкие аудио/data/005_173657.84375_181504.71875.wav,"иисус ӈанохона то' тяханя' ӈани' пуня' сало""махаданда ӈока ненэця"" хэвханда мандалъядаць пыда то' хэвхана мэсь"
/Users/air/Downloads/Ненецкие аудио/data/005_182432.84375_186752.84375.wav,"та' мальӈгана ма""люӈгалава мяд' ервхат иаирм' нюбетадо' то"
/Users/air/Downloads/Ненецкие аудио/data/005_187630.34375_195089.09375.wav,"иисусм' манэць неранда няд пулыта ни' ха""мы"" сита ӈули"" ханзь тарем' ма не нюни яӈгумарида хаи ту""ма"
/Users/air/Downloads/Ненецкие аудио/data/005_195899.09375_201872.84375.wav,"савуманда е""эмня иле хаёванда е""эмня ӈудид нинда мэн""ма"" иисус нянанда хая"
/Users/air/Downloads/Ненецкие аудио/data/005_202767.21875_212976.59375.wav,"сита ненэцие"" мандал"" нёдалӈа"" ханядтаняд сита тыеромдаба пя"" мандалмы ненэцие"" поӈгана юкад вата сидя по' ямбан' понзи"" ирытормы не мэвы"
/Users/air/Downloads/Ненецкие аудио/data/005_213989.09375_220148.46875.wav,"хуркари лекарахат маяӈо хомба ӈаворида мал' тароси"" сад""мыда хабцянда ханяцей' сахамы"
/Users/air/Downloads/Ненецкие аудио/data/005_221397.21875_228518.46875.wav,"иисус' сертабада серо"" юнм' намд""махаданда не ихинянда ма панэхэртаханда тирцядаб""ни савумдадм'"
/Users/air/Downloads/Ненецкие аудио/data/005_229075.34375_234998.46875000003.wav,"ӈадьбята ненэцие"" помна пунда няд ембдярканда тирцяда хамдумбадада таминда мацяда"
/Users/air/Downloads/Ненецкие аудио/data/005_235724.09375_244684.71875.wav,хабцянда савумам' пыхыдавнанда минханда хамэдада иисус та' мальӈгана пыхыдахаданда ныхында тарпавам' хамэдавэда
/Users/air/Downloads/Ненецкие аудио/data/005_245528.46875_252514.71875.wav,"мандалмы ненэцие"" няю' сюрхалкая тарем' ма панэхэ""ни хибя тирцяда тохоламбадида нянда ма"""
/Users/air/Downloads/Ненецкие аудио/data/005_253240.34375_261542.84375000003.wav,"ненэцие"" сит тыеромдабавам' маниеранё"" тарем' ӈод"" ман хибя няни тирцяда пыда нянда тирцядавым' пюрць сидя хэвувнанда сырӈа"
/Users/air/Downloads/Ненецкие аудио/data/005_262369.71875_270503.46875.wav,"ӈамгэ' хадкэ""мам' тенева не сеянда пина ледре неранда няд пулыта ни' мо""нэй"" серта сер' мал' ваде""яда"
/Users/air/Downloads/Ненецкие аудио/data/005_271127.84375_278924.09375.wav,"иисус нянда ма ебтов"" нумд' пунрёвар сит ӈэда инд таӈга хань"" хабцяӈгаданд сензув"""
/Users/air/Downloads/Ненецкие аудио/data/005_279784.71875_287091.59375.wav,"иисус' тамна лахарёмда малевдавэй' ма""люӈгалава мяд' ерв' мякад товы ненэця"" иаирт' ма"" не нюр яӈгума"
/Users/air/Downloads/Ненецкие аудио/data/005_287597.84375000006_296001.59375000006.wav,"ӈамгэ тамна сит тохоламбадам' яебтамбир ниня инзеленадарев' иисус ма""люӈгалава мяд' ерван' ма нён пин"" валакада пунрю"""
/Users/air/Downloads/Ненецкие аудио/data/005_296946.59375000006_304304.09375.wav,"нянанда петр' иаков' иоанн' иаков' папако' хавна хибяхартм' пумнанда тось ни табэда"""
/Users/air/Downloads/Ненецкие аудио/data/005_305046.59375_313754.09375000006.wav,"ма""люӈгалава мяд' ерв' мят' тю"" маяӈгана мэна ярта тюрыта ненэцие иисус манэ""ӈа тюванда сер' ма"
/Users/air/Downloads/Ненецкие аудио/data/005_314715.96875_322174.71875.wav,"ӈамгэ маяндорӈада"" ӈамгэ ярӈада"" не ӈацекы нивынё"" яӈгув"" хонынё"" сита писяда пя"""
/Users/air/Downloads/Ненецкие аудио/data/005_322883.46875_330826.84009442804.wav,"иисус ненэцие мал' пин' ӈэдара""махаданда не ӈацекы' небяха'нисяха' ня' няхар"" тохоламбадамда няць не ӈацекы' мэсь' лохон' тю"""
/Users/air/Downloads/Ненецкие аудио/data/005_331378.1805535236_338391.59375.wav,"иисус не ӈацекым' ӈудахаданда ня""махая нянда ма талифакум тикы вадита хамэдито' тарця"
/Users/air/Downloads/Ненецкие аудио/data/005_338999.09375000006_348617.84375.wav,"ебцотов"" нянд мадм' юркад"" не ӈацекы тикаринда ӈод"" юркы"" ядэрць пяда пыда юкад вата сидям' пота не ӈацекы ӈэвы"
/Users/air/Downloads/Ненецкие аудио/data/005_349461.59375_357291.59375.wav,"ненэця"" ӈули"" пысэйд"" иисус я""авла табеко ма хибяхартан' тикы серо нёйда"" вадес"" не ӈацекым' ӈавлара"""
/Users/air/Downloads/Ненецкие аудио/data/002_2832.21875_7979.09375.wav,"сян яля' пирка""на иисус ӈани' капернауман' то мякананда мэвамда ненэця"" намдадо'"
/Users/air/Downloads/Ненецкие аудио/data/002_8924.09375_15134.093750000002.wav,"ненэцие"" та' пирувна ӈока ӈэвандо' нид нё' си' хэвхартахана нусь ядо' яӈговы пыда няндо' вадида мэ""ӈа"
/Users/air/Downloads/Ненецкие аудио/data/002_15876.59375_21968.46875.wav,"мале сян ненэць' хэвда хабэй нямдо' нянда тэвра"" нямдо' минренаӈэ тет ненэць' таравы"""
/Users/air/Downloads/Ненецкие аудио/data/002_22795.34375_32582.843750000004.wav,"ненэцие"" ӈока ӈэва' нид иисусан' тэвва серта ӈоб' яӈговы ӈадьбята иисус' мэсь' я' ний харад' ӈэва' нийм' сабкадо' ниймда ха""аврадо'"
/Users/air/Downloads/Ненецкие аудио/data/002_33257.84375_42454.71875000001.wav,"хэвда хабэйм' пэӈасавэй' таси' ӈэдарадо' иисус нянда пунрёвамдо' манэ""манда сер' хэвда хабэйн' ма ебта' хэбяхыд ха""мыд"""
/Users/air/Downloads/Ненецкие аудио/data/002_43332.21875_52596.59375.wav," мале сян моисей' ватом' теневана тикахана ӈамдёвы"" ибето' ӈыл' тарем' ибедорӈа"" ӈамгэ пыда тарем' лахана пыда нувм' вэву""ӈа"
/Users/air/Downloads/Ненецкие аудио/data/002_53406.59375000001_60949.71875.wav,"нумли' хавна хибя ненэцие"" хэбяхы ха""авра пир""яда иисус инда ӈыл' ибето' ядэрабцу минханда хамэдэйда няндо' ма"
/Users/air/Downloads/Ненецкие аудио/data/002_61827.21875_70754.09375000001.wav,"пыдара"" ӈамгэ ибета"" ӈыл' тикы"" нямна ибедорӈада"" хэвда хабэйн' ханяӈэюм' вадам' хэта нензеллаха хэбяхыд ха""мыд"""
/Users/air/Downloads/Ненецкие аудио/data/002_71277.21875_80102.84375.wav,"нябиюм' вада тарця юркад"" пэӈар хана"" ядэр"" теневаванда"" нямна я' сяр' ниня ненэця' ню' хэбяхы ха""аврамба ныхыда таня"
/Users/air/Downloads/Ненецкие аудио/data/002_80828.46875_89603.46875.wav,"тадтикахад хэвда хабэйн' ма мань нянд мадм' юркад"" пэӈар хана"" мяканд хань"" хэвда хабэй тикаринда ӈод"" юркы"""
/Users/air/Downloads/Ненецкие аудио/data/002_90261.59375_98074.71875.wav,"ӈока нита сыртан' пэӈамда содахая тарпы"" ненэця"" мал' тэри пысэйд"" нувм' саву""ӈа"" ма"""
/Users/air/Downloads/Ненецкие аудио/data/002_98918.46875_107828.46875.wav,"тарцям' манэсо""мава"" сяхаӈгарт' яӈгусь иисус ӈани' то' ня' хая ненэця"" мал' нянда то"" пыда сиддо' тохоламби"
/Users/air/Downloads/Ненецкие аудио/data/002_108587.84375_117092.84375.wav,"иисус миманда сер' ӈэва' мирм' ма""ламбалавахана ӈамдёда алфеев' нюм' левийм' манэ""ӈа иисус нянда ма пумнани ту"""
/Users/air/Downloads/Ненецкие аудио/data/002_118223.46875_127335.96875.wav," левий юркы"" пумнанда пяда иисус левий' мякана ӈаворманда мальӈгана ӈэва' мирм' ма""ламбада"" хэбяхасавэй ненэця"" таняна мэвы"""
/Users/air/Downloads/Ненецкие аудио/data/002_128382.21875000001_136499.09375.wav,"пыдо' иисусм' иисус' тохоламбади няць ӈобкана ӈаворӈа"" пыдо' ӈока"" ӈэвы"" иисус' пумна минзетвы"""
/Users/air/Downloads/Ненецкие аудио/data/002_137629.71875_147855.96875000003.wav,"иисус' ӈэва' мирм' ма""ламбадаха""на хэбяхасавэй ненэцяӈга""на ӈавор""мам' манэць моисей' ватом' теневана"" фарисей"" иисус' тохоламбади хонра"""
/Users/air/Downloads/Ненецкие аудио/data/002_148800.96875_158099.09375.wav,"ӈамгэ пыда ӈэва' мирм' ма""ламбади хэбяхасавэй ненэцие няць ӈаворӈа тарця вади намда иисус вахалъй"" сензха""на лекар' тарабцода яӈгу"
/Users/air/Downloads/Ненецкие аудио/data/002_158723.46875000003_164950.34375.wav,"хаӈгуртаха""на тара ирт"" ӈэда ненэцие хаманзь вунзядм' ту"" хэбяхасавэй ненэцие"" е""эмня тодамзь"
/Users/air/Downloads/Ненецкие аудио/data/002_166654.71875_176104.71875000003.wav,"ӈобӈгуна иоанн' тохоламбада"" фарисей"" нива ӈавормам' мэ""мандо' ёльцьӈгана иисусан' ненэця"" то"" хонарку"" иоанн' тохоламбада"""
/Users/air/Downloads/Ненецкие аудио/data/002_176745.96875_184035.96875.wav,"фарисей"" нива ӈавормамдо' мэ""ӈа"" пыдар тохоламбадид ӈамгэ нива ӈавормам' ни"" мэс"" иисус няндо' тарем' ма"
/Users/air/Downloads/Ненецкие аудио/data/002_184947.21875_193215.96875.wav,"тюва' ёльцьӈгана нелеванда хасава' мядонда"" нива ӈавормам' мэцеты"" нелеванда хасава' нянандо' мэва' ӈэсонд' нива ӈавормамдо' мэць нидо' пирас"""
/Users/air/Downloads/Ненецкие аудио/data/002_194312.84375_203003.46875.wav,"нелеванда хасавам' нядандо' ханава' ёльця' тоб"" та' мальӈгана тикы яляхана нива ӈавормамдо' мэтадо' ӈахат панэн' хибяхарт едэй емнь""мям' ни лабцеӈгу"""
/Users/air/Downloads/Ненецкие аудио/data/002_203678.46875_210917.84375.wav,"тиканда едэй лабце""мя туркаванда сер' таӈохэй паны' пелям' нянда ныхыбаӈгуда сида ханяцей' ӈарамда"
/Users/air/Downloads/Ненецкие аудио/data/002_212166.59375_221768.46875.wav,"тандая' сертавы ябе идм' хибяхарт ӈахат хоба ӈэсянд' нида сюрпасету"" тикахана ябе и"" ӈэсямда ӈадтада ябе и"" вабтомда"
/Users/air/Downloads/Ненецкие аудио/data/002_222342.21875_228400.34375.wav,"ӈэсянда ӈод"" вомда ӈадьбята едэй ябе и"" едэй хоба ӈэся' мю' хамдпада"
/Users/air/Downloads/Ненецкие аудио/data/002_230577.21875_240280.34375.wav,"ӈобӈгуна еврей"" ныланава яляхана иисус нянь' ӈуво"" вадюлававна ядэрӈа тохоламбадида ядвандо' сер' нянь' ӈуво"" сэв ныдпа пя"""
/Users/air/Downloads/Ненецкие аудио/data/002_241090.34375_249308.46875.wav,"фарисей"" сита хонра"" сыр"" тохоламбадид ӈамгэ еврей"" ныланава яляхана ниня серота серо пэрӈа"" пыда няндо' ма"
/Users/air/Downloads/Ненецкие аудио/data/002_250287.21875_258049.71875.wav,"пыдара"" сяхаӈгарт' нисяра"" толабю"" маӈг' ёльцьӈгана ӈаворцявандо' мальӈгана давид ня""мы нита ня' ханзер"" ӈэвы"""
/Users/air/Downloads/Ненецкие аудио/data/002_258994.71875_267550.34375.wav,"авиафар' ӈарка ханондана ӈэванда мальӈгана давид нум' мят' тювы хано"" нянё ӈавормы няхата ӈод"" мипавы"
/Users/air/Downloads/Ненецкие аудио/data/002_268647.21875000006_277776.59375.wav,"тикы ӈавар нумд' ханонданари"" ӈаворцетвыдо' тадтикахад иисус фарисейха"" ма еврей"" ныланава яля ненэця' е""эмня таславы"
/Users/air/Downloads/Ненецкие аудио/data/002_278586.59375_286062.21875.wav,"ненэць' еврей"" ныланава яля' е""эмня ӈадимы ни ӈа"" ӈадьбята ненэця' ню ӈобтарем' еврей"" ныланава яля' ерв"
/Users/air/Downloads/Ненецкие аудио/data/010_3119.09375_12299.09375.wav,"таняд хэ""мяхаданда иисус иудея' ян' иордан' яха' тяханяӈы ё"" няю' нэкалӈада пыда нянда ӈани' ӈока ненэцие"" мандал"" миӈаць"
/Users/air/Downloads/Ненецкие аудио/data/010_13463.46875_21411.59375.wav,"пыда ӈахат харта серта сер' сиддо' тохоламба пя тадхава нянда мале сян фарисей то"" сита хорпа тарем' хонарку"""
/Users/air/Downloads/Ненецкие аудио/data/010_22305.96875_31030.34375.wav,"хасава немда хаебта серо""ӈа иисус няцейндо' хонарку моисей хасае нянда"" ӈамгэм' табэдамбаса пыдо' ма"" ни""им'"
/Users/air/Downloads/Ненецкие аудио/data/010_31907.84375_38168.46875.wav,"моисей' табекохона тодо' яха"" хэсь падарм' мисо""махад нем' хае серо""ӈа иисус пуня' няндо' тарем' ма"
/Users/air/Downloads/Ненецкие аудио/data/010_43197.21875000001_50234.09375.wav,"ӈабцакаванда ӈули"" нюрте""э' ям' миделеванда мальӈгана нум' хасава' тэнзӈэ не' тэнзӈэ ненэцие сертавы"
/Users/air/Downloads/Ненецкие аудио/data/010_51060.96875_57574.71875.wav,"ӈадьбята ненэць' небямданисямда хае""мяхаданда нехэданда переӈгу пыди' ӈопой пыхыдаӈэ хандӈаха'"
/Users/air/Downloads/Ненецкие аудио/data/010_58570.34375000001_66906.59375.wav,"ти пыди' сидя ненэць' нихи' ӈа"" ӈопой ненэцяӈг' харада тарця нум' ӈобт' тэвравым' ненэць' тодо' яха"" нида мэӈгу"""
/Users/air/Downloads/Ненецкие аудио/data/010_67784.09375000001_75276.59375.wav,"мякана тохоламбадида тикы' нямна сита ӈани' хонрамби"" иисус няндо' ма хибя немда хае""мяхаданда ӈани нем' мэӈгу"
/Users/air/Downloads/Ненецкие аудио/data/010_75884.09375_85435.34375.wav,"тикы ӈахат нехэнда мэ""мы ватомда мадахая хэбяха серм' серта неюм' хасавамда хае""мяхаданда ӈани хасавахана хэбтя ӈобтикы тарця хэбяха серм' серта"
/Users/air/Downloads/Ненецкие аудио/data/010_87004.71875000001_95357.84375.wav,"иисус' ӈуди"" ӈацекэхэто' тебва' е""эмня ненэця"" ӈацекыдо' нянда тэврамбидо' тохоламбадида ӈацекы тэволани нянда нидо' ӈэдарамбю"""
/Users/air/Downloads/Ненецкие аудио/data/010_96252.21875_103154.09375.wav,"иисус тарця серм' манэць нерцилы"" няндо' ма ӈацекы няни ӈэдарамбида"" нёйда"" марембю"""
/Users/air/Downloads/Ненецкие аудио/data/010_107237.84375_114004.71875.wav,"ненэся нянда"" мадм' хибя ӈацекэдрев' нум' параӈода' я' таняван' ни пунраӈгу"" тикы таня' ни еремд"""
/Users/air/Downloads/Ненецкие аудио/data/010_114831.59375_124399.71875.wav,"ӈацекы севоло""махаданда ӈудида нимняндо' мэйда нумгад ӈэда сава вади хэта иисус пин' тарпаванда сер' неранда няд хибяхав пулыта ни' мо""нэй"""
/Users/air/Downloads/Ненецкие аудио/data/010_125142.21875_132668.46875000003.wav,"сита хонра сава си""ми тохоламбадами малсяда илм' ня""амвани е""эмня ӈамгэм' сертаб""ни сава иисус ма"" нив'"
/Users/air/Downloads/Ненецкие аудио/data/010_133647.21875_142388.46875000003.wav,"ӈамгэ' е""эмня си""ми саваӈэ нюмдебин нум' хавна хибяхарт сава ни ӈа"" ӈопой нумли сава табеку теневыд нён хавыд"""
/Users/air/Downloads/Ненецкие аудио/data/010_142911.59375_151180.34375000003.wav,"нён сае"" нён талэр"" нён нельтеӈгур"" ненэцяӈг"" нён вэнзумдю"" небяхаюднисяхаюд ӈарабцус"""
/Users/air/Downloads/Ненецкие аудио/data/010_152024.09375000003_161136.59375.wav,"пыда ӈо"" нянда ма си""ми тохоламбадами тикы вадид ӈацекы ӈэвани мальӈгэхэд мал' нёдэйн иисус нянда сылаванда сер' сялилӈада"
/Users/air/Downloads/Ненецкие аудио/data/010_161963.46875_168375.96875.wav,"манзь ханада ӈопой пуня' сит пэртар таня теда' хань"" сямян таняна ӈаворид мал' мирдасан"""
/Users/air/Downloads/Ненецкие аудио/data/010_169101.59375_178669.71875000003.wav,"недва""мы есяд маӈгбада ненэцяӈг"" митеран"" тадтикахад нув' няна илебцял ӈока ӈэӈгу тикы' пуд няни ту"" лярць' пям' илхая пумнани ялад"""
/Users/air/Downloads/Ненецкие аудио/data/010_179766.59375_185892.21875.wav,"илебцянда ӈока ӈэва' нид тарця вади намда тарэнзянда ний пармы"" инда вомзь хэвня' хая"
/Users/air/Downloads/Ненецкие аудио/data/010_186870.96875_193975.34375.wav,"иисус сидя хэвувнанда саӈомда ӈэдарахая тохоламбадахата ма нум' параӈода' ян' тэвва тэта ненэцяӈга""на саць саӈгово""ӈа"
/Users/air/Downloads/Ненецкие аудио/data/010_194700.96875_199780.34375.wav," мэ""мы вадахата тохоламбадида пысэйд"" иисус няндо' вадида яӈор' хэтыда"
/Users/air/Downloads/Ненецкие аудио/data/010_200640.96875_205855.34375.wav,"ӈацекые"" нум' параӈода' ян' тэвва тэта ненэцяӈга""на тарси"" саӈгово""ӈанё"""
/Users/air/Downloads/Ненецкие аудио/data/010_207120.96875_215862.21875.wav,"нибя' паха' сивня маха ху""ла юно' пакалмахав тэта ненэця' нум' параӈода' ян' тэввахад нензел"" пыдо' тэри пысаӈга"""
/Users/air/Downloads/Ненецкие аудио/data/010_216385.34375_223287.21875.wav,"тадтикахад помнандо' лаханорӈа"" ӈэдавы ненэць' хибя ӈэӈгобта иисус няндо' сылы"" манзь ханада"
/Users/air/Downloads/Ненецкие аудио/data/010_224046.59375000003_232382.84375.wav,"ненэцяӈга""на пир""ита яӈгу ӈопой нумли пир""ӈада нум' хусувэй ӈамгэм' пир""ӈа тадхава петр нянда вахалъй"" тинё"""
/Users/air/Downloads/Ненецкие аудио/data/010_233074.71875_239723.46875.wav,"маня"" мал' ӈаворина"" хае пумнанд това""нё"" иисус няндо' вахалъй"" ненэся нянда"" мадм'"
/Users/air/Downloads/Ненецкие аудио/data/010_240314.09375_246945.96875.wav,"мань е""эмняни маймбабцо юн' е""эмня мята хаевы нида хаевы нисямда небямда хаевы неда"
/Users/air/Downloads/Ненецкие аудио/data/010_247469.09375_252700.34375000003.wav,нюда хаевы ямда хаевы тиканда тюку илӈгананда юр' ӈэсомана мядо
/Users/air/Downloads/Ненецкие аудио/data/010_253358.46875_261694.71875.wav,"нядамда нисинеби ӈацекы ё ня""маӈгу тикы' хавна сита питарпаӈгу"" вад' малсяда илм' ня""маӈгуда"
/Users/air/Downloads/Ненецкие аудио/data/010_262757.84375_272123.46875.wav,ханяӈэхэв нерденя пудана ӈэӈгу пудана нердеӈгу иисус тохоламбадита ня' иерусалиман' тэвота пыда нерандо' няна миӈа
/Users/air/Downloads/Ненецкие аудио/data/010_272984.09375_282805.34375.wav,"тохоламбадида няркомби"" пумнанда ядна ненэця"" ӈани' сейдо' пина"" юкад вата сидямда нянда хаӈгая пыда ӈани' ханзер"" хадкэвамда вадець пя"
/Users/air/Downloads/Ненецкие аудио/data/010_283733.46875000006_291917.84375000006.wav,"иисус ма ти маня"" иерусалиман' тэвотава"" таняна ненэця' нюӈэ нюмдебадам' ӈарка ханонданаха"" моисей' ватом' теневанаха"" митадо'"
/Users/air/Downloads/Ненецкие аудио/data/010_292626.59375000006_298718.46875.wav,"тикы' пуд пыдо' хадаванзь таслаӈгудо' ӈани я' терха"" митадо' сита письӈэ мэта"""
/Users/air/Downloads/Ненецкие аудио/data/010_299595.96875_307324.71875000006.wav,"сабцяртадо' садкосяӈгана садаӈгудо' тадтикахад маядаӈгудо' няхар"" яля' хэ""мяхад пыда ха""махаданда ӈани' илелты"""
/Users/air/Downloads/Ненецкие аудио/data/010_308539.71875_317787.21875.wav,"тадтикахад заведеев' хасава нюху' иаков няби иоанн иисус' хэван' тэвхая маӈаха' сидна"" тохоламбадава"" нянд хэтувнда вадини' таня"""
/Users/air/Downloads/Ненецкие аудио/data/010_318715.34375000006_326781.59375.wav,"вади""ни' сер' ӈа""ма пыда нянди' ма ӈамгэн' харвади' ӈамгэм' нянди' сертаб""ни тара пыди' нянда маӈаха'"
/Users/air/Downloads/Ненецкие аудио/data/010_327743.46875000006_337328.46875.wav,"сяхаӈгав' юнанд ӈарво""махад хэвханд ӈамдаханима ӈопойюми' вэняӈы хэвхананд ӈамдёява нябиюми' сятаняӈы хэвхананд ӈамдёява иисус нянди' ма"
/Users/air/Downloads/Ненецкие аудио/data/010_338054.09375000006_347942.84375.wav,"ӈамгэм' хамамди' харти' нири' хамэдамбю"" мань ӈэрпада хыдяни терм' ӈэрць пиртари' хэхэдаӈговаханани хэхэдаӈго пиртари' пыди' маӈаха'"
/Users/air/Downloads/Ненецкие аудио/data/010_348584.09375_356717.84375000006.wav,пиртами' иисус нянди' ма мань ӈэрпада хыдяни терм' ӈэрць пиртари' хэхэдаӈговаханани хэхэдаӈгодади'
/Users/air/Downloads/Ненецкие аудио/data/010_357629.09375000006_366454.71875.wav,"хэвханани ӈамдёвахавари' нябинди' вэняӈы хэвханани мэва нябинди' сятаняӈы хэвханани мэва мань нядни ни ӈа"" таня' нум' таславы ненэця"" ӈамдаӈгуд"""
/Users/air/Downloads/Ненецкие аудио/data/010_367635.96875_375550.34375.wav,"ӈани ю"" тохоламбадада иаковаха' иоаннха' вади намд""махадандо' нянди' нерцилыд"" иисус сиддо' нянда хаӈгая манзь ханада"
/Users/air/Downloads/Ненецкие аудио/data/010_376275.96875_385776.59375.wav,"пыдара"" теневада"" ӈани я' тер"" ӈарктидо' нянандо' ервода"" ерводо' харто' харвабцото' сер' пэръядо' пыдара"" помнанда"" тарцяда"" нёда"" ӈа"""
/Users/air/Downloads/Ненецкие аудио/data/010_386873.46875_394349.09375.wav,"хибяра"" поӈгананда"" ӈарка ӈэван' харваӈгу тикара"" манзарана ӈэӈгу хибяра"" поӈгаданда"" нерденяӈэ ӈэван' харва"
/Users/air/Downloads/Ненецкие аудио/data/010_395024.09375_402685.34375.wav,"тикара"" хусувэнда"" хабиӈэ тараӈгу ӈабцакаванда ненэця' нюӈэ нюмдебада манзаранадамда хованзь товы ни ӈа"""
/Users/air/Downloads/Ненецкие аудио/data/010_403478.4687500001_412827.21875.wav,"харта пыхыдамда манзаранаӈэ ми""манзь товы харта иламда ненэцие ӈэдава' е""эмня ваторць товы тадтикахад пыдо' иерихонан' тэвыд"""
/Users/air/Downloads/Ненецкие аудио/data/010_413519.09375_419381.7245622579.wav,иисус тохоламбадита хавна ӈани ӈока ненэцие няць иерихонхад манзадаванда мальӈгана
/Users/air/Downloads/Ненецкие аудио/data/010_419782.1394626337_424403.46875.wav,сехэры' хэвхана тимей' хасава ню сэвсяда маӈгбадакое вартимей ӈамдёвы
/Users/air/Downloads/Ненецкие аудио/data/010_425264.09375_432257.768434039.wav,"хэвувнанда миндя назарет' тер иисус ӈэвам' намда пыда тёрей"" давид' ню иисус си""ми сялил"""
/Users/air/Downloads/Ненецкие аудио/data/010_432996.8815704522_440282.84375.wav,"нива тюры""манда е""эмня ӈока ненэць' сита тэдорпавы"" пуня' пэрмы"" вартимеяхавар тамна ханяцей' ӈаркавна тюрыць пэй"""
/Users/air/Downloads/Ненецкие аудио/data/010_441025.3437500001_448568.46875.wav,"давид' ню си""ми сялил"" иисус нулкая вахалъй"" хаӈара"" пыдо' сэвсядам' ханзь ма"""
/Users/air/Downloads/Ненецкие аудио/data/010_449580.96875_459014.09375.wav,"сеяр нёя пин"" юркад"" пыда сит хаӈа вартимей пиняӈы ембдярта екахая санэй"" иисусан' сюрмба хая иисус сита хонра"
/Users/air/Downloads/Ненецкие аудио/data/010_459739.71875_469341.59375.wav,"ӈамгэм' сертаб""ни нянд сава ӈамгэн' харван сэвсяда вахалъй"" си""ми тохоламбадами сэвха""нани сырман' харвадм' тадтикахад иисус нянда ма"
/Users/air/Downloads/Ненецкие аудио/data/010_470084.09375_478791.59375.wav,"хань"" харт пунрёбцор сит ӈэда таминда сэвсяданд сэвда савумы"" тикы' пуд иисус' пумна сехэрэвна ялъй"""
/Users/air/Downloads/Ненецкие аудио/data/011_3389.09375_11590.343750000002.wav,"пыдо' иерусалиман' виффагия' вифания' хэван' тэвыд"" елеон' хой' хэван' тэвхава иисус сидя тохоламбадахаюда ӈэвпа нянди' тарем' ма"
/Users/air/Downloads/Ненецкие аудио/data/011_12180.968750000002_20584.71875.wav,"ирт"" ӈэда ӈысын' хаяди' таняна ӈоб' мэ""мадавэй сярда ха ямб намна юном' хоӈгуди' сярда инямда ека""махаданди' тэврари'"
/Users/air/Downloads/Ненецкие аудио/data/011_21597.21875_30338.46875.wav,хибяри сидди' хонрамбаӈгу ӈамгэ юном' пэрӈари' пыдари' тарем' манъиди' пыда нум' ервахана тара таняд таминда пырдари' тюкон' ӈэдараӈгуда
/Users/air/Downloads/Ненецкие аудио/data/011_31148.468750000004_37662.21875.wav,пыди' хаяха' таняна пихиня харад' маркад сярда ха ямб юно' намнам' хоӈаха' инямда екади'
/Users/air/Downloads/Ненецкие аудио/data/011_38337.21875000001_44901.59375.wav,"таняна нуна ненэцие"" ханяӈыдо' сидди' хонрамби"" ханзер"" ӈади' ӈамгэ ха ямб намна юном' ӈэдабири'"
/Users/air/Downloads/Ненецкие аудио/data/011_45745.34375_50520.96875.wav," пыди' иисус' неры табэдавы вади хэтӈаха' тиканда ненэця"" сидди' ӈэдара"""
/Users/air/Downloads/Ненецкие аудио/data/011_51179.09375_57642.21875000001.wav,"ха ямб намна юном' иисусан' тэвради' юно' маха' ни' паныди' лехэбтаӈаха' иисус юно' ни' ӈамды"""
/Users/air/Downloads/Ненецкие аудио/data/011_58469.09375000001_68070.96875.wav,"ӈока ненэць' сехэры' ни' паныдо' лехэбтамби"" ханяӈыдо' лата яхад матормы пи"" тарк лехэбтамби"" нерня миндя"" пуда миндя"" тюры""ӈа"""
/Users/air/Downloads/Ненецкие аудио/data/011_68745.96875_77959.71875000001.wav,"осанна вад' тованда ялэд нум' ерв' нюв' ед' сава"" ӈэя"" вад' тованда маня"" ирина""на"" давид параӈода' я сенз ӈэя"
/Users/air/Downloads/Ненецкие аудио/data/011_82195.34375_91611.59375.wav," иисус иерусалим' март' тэвы"" хэбидя хардан' тю хусувэй ӈамгэм' манэсо""махаданда пэвсюмзь юкад вата сидямда няць вифания' ӈысын' хая"
/Users/air/Downloads/Ненецкие аудио/data/011_93282.21875_98682.21875.wav,"нябимдей яляхана вифания' ӈысыхыд тарп""махадандо' иисус ӈаворман' харбилы"""
/Users/air/Downloads/Ненецкие аудио/data/011_99458.46875_109347.21875.wav,"ядванда сер' ӈахат ӈарханда вэбаха""на синдёда смоковницам' нюбета ӈодя' пям' манэ""ӈа ӈамгэм' ховандадрев' таня' хая вэби"" хавна ӈамгэхэртм' ни ху"""
/Users/air/Downloads/Ненецкие аудио/data/011_110089.71875_114380.01712181878.wav,"тад ӈо"" ӈоди ма""ламбава' ёльць' вуни ӈа"" тадтикахад иисус пян' вахалъй"""
/Users/air/Downloads/Ненецкие аудио/data/011_115088.67331761896_120248.46875.wav,"тад нерня' хибяхарт няданд ӈодям' нёя ӈав"" тикы вадида тохоламбадита хаха"" тэвыд"""
/Users/air/Downloads/Ненецкие аудио/data/011_122222.84375_129259.71875000001.wav,"пыдо' иерусалиман' тэв""махадандо' иисус хэбидя хардан' тю таняна ӈавори мирдапади тэмдорти питарпа пяйда"
/Users/air/Downloads/Ненецкие аудио/data/011_130272.21875000001_136224.51391532106.wav,"есь тадабади"" толь голубьм' нюбета нув' сармик мирдапади"" ӈамдёрцие няби' ня' ярэйда"
/Users/air/Downloads/Ненецкие аудио/data/011_137128.78775329678_143367.21875.wav,"хэбидя хардавна ӈамгэдикы ӈавори ханабади таб""ламбида нид лахана тохоламбида"
/Users/air/Downloads/Ненецкие аудио/data/011_144042.21875000003_151382.84375.wav,"тарем' ни паду"" мя""ми хусувэй ненэця' тэнз"" туёць мядм' ни"" нюбес"" пыдара"" мя""ми мартик"" мэсьӈэ мэ""ӈара"""
/Users/air/Downloads/Ненецкие аудио/data/011_152007.21875000003_155584.71875.wav,"тикы вадида ӈарка ханондана"" моисей' ватом' теневана"" намдыдо"""
/Users/air/Downloads/Ненецкие аудио/data/011_156462.21875_163068.07644947083.wav,"пыдо' сита ханзер"" хадавандо' нямна ибедо' ядэлыд"" ӈопой ӈока ненэць' иисус' тохолиркат пысаӈгаць"
/Users/air/Downloads/Ненецкие аудио/data/011_163660.0837038375_170012.84375.wav,тикахад мэсь сейдо' пинаць пэвсюмзь иисус тохоламбадита ня' маркад хэвня' нэкалӈадо'
/Users/air/Downloads/Ненецкие аудио/data/011_171885.96875000003_182095.34375.wav,"хубтакохона неры пя' хэвувна ядвандо' сер' саӈудо' таня' ха""мыд"" пя' ванота ӈэсонд' сэбэймы петр тикы неры хэвы серм' тензибтеванда сер' иисусан' вахалъй"""
/Users/air/Downloads/Ненецкие аудио/data/011_182854.71875_191882.84375.wav,"равви сыркар"" мэтавы пяр сэбэймы иисус няндо' вахалъй"" нумд' пунрёбцора"" ӈарка ӈэя ненэся нянда"" мадм'"
/Users/air/Downloads/Ненецкие аудио/data/011_192625.34375_200742.21875.wav,"хибя тайкуй пэн' тарем' мамбта санад"" ямд' ха""мад"" инда ядан' харта вадахата пунрёбта вадита сер' ӈэӈгу"
/Users/air/Downloads/Ненецкие аудио/data/011_201889.71875_210681.59375.wav,"ӈадьбя""ни нянда"" мадм' пунрё туё""пата"" хынумда хандида"" мал' ня""маӈгуда"" туёць нубта"" няхатата"" ненбата"""
/Users/air/Downloads/Ненецкие аудио/data/011_211390.34375_218714.09375.wav,"нита"" вэва ӈэвам' юрара"" тиканда нумгана илена нисяра"" ӈобтарем' вэва ӈэбида"" юраӈгуда хэбяхыда"" ха""авраӈгуда"
/Users/air/Downloads/Ненецкие аудио/data/011_219625.34375_225177.21875.wav,"сейнда"" мюня вэвам' минарпата"" тикахана нумгана илена нисяра"" ӈобтарем' вэва ӈэбида"" нида юраӈгу"""
/Users/air/Downloads/Ненецкие аудио/data/011_227370.96875_237023.46875.wav,"иерусалим' март' ӈани' тэвыд"" иисус хэбидя харад' ядувна ядэро""маханда нянда ӈарка ханондана"" моисей' ватом' теневана"" ненэцие"" ӈаркта"" то"""
/Users/air/Downloads/Ненецкие аудио/data/011_237799.71875_246692.84375.wav,"нянда тарем' ма"" пыдар ӈамгэ ватовна тарця серо сертабид хибя тарця серо сертаба нянд ӈардабцом' таса иисус няндо' ма"
/Users/air/Downloads/Ненецкие аудио/data/011_247367.84375_255467.84375.wav,"мань ӈо"" сидда"" ӈани' хонраван' харвадм' няни хэтара"" тиканда мань ӈо"" ӈамгэ ӈардабцом' мэць тарцям' сертавам' нянда"" хэтаӈгув"
/Users/air/Downloads/Ненецкие аудио/data/011_256412.84375000003_261644.09375000003.wav,"няни хэтара"" иоанн' хэхэдаӈгова нумгад ӈэса нибтя ненэцяӈгат ӈэвэкы"
/Users/air/Downloads/Ненецкие аудио/data/011_262639.71875000006_272410.34375000006.wav," пыдо' помнандо' тарем' тасалкурць пэяд"" мамб""нана"" нумгад ӈа пыда нив' манд"" тиканда пыдара"" ӈамгэ нянда нисьда"" пунра"""
/Users/air/Downloads/Ненецкие аудио/data/011_273524.09375_282349.71875.wav," нябинзер' мамб"" ненэцяӈгат ӈась ненэця"" иоаннм' ненэся ӈо"" нум' вади вадетаӈэ пэрӈадо' ӈадьбято' пыдо' ненэцяӈг"" сейдо' пина"""
/Users/air/Downloads/Ненецкие аудио/data/011_286602.21875_293774.09375.wav,"маня"" ехэрава"" тадтикахад иисус няндо' ма мань ӈо"" ӈамгэ ӈардабцом' мэць тарця серо сертавам' нянда"" нив вадет"""
/Users/air/Downloads/Ненецкие аудио/data/016_3625.34375_13981.646569589695.wav,"еврей"" ныланава яля' хэ""мяхад иисус' ӈаям' масарма' е""эмня магдала' тер мария иаков' небя мария тадтикахад саломия ё""йда юре тэмдавы"""
/Users/air/Downloads/Ненецкие аудио/data/016_14687.022589029968_24989.09375.wav,"еврей"" ныланава яля' пуд нябимдей яляхана ӈули"" хубтакохона ялянда ӈадимзь пыдо' пэ хоркадё' пэмбад' ӈэсь' ян' хая"" помнандо' тарем' лаханакурӈа"""
/Users/air/Downloads/Ненецкие аудио/data/016_26187.21875_36548.46875000001.wav,"теда' хибя пэ хоркадё' нё' сихина ӈэда саркабта""ма пэм' маня"" е""эмняна"" хэвня' мэӈгуда саӈудо' таня' ха""мыд"" ӈамгэ ӈэса сюдбяко пэ хэвня' мэвы ӈэвы"
/Users/air/Downloads/Ненецкие аудио/data/016_41374.71875_47268.84202248388.wav,"пэмбад' маханяӈы хэвхана сэр"" ембдярм' мэта ӈацекы хасавам' манэ""ӈа"" пыда няндо' тарем' ма"
/Users/air/Downloads/Ненецкие аудио/data/016_48050.55515474663_58194.08662820601.wav,"нёда"" пысаӈг"" лярць' пян' тебармы назарет' тер иисусм' пюрӈада"" пыда илелъяць пыда тюкохона яӈгу юседа""ма' яда тям' хаяда"""
/Users/air/Downloads/Ненецкие аудио/data/016_58677.36861825675_67277.84375.wav,"тадтикахад петарт' ӈани тохоламбавэхэта мада"" пыда ваданда сер' неранда"" няна галилея' ян' ханда таняна сита хоӈгуда"""
/Users/air/Downloads/Ненецкие аудио/data/016_68324.09375_77482.07585782782.wav,"пэ хоркадёход пин' тарп""махадандо' хадито' малан' ледедахая сейто' хэсь хэвня' сюрбыд"" сейто' пинва' нид хибяхартан' ӈамгэхэртм' ни"" хэт"""
/Users/air/Downloads/Ненецкие аудио/data/016_78589.113489397_87190.34375000001.wav,"иисус илело""махаданда си""ив яля' нерденя яляхана ӈули"" хубтакохона нюрте""э' магдала' тер мариян' ӈадимя"
/Users/air/Downloads/Ненецкие аудио/data/016_88337.84375_99024.19533216576.wav,"ӈаха""на иисус тикы нехэд си""ив ӈылекам' питарӈась мария сейто' тахаравы яртаха"" иисусм' хахаялтембавэхэ"" хая манэ""мэмда няндо' ваде""ӈада"
/Users/air/Downloads/Ненецкие аудио/data/016_99911.61499563631_105229.71875.wav,"иисус' яӈор' илело""мам' манэ""мэӈэ няндо' ваде""пата пыдо' нянда ни пунрю"""
/Users/air/Downloads/Ненецкие аудио/data/016_106512.21875_116569.71875.wav,"тикы' пуд ӈысын' миндяха' сидя тохоламбавэхэюта ня' ӈани несэй мирбям' мэць иисус ӈадимя ӈани иисус' тохоламбавэхэ"" пыди' салъяха'"
/Users/air/Downloads/Ненецкие аудио/data/016_117480.96875_121463.46875.wav,"манэ""мэмди' няндо' ваде""ӈади' пыдо' нянди' ӈобтарем' нид"" пунра"""
/Users/air/Downloads/Ненецкие аудио/data/016_123066.59375_128336.21805479137.wav,тадхава ӈани' юкад вата ӈопой тохоламбавэта ӈорма' ёльцьӈгана иисус тикавна ӈадимя
/Users/air/Downloads/Ненецкие аудио/data/016_128989.84229048718_137227.05854873982.wav,"пыдо' иисус' илело""мам' ваде""мы ненэцие"" вадаха"" ниць пунрю"" ӈадьбята пыда нива пунрёвандо' нид сейто' хонёва' нид сиддо' тэдорпи"
/Users/air/Downloads/Ненецкие аудио/data/016_138182.67896487322_147619.71875.wav,"иисус няндо' ма я' тиӈгэвна хаяда"" маймбабцо юнм' хусувэй ненэцянд' тэврара"" хибя иисусан' пунрё хэхэдаӈгода"
/Users/air/Downloads/Ненецкие аудио/data/016_148142.84375_155888.46875000003.wav,"тикы ӈэдавы ӈэӈгу хибя ни"" пунраӈгу"" тикы танаравы ӈэӈгу пунрёда ненэцяӈга""на ненадудо' тарця"" ӈэӈгу"""
/Users/air/Downloads/Ненецкие аудио/data/016_156698.46875000003_161440.34375.wav,"мань нюмми няд""мяць пыдо' ӈылекы питарпаӈгу"" ерменя едэй вадавна лаханакурта"""
/Users/air/Downloads/Ненецкие аудио/data/016_162520.34375000003_172088.46875.wav,"ӈабтацавэй ӈарка халы ня""амбато' нибтя ӈабтацавэй иде ӈэрпабато' ӈамгэхэртадо' ни хадкэӈгу"" ӈудидо' хаӈгурти"" ни' мэбто' хаӈгурта"" савумда"""
/Users/air/Downloads/Ненецкие аудио/data/016_173624.09375_180390.96875.wav,"тикы вадида мэсо""махаданда иисус нув' няю' пее""ра тадтикахад нум' маханяӈы ӈуда' хэван' ӈамды"""
/Users/air/Downloads/Ненецкие аудио/data/016_181049.09375_184694.09375.wav,"тадтикахад тохоламбадида я' тиӈгэвна хая"" нум' вади минревы"""
/Users/air/Downloads/Ненецкие аудио/data/016_185369.09375_191022.21875.wav,"сёнзяндо' мюня нум' ерв манзара пыдо' вадидо' ненадохо""на мэйрамбавыда аминь"
/Users/air/Downloads/Ненецкие аудио/data/003_3119.09375_7590.96875.wav,"иисус ма""люӈгалава мят' ӈани' то таняна ӈудада тырабэй ненэць' мэвы"
/Users/air/Downloads/Ненецкие аудио/data/003_8924.09375_17175.96875.wav,"еврей"" ныланава яляхана тикы ненэцям' иисус савумдаӈгудав' нидав' сита серт' ха""авравандо' е""эмня ӈоб' маниедо'"
/Users/air/Downloads/Ненецкие аудио/data/003_18087.21875_24651.59375.wav,"ӈудада тырабэй ненэцянд' иисус ма юркад"" нерняку' нулад"" тадтикахад ненэцие хонра"
/Users/air/Downloads/Ненецкие аудио/data/003_25410.96875_34455.96875000001.wav,"еврей"" ныланава яляхана хурка серо сертаба мэта вато таня сава серо вэва серо пэрць тара ненэця' илм' ӈэдаба"
/Users/air/Downloads/Ненецкие аудио/data/003_34995.96875_43838.46875.wav,"хадарабтамба тара пыдо' ӈани' мунзи"" сейсявандо' нид иисус няндо' нена сылы"" инда вомзь ӈудада тырабэян' ма"
/Users/air/Downloads/Ненецкие аудио/data/003_44547.21875_50757.21875.wav,ӈудар вэӈгалад ӈудамда вэӈгалада ӈудада ӈахат ӈыхында сензума
/Users/air/Downloads/Ненецкие аудио/data/003_51702.21875_59414.09375000001.wav,"тикы' пуд фарисей"" ма""люӈгалава мякад тарпа""махадандо' ирод' няти"" ня' минхандо' иисусм' ханзер"" маядавам' тасламба пя"""
/Users/air/Downloads/Ненецкие аудио/data/003_61219.71875000001_68028.3864338537.wav,"иисус тохоламбадита ня' то' няна хая"" галилеяхад пумнанда ӈока ненэця"" хая"""
/Users/air/Downloads/Ненецкие аудио/data/003_68794.05222680545_75714.9040009852.wav,"иисус' сертабада серо"" юне"" хари намда ӈули"" ӈока ненэця"" иудеяхад иерусалимхад"
/Users/air/Downloads/Ненецкие аудио/data/003_76219.43521592439_85266.59375.wav,"идумеяхад иордан' яха' тяхад тир' няби сидон' хэвхы яхат ӈобтарем' нянда то"" иисус ӈока ненэцие савумдавы"
/Users/air/Downloads/Ненецкие аудио/data/003_86076.59375_91915.34375.wav,"хуркари хабцяӈга""на хаӈгурта"" сита хахаялтеван' харва нянда минзь тирцькута"""
/Users/air/Downloads/Ненецкие аудио/data/003_92624.09375_99401.8100205417.wav,"ӈадьбята ӈока ненэцие"" сита тыеромдавоӈгад иисус тохоламбадахата пыда е""эмнянда ӈанокоцям' хамэда табэда"
/Users/air/Downloads/Ненецкие аудио/data/003_100088.59011220858_108503.46875.wav,"хусувэхэд ханзосяди"" ӈылека"" сита манэць неранда няд ян' мо""нэрцеты"" тёрсавэй' лаханасеты"" пыдар нум' нюн"
/Users/air/Downloads/Ненецкие аудио/data/003_109313.46875_118746.59375.wav," иисусхав хибя ӈэвамда нива ваде""мандо' е""эмня няндо' я""авла табеку тикы' пуд иисус хой' ни' танэй"" хахаялтембадарида нянда хаӈа"
/Users/air/Downloads/Ненецкие аудио/data/003_119556.59375_127352.84375.wav,"пыдо' нянда то"" юкад вата сидям' тэра ӈэдаравэӈэ таслэйда нянанда мэӈгу""ма"
/Users/air/Downloads/Ненецкие аудио/data/003_127892.84375_137444.09375.wav,"нум' вади минренаӈэ ӈэдарамбаӈгудава ӈылекы питарпа нум' ерв' ныхым' мэта""ма юкад вата сидям' ӈабта симонм' петрӈэ нюмдеда"
/Users/air/Downloads/Ненецкие аудио/data/003_138304.71875_147197.84375.wav,зеведей' нюм' иаковм' иаков' папам' иоаннм' воанергесӈэ нюмдеӈахаюда тикы нюв' хамэдита тарця
/Users/air/Downloads/Ненецкие аудио/data/003_147872.84375000003_156321.88906465922.wav,"хэхэ' мун' ню"" андрейм' филиппам' варфоломейм' матфейм' фомам' алфей' нюм' "
/Users/air/Downloads/Ненецкие аудио/data/003_156728.94885758098_161928.2152352011.wav,иаковм' фаддейм' еврей' тэнзри сахарамбада симонм'
/Users/air/Downloads/Ненецкие аудио/data/003_162594.57350261213_169860.96875.wav,"вад' саюху"" иисусм' ми""манда кариот' терм' иудам' ӈобтарем' тэрада иисус мят' то"
/Users/air/Downloads/Ненецкие аудио/data/003_170468.46875_175750.34375.wav,"ненэця"" ӈани' таня' ма""лыд"" тиканда иисус тохоламбадита ня' ӈаворкарта ни"" ерев"""
/Users/air/Downloads/Ненецкие аудио/data/003_176695.34375_184795.34375.wav,"иисус' хахаяда нида вади"" вэкат сита имда ё""мэӈэ пэрмы"" ӈадьбята сита ханаванзь яхадандо' манзада"""
/Users/air/Downloads/Ненецкие аудио/data/003_185892.21875_194785.34375.wav,"иерусалимхад товы моисей' ватом' теневана"" ма"" сёнзянда мюня веельзевул таня пыда ӈылекы"" ерв' ныхым' мэць ӈылекы питарпи"
/Users/air/Downloads/Ненецкие аудио/data/003_195342.21875_202564.71875000006.wav,"ӈадьбята иисус сиддо' нянда хаӈгая хара явна ӈэда лахарём' мэць тарем' ма сатана ханзер"" сатанам' питарць пиртада"
/Users/air/Downloads/Ненецкие аудио/data/003_203340.96875_210479.09375.wav,"параӈода' я' тер"" харто' помнандо' поёмбаб""нандо' параӈодандо' я мюданда тахараӈгу тамна тяха' нусь нида пирас"""
/Users/air/Downloads/Ненецкие аудио/data/003_211474.71875_219844.71875000003.wav,"мяд' тер"" помнандо' поёмбабто' мято' пон' нусь нида пират"" сатана' я мюданда тахарабта нусь нида пират"""
/Users/air/Downloads/Ненецкие аудио/data/003_224295.35171846783_230877.89730545875.wav,"мэбета ненэця' илебциеда мякаданда хибяхарт тале нида пират"" сита сяр""марихид илебцо"" тале пиртыд"""
/Users/air/Downloads/Ненецкие аудио/data/003_231533.4595839099_238947.21875.wav,"ненэся нянда"" мадм' ненэцие"" хуркари хэбяхандо' вэвакумдёвандо' танявы ӈэб"" ӈод"" мал' ха""маӈгуд"""
/Users/air/Downloads/Ненецкие аудио/data/003_239959.71875_245376.59375.wav,"хэбидя индадм' вэвута' хэбяхыда иланда панан' нид"" ха""маӈгу"" хэбяхыда пили"" нянанда ӈэӈгу"""
/Users/air/Downloads/Ненецкие аудио/data/003_246777.21875_256463.46875.wav,"ханяӈы"" ненэця"" иисус' сёнзя' мюня ӈылека мэнаӈэ пэрмы"" ӈадьбята пыда тарем' лаханавы тарем' мэнаханда небяда хасава нита ня' то"""
/Users/air/Downloads/Ненецкие аудио/data/003_257577.21875000003_266132.84375.wav,"мяд' хэвхана ну"" сита хосая ненэцям' нянда ӈэдара"" иисус' хэвхана ненэцие"" мандал"" ӈамды"" нянда ма"""
/Users/air/Downloads/Ненецкие аудио/data/003_267060.96875_275532.21875.wav,"сыр"" пихиня небяр хасава нид не нид мэ"" сит хонрамби"" тадтикахад иисус ма мань небями хибя"
/Users/air/Downloads/Ненецкие аудио/data/003_276291.59375_284239.71875.wav,"мань хасава нини хибя"" ӈамдёди"" сид"" нямна саӈомда ӈэдарахая ма мань небями мань хасава нини ти"" мэна"""
/Users/air/Downloads/Ненецкие аудио/data/003_285032.84375000006_289200.96875.wav,"нум' вату нёдана"" тикы"" мань хасава нини не нини небями"
/Users/air/Downloads/Ненецкие аудио/data/004_3186.59375_12602.843750000002.wav,"иисус то' хэвхана ӈани' ненэцие тохоламба пя ӈока ненэцие"" нянда ма""лёва' нид тохона ӈэвы ӈано' мю' тий"" ӈамды"" ненэцяӈгав"" мал' то' вархана хаи"""
/Users/air/Downloads/Ненецкие аудио/data/004_13632.21875_20095.34375.wav,"хара явна ӈэда лахарю мэць иисус сиддо' хуркари"" серк"" тохоламби тохоламбаванда сер' няндо' тарем' ма"
/Users/air/Downloads/Ненецкие аудио/data/004_20753.46875_26018.46875.wav,"инзеледа"" ти нянь' ӈуво"" сэв моёпада нянянда ӈуво"" сэв моё""манзь тарпы"""
/Users/air/Downloads/Ненецкие аудио/data/004_26609.09375_35637.21875.wav,"нянь' ӈуво"" сэв моёпаванда мальӈгана ханяӈы нянь' ӈуво"" сэв"" сехэры' ни' ха""мыд"" нув' сармик"" то"" ӈамъядо' ханяӈыдо' пэ я' ни' ха""мыд"""
/Users/air/Downloads/Ненецкие аудио/data/004_36514.71875_44918.46875.wav,"ненэй янда хоба тора ӈэвы минханда тикы яхад ӈамдэдо"" сэв"" тю""у' ӈадимя"" хаерад' тю""у' тарпава' сер' нянь' ӈамдэд"" сэлӈа"""
/Users/air/Downloads/Ненецкие аудио/data/004_45458.46875_55229.09375.wav,"паӈгсявандо' нид тыра"" ханяӈыдо' нацдэй ӈуво"" понд' ха""мыд"" нацдэй ӈуво"" тю""у' вадёва' сер' нянь' ӈуво"" сэв"" тидха""нато' вадёда ӈэвадэяд"""
/Users/air/Downloads/Ненецкие аудио/data/004_55887.21875_60240.96875.wav,"тэри таросялма"" ханяӈыдо' сава ян' ха""мыд"" вады"""
/Users/air/Downloads/Ненецкие аудио/data/004_60949.71875_70433.46875.wav,"нядандо' няхар"" юд' мэва' мат"" юд' мэва' юр' мэва' нянь' ӈуво"" сэв"" вады"" иисус няндо' ма хавода намдорта инзелея"
/Users/air/Downloads/Ненецкие аудио/data/004_72542.84375_81317.84375000001.wav," ӈока ненэцие"" хэ""мяхад харта хаё""мяхаданда юкад вата сидяда ӈани"" хэвхананда мэвы"" ненэця"" хара явна ваде""мыта нямна сита хонра"""
/Users/air/Downloads/Ненецкие аудио/data/004_83663.46875_92235.96875.wav,"пыдара"" нянанда"" нум' параӈода' я' таклада сер' хамэдита ӈади ӈани"" ненэцяӈг"" хусувэй ӈамгэ хара явна ӈэда лахарём' мэць ваде""мы ӈэӈгу"
/Users/air/Downloads/Ненецкие аудио/data/004_93012.21875_101837.84375.wav,"пыдо' ӈани' сэвто' сырп"" ӈод"" нидо' мание"" хавото' намдорп"" ӈод"" нидо' хамэдамбю"" нум' няку' ӈэвы ӈэбто' хэбяхыдо' ха""маӈгудаць"
/Users/air/Downloads/Ненецкие аудио/data/004_102833.46875_109549.71875.wav,"иисус няндо' ма тикы лахарё' харам' нира"" хамэдамбю"" тадтикахад ӈани лахарю"" хари ханзер"" хамэдаӈгуда"""
/Users/air/Downloads/Ненецкие аудио/data/004_110359.71875_119843.46875.wav,"нянь' ӈуво"" сэв моёпада вадам' моёпадараха ханяӈы"" ненэця"" сехэры' ни' ха""амвы нянь' ӈуво"" сэвраха"" нум' вадам' намд""махадандо'"
/Users/air/Downloads/Ненецкие аудио/data/004_120434.09375_129462.21875.wav,"няндо' сатана минханда турӈа сейхато' ха""амвы вади хан""лэйда ӈани ханяӈы"" пэ я' ни' ха""амвы нянь' ӈуво"" сэвраха"""
/Users/air/Downloads/Ненецкие аудио/data/004_130356.59375_137882.84375.wav,"намдавы нум' вади минхандо' маймба сейхато' пэмбидо' ӈопой паӈгсяда ӈамдэдо"" то""лаха"" ӈадьбято' пон' иле нидо' пирас"""
/Users/air/Downloads/Ненецкие аудио/data/004_138709.71875_147552.21875.wav,"сяхари' мая' ёльцьӈгана нум' вадам' волтамбади"" питарпади"" ӈадимб"" пунрёбцомдо' минхандо' ёпидо' ханяӈы"" нацдэй"" понд' ха""амвэраха"""
/Users/air/Downloads/Ненецкие аудио/data/004_148294.71875000003_155770.34375000003.wav,"вадам' намдадо' намдавы вадидо' ила' саиро"" тэтерман' харвабцу"" ӈани сямян харвабцу"" тяхаворӈа"""
/Users/air/Downloads/Ненецкие аудио/data/004_156529.71875_163718.46875.wav,"тикы вада"" сейхатато' ян' ха""морӈа"" таросялворӈа"" ӈани ханяӈыдо' сава ян' ха""амвы нянь' ӈуво"" сэв"" то""лаха"""
/Users/air/Downloads/Ненецкие аудио/data/004_164629.71875000003_173691.59375.wav,"намдавы вадидо' сейто' ибето' ядан' поя ха""морӈа"" ханяӈыдо' няхар"" юд' мэва' нябидо' мат"" юд' мэва' ӈани ханяӈыдо' юр' мэва' таром' ха""аврамби"""
/Users/air/Downloads/Ненецкие аудио/data/004_175260.96875000003_179412.21875000003.wav,"иисус тамна тяха' няндо' ма ӈамгэ' е""эмня серекабт тюнебада"
/Users/air/Downloads/Ненецкие аудио/data/004_180087.21875_188001.59375.wav,"минханда ӈарка хыдяхана лэёмда такалпава' е""эмня таси' ва""ав' хэван' ӈабтава' е""эмня нарам' ни' ӈабтаванзь таславы ни ӈа"""
/Users/air/Downloads/Ненецкие аудио/data/004_189419.09375_195409.71875.wav,"ӈобкарт таклада сер"" ӈадимадавэй' хаё нида пирас"" хуркари тале мэта сер"" тю""у' ӈадимда"
/Users/air/Downloads/Ненецкие аудио/data/004_196354.71875_204285.96875.wav,"хибя инзелена хавода таняна намдая пыда няндо' ма намдорта вадахата"" сававна инзеледа"""
/Users/air/Downloads/Ненецкие аудио/data/004_205163.46875_213786.59375.wav,"ся' пирувна ӈамгэм' ми""ӈада"" та' пирувна ӈамгэм' ня""маӈгуда"" тамна ваць хоӈгуда"" ӈамгэнда таняна' ӈамгэда тамна тяха' ӈокамда"
/Users/air/Downloads/Ненецкие аудио/data/004_214697.84375_223844.09375.wav,"ӈамгэхэртасядахад ӈамгэнда таняб"" мармы ӈэӈгу тадтикахад иисус тарем' ма нум' параӈода' я тарця' то""лаха"
/Users/air/Downloads/Ненецкие аудио/data/004_224451.59375_231437.84375.wav,"ӈопой ненэць' нянь' ӈуво"" сэв ян' моё""яда тикы' пуд пыда пи' хоны яля' юркорӈа"
/Users/air/Downloads/Ненецкие аудио/data/004_232028.46875_237985.34375000003.wav,"ӈамдэдо"" паӈго"" тю""у' ханзер"" ӈадимяхад вадёвахад ерме я ӈамдэдо харта соябтамбида"
/Users/air/Downloads/Ненецкие аудио/data/004_238525.34375_247367.84375.wav,"пили"" нерде ӈамдэдо"" сэв ӈадимдемби тикы' пуд ӈамдэдо"" ӈэва"" ӈадиберӈа"" ӈамдэдо"" ӈэв"" мюня нянь' ӈуво"" сэв"" ӈархандо' сояӈга"""
/Users/air/Downloads/Ненецкие аудио/data/004_248329.71875_257307.21875.wav,"ма""лава' ёльцянда тоб"" нянь' ӈуво"" сэв"" похо""махадандо' таминда матора мэта пидерцям' мэць пяӈгу"" тадтикахад иисус ма"
/Users/air/Downloads/Ненецкие аудио/data/004_258083.46875_267989.09375.wav,"нум' параӈода' ям' ӈамгэ' то""лахаӈэ таслаӈгува"" хурка хара явна ӈэда лахарём' мэць вадетава"" нум' параӈода' я горчица' пя' сэв' то""лахако"
/Users/air/Downloads/Ненецкие аудио/data/004_272849.09375_281472.21875.wav,"ян' ха""ма""махаданда ӈамдэта мал тю""у' ӈадиберӈа ӈани нита нимня ӈаркаӈэ таркаляӈгаӈэ вадюрӈа"
/Users/air/Downloads/Ненецкие аудио/data/004_282062.84375_290449.71875000006.wav,"тидхананда нув' сармик"" хэӈгадамдо' хомби"" тарця хара явна ӈэда лахарю мэць хамэдавандо' пирувна няндо' лаханась"
/Users/air/Downloads/Ненецкие аудио/data/004_291259.71875_298178.46875000006.wav,"хара явна ӈэда лахарёсипой"" нись лахан"" тохоламбадарихита вади"" хари хамэдито' сер' яӈга ваде""ядась"
/Users/air/Downloads/Ненецкие аудио/data/004_300355.34375000006_307763.46875.wav,"иисус' поӈгэй мерцям' янимда""ма тикы яля' пэвсюмя' няна иисус тохоламбадахата ма то' тяханя' хэхэва"" ненэцие хаейдо'"
/Users/air/Downloads/Ненецкие аудио/data/004_308320.34375_314513.46875.wav,"ӈанонда мюня мэванда сер' тохоламбадида сита нянандо' хана"" ӈанонда хэвхана ӈани"" ӈано"" танявы"""
/Users/air/Downloads/Ненецкие аудио/data/004_315610.34375_322174.71875.wav,"лакри' сата поӈгэй мерцяӈэ хая ӈарка хамба"" ӈано' ядан' тебвандо' сер' ӈаном' икана пандамбидо'"
/Users/air/Downloads/Ненецкие аудио/data/004_323288.46875_330679.71875.wav,"пыркабтадота пыда ӈано' пуй вэкана хоны сита сидеба нянда ма"" сидна"" тохоламбадава"""
/Users/air/Downloads/Ненецкие аудио/data/004_331185.96875_338796.59375.wav,"хавандарахава"" нямнана"" ир ӈоб' ни няркан"" юрка""махаданда пыда мерцям' таӈылмда тон' вахалъй"""
/Users/air/Downloads/Ненецкие аудио/data/004_339606.59375_349140.96875.wav,"мунзялв"" ӈэвадад"" таминда мерцяда ӈэвадэй"" хури' хэ""нёӈэ хая пыда няндо' ма сейда"" нена"" ябта""нё"""
/Users/air/Downloads/Ненецкие аудио/data/004_349917.21875_357966.59375.wav,"пыдара"" тедари' пунрёбцора"" тарси"" тянёнё"" пыдо' ӈули"" сейсялмы"" помнандо' няхато' хонарку"" пыда хибя ӈэбта"
/Users/air/Downloads/Ненецкие аудио/data/014_3591.5937500000005_7860.96875.wav,"сидя яля' ёльцьӈгана пасхаха' тимд""масяда нянь' хэбидя яляха' тутӈаха'"
/Users/air/Downloads/Ненецкие аудио/data/014_8586.593750000002_16382.84375.wav,"ӈарка ханондана"" моисей' ватом' теневана"" иисусм' маядаванзь хэд""мана ня""маван' харвадо' пыдо' ма"" ни""им'"
/Users/air/Downloads/Ненецкие аудио/data/014_17192.84375_27860.61452101664.wav,"ненэцие"" нерцилавоӈгад ӈопой хэбидя яляхана хада ни тара"" ӈобӈгуна иисус вифания' ӈысыхына иленя ниня тораӈгана мерёхона хаӈгурмы симон' мякана мэвы"
/Users/air/Downloads/Ненецкие аудио/data/014_28593.91263984234_34386.13286125573.wav,"ӈаворманда ёльцьӈгана ӈопой не мирета хыдя' мюня ё""йда саць мирета нардам' нюбета"
/Users/air/Downloads/Ненецкие аудио/data/014_34865.05196640813_41172.21875.wav,"тэбъяна юрм' минре мятю тикы' пуд хыдямда тахабтахая ё""йда юрта иисус' ӈэва' ни' вабтада"
/Users/air/Downloads/Ненецкие аудио/data/014_42100.34375_48090.96875.wav,"ханяӈы мядонда"" помнандо' нерцирць лахана"" тарем' мирета юрм' садпава ӈамгэ тарода таня"
/Users/air/Downloads/Ненецкие аудио/data/014_48732.21875_56899.71875000001.wav,"тикы ё""йда юрм' няхар"" юр"" ненэй есяхад ватавна мирдапа саванё"" недва""мы есь маӈгбадаха"" мип"" саванё"" тарем' нем' тэдорпидо'"
/Users/air/Downloads/Ненецкие аудио/data/014_57625.34375000001_64949.09375.wav,"иисусхав няндо' ма нем' ӈэвадалара"" ӈамгэ нянанда таркуда"" пыда мань е""эмняни сава серм' серта"
/Users/air/Downloads/Ненецкие аудио/data/014_66130.34375000001_74230.34375.wav,"маӈгбада ненэця"" хусувэхэд нянанда"" мэӈгу"" харвабцонда"" таняб"" пыдара"" хусувэхэд нядаба пиртыда"" ӈари"" маньзяван нянанда"" ӈоб' вунидм' мэӈгу"""
/Users/air/Downloads/Ненецкие аудио/data/014_75293.46875_80575.34375.wav,"пыдхавада пирувнанда серта серта"" нидав' ӈахакуд ӈаями сюрма' нерня масарӈада"
/Users/air/Downloads/Ненецкие аудио/data/014_81722.84375000001_90987.21875.wav,"ненэся нянда"" мадм' я' тиӈгэхэна ханяримна маймбабцо юнм' ненэцяӈг"" тэвва' ёльцьӈгана тюку нем' тензибтехэя сертаӈгу""мида вадетыдо'"
/Users/air/Downloads/Ненецкие аудио/data/014_92708.46875_100757.84375.wav,"кариот' тер иуда иисус' юкад вата сидя тохоламбадита ӈопойдо' ӈэвы пыда ӈарка ханонданаха"" иисусм' тадаванзь хая"
/Users/air/Downloads/Ненецкие аудио/data/014_102023.46875_110325.96875.wav,"пыдо' иуда' вади намда саць майвандо' нид нянда ненэй есь ми""манзь ватораць пыда ӈо"" иисусм' тадава' е""эмня сава ёльцярим' пюрӈа"
/Users/air/Downloads/Ненецкие аудио/data/014_112604.09375_120455.83675399765.wav,"тимд""масяда нянь' хэбидя яля' нюртей яляхана пасха' ед' ӈэда хум' хадава яляхана иисус' тохоламбадида сита хонра"""
/Users/air/Downloads/Ненецкие аудио/data/014_121325.40824434407_129647.84375000001.wav,"пыдар ханяна пасха' ед' ӈэда хум' ӈаман' харвар маня"" хандава"" ӈахакуд хамэдаӈгува"" тадтикахад сидя тохоламбадамда ӈэдарахая ма"" нив'"
/Users/air/Downloads/Ненецкие аудио/data/014_130457.84375_138608.46875.wav,март' хаяди' неранди' няна ид' ӈэсям' минрена ненэцям' хоӈгуди' пумнанда хаяди' ханя' мятюӈгу
/Users/air/Downloads/Ненецкие аудио/data/014_139283.46875_147704.09375.wav,"тикы мяд' ерван' мади' сидна"" тохоламбадава"" тарем' хонаркусь тохоламбади""ни ня' пасха' ӈаварм' ханяӈы лабэкана ӈавортава"""
/Users/air/Downloads/Ненецкие аудио/data/014_148919.09375_158537.84375.wav," тикы' пуд мяд' ерв тю""уна ӈэда ӈахакуд хэбидя яля' ед' хамэдёда ӈарка""я лабэсм' манэ""лабтаӈгу таняна маня"" е""эмняна"" пасха' ӈаварм' хамэдада"""
/Users/air/Downloads/Ненецкие аудио/data/014_159212.84375000003_167346.59375.wav,"тохоламбадида хая"" март' тэв""махадандо' пыда ваданда сер' ӈэда хусувэй ӈамгэм' ховы"" пасха' ед' ӈэда ӈаварм' хамэда"""
/Users/air/Downloads/Ненецкие аудио/data/014_173640.96875_181504.71875.wav,"ӈавормандо' ёльцьӈгана иисус ма"" нив' ненэся нянда"" мадм' хэвханани ӈавортаӈэ ӈопойра"" си""ми саюху"" мита"
/Users/air/Downloads/Ненецкие аудио/data/014_182483.46875_188929.71875.wav,"пыдо' ибедо' вома"" ӈоб' пуд сита хонрамба пя"" мань ӈэдакэдм' иисус няндо' ма"" нив'"
/Users/air/Downloads/Ненецкие аудио/data/014_190110.96875_199088.46875.wav,"юкад вата сидяхад ӈопойра"" ханяӈэра"" няньмда ӈопой хыдя' мю' нянани палабтамбида тикара"" ӈабцата хэбидя падаркана падвы' сер'"
/Users/air/Downloads/Ненецкие аудио/data/014_199645.34375_208724.09375.wav,"ненэця' ню' падарта ӈэӈгу неноховавна ненэця' нюм' саюху"" ми""манда маяндорта та' екававна нись сояӈгу"" ханяцей' сава ӈэӈгусь"
/Users/air/Downloads/Ненецкие аудио/data/014_210259.71875_218714.09375.wav,"ӈавормандо' ёльцьӈгана иисус няньм' ня""ма нумд' сава вади мэ""ӈа няньм' мардахая тохоламбадахата нид лахана ми""ӈада"
/Users/air/Downloads/Ненецкие аудио/data/014_219355.34375_227539.71875.wav,"ня""мара"" ӈаворӈара"" тюку мань пыхыдами хыдям' ня""ма нумд' сава вади хэта няндо' тикы хыдям' ми""ӈада"
/Users/air/Downloads/Ненецкие аудио/data/014_228501.59375_236837.84375.wav,"тикы хыдя' терм' мал' тю""у' ӈэрпидо' пыда няндо' ма тюку ӈока ненэцие"" е""эмня хамдавы мань вэями"
/Users/air/Downloads/Ненецкие аудио/data/014_241410.96875_249892.93518808272.wav,"маньзяв нум' параӈода' яхана едэй няръяна сяркам' ӈэрмани ӈэсонд' виноградм' нюбета ӈодяхат сертавы сяркам' нив ӈэрпаӈгу"""
/Users/air/Downloads/Ненецкие аудио/data/014_250686.79694082084_260007.21875.wav,"тадтикахад нумд' сёё мэсо""махадандо' елеон' хоян' хая"" иисус тохоламбадахата ма"" нив' хэбидя падаркана тарем' пады"
/Users/air/Downloads/Ненецкие аудио/data/014_260901.59375000003_270419.09375.wav,"нум' еням' маядаӈгу ху"" хунаӈгуд"" пыдара"" ӈод"" мал' нядни таялтыда"" яӈор' илело""махадани неранда"" няна галилея' ян' хандадм'"
/Users/air/Downloads/Ненецкие аудио/data/014_271245.96875000006_279413.46875.wav,"петр нянда ма"" нив' няданд хибяри"" пыхыдадо' таялпабто' маньзяв сяхаӈгарт' сит нидм' хаеӈгу"" иисус нянда вахалъй"""
/Users/air/Downloads/Ненецкие аудио/data/014_280324.71875000006_287985.96875000006.wav,ненэся нянд мадм' тюку яля' пи' харад' хоркы сидя' тёрева' нерня пыдар няхар' нядни пыхыдамд таялпаӈгур
/Users/air/Downloads/Ненецкие аудио/data/014_288711.59375_297385.34375.wav,"петркав ханяцей' тамна саць лаханорӈа нянанд хась мань еремгартба""ни няданд нив"" таялт"" ӈани тохоламбадида ӈани' тарем' лахана"""
/Users/air/Downloads/Ненецкие аудио/data/014_299427.21875_306362.84375.wav,"гефсиманиям' нюбета ян' тэв""махадандо' иисус тохоламбадахата ма"" нив' туё""мани ёльцьӈгана пыдара"" тюкохона ӈамдыда"""
/Users/air/Downloads/Ненецкие аудио/data/014_307375.34375_314682.21875.wav,"нянанда петрм' иаковм' тика иоаннм' хана иисус' сёнзянда мюй тахара пыда няндо' вахалъй"""
/Users/air/Downloads/Ненецкие аудио/data/014_315694.71875_322377.21875.wav,"хава' пирувна сёнзями вэва тюкохона мэда"" ӈопой нёда"" хоню"" пыда нядандо' хаця"" нерняку' хая"
/Users/air/Downloads/Ненецкие аудио/data/014_323288.46875_331219.71875.wav,"тад тованда сер' ян' нибкалкая тарем' туёць пэй"" тикы мая' си""ми хэробта пирпата хэробтая пыда тарем' ма"" нив'"
/Users/air/Downloads/Ненецкие аудио/data/014_332249.09375000006_342087.21875000006.wav,"авва"" нися"" пыдар хусувэй ӈамгэм' пир""ӈан тюку хыдя нядни хэвня' ханад тарем' ӈэбта ӈод"" мань харвабцони сер' нёя ӈа"""
/Users/air/Downloads/Ненецкие аудио/data/014_342964.71875000006_352465.34375000006.wav,"пыдар харвабцонд сер' ӈэя тадтикахад пыда пуня' салъй"" тохоламбадида хонёдахандо' хойда петарт' вахалъй"" симон хонын"
/Users/air/Downloads/Ненецкие аудио/data/014_353393.46875_361881.59375.wav,"ӈопой часхарт' немаси"" мэсь нир пирас"" вэва серт' нива еремя' е""эмня нёда"" хоню"" туё""ӈада"" сёнзя' харвабцода ӈока"
/Users/air/Downloads/Ненецкие аудио/data/014_362843.46875_371702.84375.wav,"пыхыдахав' ныхыда тянё иисус ӈани' пырдари' хая ӈобтикы вадаха""ната туё""ӈа тадтикахад пуня' салкая ӈани' хонёдахандо' хойда"
/Users/air/Downloads/Ненецкие аудио/data/014_372630.96875_381270.96875.wav,"пыдо' сэвто' вар"" ӈоб' ня' сюркарӈга"" нянда ӈамгэм' хэта таравам' нидо' хамэдамбю"" няхаромдэй' няндо' тованда сер' пыда ма"" нив'"
/Users/air/Downloads/Ненецкие аудио/data/014_382536.59375_391176.59375000006.wav,"тамна хоныда"" ныланада"" мась ӈэя ёльцянда то ти ненэця' нюм' хэбяхасавэй ненэцие"" ӈудаха"" митадо'"
/Users/air/Downloads/Ненецкие аудио/data/014_391986.59375_397504.71875000006.wav,"юркыда"" хэхэва"" сырӈада"" си""ми ми""манзь ватормы ненэць' мале хахаи"
/Users/air/Downloads/Ненецкие аудио/data/014_399141.59375_404085.96875.wav,иисус' вадамда малевдавэй' юкад вата сидяхад ӈопойдо' иуда тикавна ӈадимя
/Users/air/Downloads/Ненецкие аудио/data/014_405165.9687500001_414870.94604325894.wav,"ӈарка ханондани"" моисей' ватом' теневани"" ненэцие"" ӈаркти"" ӈэдаравы ненэцие"" мандал"" палысавэй' ладорабць' пясавэй' нянанда то"""
/Users/air/Downloads/Ненецкие аудио/data/014_415710.4527423557_425129.09375.wav,"иисусм' ми""манзь ватормы ненэць' няндо' ненадумда""мам' вадекая тарем' лахана хибям' нюцяӈгудм' тикы ти ня""маира"" тосарка ханаира"""
/Users/air/Downloads/Ненецкие аудио/data/014_426074.09375_433077.21875.wav,"та' ёльцьӈгана иуда тидпой"" иисусан' ялъй"" вахалъй"" равви тикаринда иисусм' нюцяда"
/Users/air/Downloads/Ненецкие аудио/data/014_434258.46875_442240.34375.wav,"пыдо' таминдо' сита ня""ма ерамбидо' хэвхананда мэвы ӈопойдо' палым' нэкалӈа ӈарка ханондана' хаби' хам' сапада"
/Users/air/Downloads/Ненецкие аудио/data/014_443050.34375_449380.5882454353.wav,"тадтикахад иисус няндо' вахалъй"" мартикм' ня""мувндадрев' си""ми ня""маванзь палыта палкадё няни тода"""
/Users/air/Downloads/Ненецкие аудио/data/014_450031.75924590783_457286.58593099116.wav,"хусувэй яля' мань нянанда"" хэбидя хардахана мэсетыдамнё"" сидда"" тохоламбасетыдамнё"" та' мальӈгана си""ми нида""нё"" пэрцету"""
/Users/air/Downloads/Ненецкие аудио/data/014_458107.66380653426_464852.84375.wav,"тарем' ӈэбта ӈод"" хэбидя падаркана падвы мал' хадкэбта тара тикы' пуд тохоламбадида сита хае мал' хуныд"""
/Users/air/Downloads/Ненецкие аудио/data/014_465865.34375_471595.6069526781.wav,ӈамгэхэв ӈопой ӈацекы хасава тохоцяри' ялри' ӈаянда ний синдё иисус' пумна миӈась
/Users/air/Downloads/Ненецкие аудио/data/014_472479.76293805445_482757.2187500001.wav,"саю"" сита ня""мара пя"" тохоця синд""мяримда хае хуркаси"" паркаси"" пыда хуны"" тадтикахад иисусм' ӈарка ханонданан' тэврадо'"
/Users/air/Downloads/Ненецкие аудио/data/014_483449.09375_492055.34375.wav,"таня' ӈарка ханондана"" ненэцие"" ӈаркта"" моисей' ватом' теневана"" мал' ма""лы"" петр ӈахакуд пумнанда ядвы"
/Users/air/Downloads/Ненецкие аудио/data/014_492848.46875000006_499935.96875.wav,"ӈарка ханондана' мяд' маряд' мю' мятю манзарани"" поӈгана ту' хэвхана пыхыдамда юдаба ӈамды"
/Users/air/Downloads/Ненецкие аудио/data/014_501117.21875_508542.21875.wav,"ӈарка ханондана"" серо тасламбади"" мандалм' няць иисусм' маядаванзь вэва серо пюрӈаць тадтикахад ӈамгэхэртм' хось я""ма"""
/Users/air/Downloads/Ненецкие аудио/data/014_509048.46875_515342.84374999994.wav,"тад ӈо"" хуркари ӈока ненэця"" иисус' ет' сиякавна лаханаць тикы сиякадо' ӈобт' ни"" ха""мор"""
/Users/air/Downloads/Ненецкие аудио/data/014_516473.46874999994_524442.6279789571.wav,"ханяӈыдо' юркорӈаць иисус' ет' сияк вади ӈадимдехэя тарем' лаханаць маня"" намдорӈаваць пыда тарем' лаханась"
/Users/air/Downloads/Ненецкие аудио/data/014_525120.2787702789_533584.7187500001.wav,"мань тюку ненэцие"" ӈудаха""на мивы хэбидя харадм' тахабтаӈгув няхар"" яля' ёльцьӈгана ӈани несэй харадм' ӈудаха""на нивы мивым' сертаӈгудм'"
/Users/air/Downloads/Ненецкие аудио/data/014_534377.84375_541634.0937500001.wav,"тикы ненэцие"" ваде""мэхэртадо' ӈобт' ни"" ха""мор"" ӈадьбята тикы' пуд ӈарка ханондана ненэцие"" ерт' нулць иисусм' хонра"
/Users/air/Downloads/Ненецкие аудио/data/014_542376.59375_550898.4687500001.wav,"пыдо' сит вомдартамби""нё"" пырдари' няндо' хэтувнда вадар яӈгу иисусхав мунзи ӈамгэхэртм' ни хэтабю"" ӈарка ханондана ӈани' хонрада"
/Users/air/Downloads/Ненецкие аудио/data/014_551590.3437500001_556922.8437500001.wav,"пыдар христосан ненэцие"" савута нум' нюн иисус нянда ма"
/Users/air/Downloads/Ненецкие аудио/data/014_557614.7187500001_563863.1986713588.wav,"манье пыдара"" ненэця' нюм' мэбета нум' маханяӈы ӈуда' хэвхана ӈамдёдаханда манэтара"""
/Users/air/Downloads/Ненецкие аудио/data/014_564488.6633875197_574489.7187500001.wav,"нув' тирхана ӈэдалё товамда манэтара"" ӈарка ханондана мэта имбытадода харта ниданда ӈадпахая ма"" нив' теда' нянана"" ӈамгэхэ""на яӈга сырта"" тара"""
/Users/air/Downloads/Ненецкие аудио/data/014_575080.3437500001_584580.96875.wav,"пыдара"" харта"" нум' ет' ӈэда вэнзу вади намдадаць пыдара"" теда' ханзер"" таслаӈгура"" ненэця"" мал' ӈокхандо' сита хадавандо' пирувна вэваӈэ тасладо'"
/Users/air/Downloads/Ненецкие аудио/data/014_585458.4687500001_594385.34375.wav,"ханяӈыдо' нянда сабцяра"" сята талахая тырепидо' тарем' лахана"" тадхава хибя' сит ладвам' ход"
/Users/air/Downloads/Ненецкие аудио/data/014_594891.5937500001_603109.71875.wav,"тикы' пуд манзарана"" ладорӈадо' та' ёльцьӈгана петркав ӈыл' няна харад' хэвхана мэвы"
/Users/air/Downloads/Ненецкие аудио/data/014_603818.46875_611294.09375.wav,"ӈарка ханондана' ӈопой манзарана недо' то пыда ту' хэвхана мэна петрм' манэ""манда сер' сита хамби""ле ма"
/Users/air/Downloads/Ненецкие аудио/data/014_612070.3437500001_619866.59375.wav,"пыдар ӈо"" назарет' тер иисус' ня' ӈобкана ниди' мэсету"" петркав таяла ма"" нив' мань ӈамгэхэртахад ехэрадм'"
/Users/air/Downloads/Ненецкие аудио/data/014_620625.9687500001_628422.21875.wav,"ӈамгэм' ваде""махартамд нидм' хамэдамбю"" вадита пуд маряд' мюд тарпы"" тикаринда харад' хоркы тёрей"""
/Users/air/Downloads/Ненецкие аудио/data/014_629400.96875_638327.84375.wav," манзарана не таняна ӈани' сита манэць хэвхананда мэна ненэцяӈг"" ма"" нив' тайкуй ти ӈопойдо' петр ӈани' таялы"" ӈаво"" пирка""на тикана нуна"" петарт' ӈани' вахалъяд"""
/Users/air/Downloads/Ненецкие аудио/data/014_638969.09375_645314.09375.wav,"пыдар галилея' я' тернанё"" ненэся пыдар ӈобто' нинав' ӈа"""
/Users/air/Downloads/Ненецкие аудио/data/014_646191.59375_654966.5937500001.wav,"пыда харта пыхыдамда мэтыбахая няндо' валыторць ма пыдара"" вадета ненэцямда"" мань ехэрав тикарихина харад' хоркы нябимдей' тёрей"""
/Users/air/Downloads/Ненецкие аудио/data/014_655607.84375_665580.96875.wav,петр иисус' неры хэтвы вади тензибте харад' хоркы сидя' тёрева' нерня пыдар няхар' нядни таялтын тикы' пуд сёнзянда тахара ярума
/Users/air/Downloads/Ненецкие аудио/data/013_3591.5937500000005_10611.59375.wav,"иисус' хэбидя хардахад тарп""махаданда ӈопой тохоламбадада нянда ма сидна"" тохоламбадава"" манэкарт"
/Users/air/Downloads/Ненецкие аудио/data/013_11151.59375_14965.343750000002.wav,"хуркари пэ"" хуркари харад"" иисус нянда вахалъй"""
/Users/air/Downloads/Ненецкие аудио/data/013_15927.218750000002_25697.84375.wav,"тюку ӈарка хардаха"" сырӈан вад' тюкохона пэ' ниня ӈобкарт пэ ни хаёд"" хусувэй ӈамгэ мал' тахараӈгу иисус елеон' хой' ниня ӈамды"
/Users/air/Downloads/Ненецкие аудио/data/013_26659.71875_35384.09375000001.wav,"е""нянда хэбидя харад ну петр иаков иоанн тад ӈани ӈопой андрей ненэцяӈгат ерме сита хонра"""
/Users/air/Downloads/Ненецкие аудио/data/013_36177.21875_44901.59375.wav,"хэтхарт тарця ил' сяха' тута тарця ӈамгэ' хадкэва' ёльцянда сяха' товам' маня"" ханзер"" хамэдаӈгува"" ненадода ӈамгэ"
/Users/air/Downloads/Ненецкие аудио/data/013_45914.09375_55347.21875.wav," иисус няндо' вадамда нэкалӈа тосаркада"" сидда"" сиякан' нёя тэвра"" хуркари"" мань нюмми мэць турта"" тарем' лаханорта"""
/Users/air/Downloads/Ненецкие аудио/data/013_55853.46875000001_59768.46875.wav,"теда' тюку тона мань тикы вадан' ӈока ненэць' нельтереӈгу"""
/Users/air/Downloads/Ненецкие аудио/data/013_60713.46875_67311.59375.wav,"хахаяда яхана хубта яхана сайнорти намдабата"" сейда"" нёя"" пин"" тарць"" сер"" харто' таняӈгу"""
/Users/air/Downloads/Ненецкие аудио/data/013_68138.46875_75209.09375000001.wav,"тарць"" серо"" таняб"" ӈод"" тамна ёльцянда ни тов"" ненэцие"" тэнз"" ӈани ненэцие"" тэнзха""на сайнорта"""
/Users/air/Downloads/Ненецкие аудио/data/013_76238.46875000001_84119.09375.wav,"параӈода' ё"" тер"" ӈани параӈода' ё"" терха""на хавыдаӈгу"" ханянатаняна я манзадаӈгу мале сян яхана сэрад тута"
/Users/air/Downloads/Ненецкие аудио/data/013_85452.21875_94092.21875.wav,"тикахабида едя' ниня мэна не' нюртей тебвы не' едяраха"" пыдхавара"" ӈоб' хамэдыда"" сидда"" судеӈголава мяк"" тэврамбаӈгу"""
/Users/air/Downloads/Ненецкие аудио/data/013_94834.71875_103373.46875.wav,"ма""люӈгалава мякана сидда"" ладорпаӈгу"" мань е""эмняни ӈамгэ хадкэвы ваде""манзь параӈоди"" ерво"" сяк"" сидда"" нултамбаӈгу"""
/Users/air/Downloads/Ненецкие аудио/data/013_103930.34375_108267.21875.wav,ёльцянда тэвва' нерня хусувэй я' тер маймбабцо юнм' намдабата тара
/Users/air/Downloads/Ненецкие аудио/data/013_109127.84375_117902.84375.wav,"сидда"" ня""махая судан' ханабато' ӈахакуд ӈаво ваде""манда"" нямна сейда"" нёя"" няркан"" ёльцянда тоб"" тарана вада"" харто' няӈганда"" тута"""
/Users/air/Downloads/Ненецкие аудио/data/013_118780.34375_127808.46875.wav,"вадета вадида"" пыдара"" вадида"" ни"" ӈа"" хэбидя индкад ӈэӈгу"" некаюм' папамда хадаванзь мита ню' нися харта нюмда хадаванзь мита"
/Users/air/Downloads/Ненецкие аудио/data/013_128517.21875000001_136313.46875.wav,"ӈацекы"" небяхато'нисяхато' я""авлаӈгу"" тикы' пуд хадаванзь митыдо' мань е""эмняни хусувэй ненэць' сидда"" сэхэдаӈгу"
/Users/air/Downloads/Ненецкие аудио/data/013_137309.09375000003_147299.09375.wav,"ханяӈэра"" ёльцянда това' ӈэсонд' ни ладод"" тикара"" ӈэдавы ӈэӈгу ханяна ям' вомдамбада нанзкабтада ӈамгэри манэ""пата"" таняна тарця ӈамгэри' таня ниб""нанда серос"" "
/Users/air/Downloads/Ненецкие аудио/data/013_148210.34375000003_158250.96875.wav,"тюку вади толабада хамэдамда та' ёльцьӈгана иудея' яхана иленя"" хоян' хуныдамд"" хибяхав харад' махалэй' ниня мэб""нанда таси' нёямд"" ха""ам"""
/Users/air/Downloads/Ненецкие аудио/data/013_158858.46875_165169.71875000003.wav,"ӈамгэридамда ханаванзь мят' нёя тю"" нянь' ӈуво"" вадюлавахана мэна панэдамда ханаванзь мят' нёямд"" сал"""
/Users/air/Downloads/Ненецкие аудио/data/013_166249.71875_175193.46875000003.wav,"тикы яляха""на саӈговота не"" ӈаволкода не"" саць маяндорта"" хынумдада"" сыра' ёльцьӈгана тарця хадкэна яӈгоя"
/Users/air/Downloads/Ненецкие аудио/data/013_176155.34375_184795.34375.wav,"тикы яляха""на тарця мая' таняӈгу тарця мая' нум' ям' миделеванда мальӈгэхэд тев' ӈэсонд' сяхаӈгарт' яӈгусь сяхаӈгарт' яӈгода"
/Users/air/Downloads/Ненецкие аудио/data/013_185740.34375_193620.96875.wav,"та' мальӈгана нум' ерв тикы ялэ хэбимдевы нибта ӈа"" ӈобкарт ӈэдаванда ненэць' яӈгодась тэравыта е""эмня тикы ялэ хэбимдевыда"
/Users/air/Downloads/Ненецкие аудио/data/013_194633.46875_202986.59375000006.wav,"та' ёльцьӈгана хибяри' нянда"" мамб"" ти христос тюкохона мэ нябинзер' мамбта ти пыда тайна мэ тикан' нёда"" пунрю"""
/Users/air/Downloads/Ненецкие аудио/data/013_203847.21875_208116.59375.wav,"тад ӈо"" хуркари сияк христос"" сияк нум' вади вадета"" ӈадимда"""
/Users/air/Downloads/Ненецкие аудио/data/013_209399.09375_217769.09375.wav,"тарем' хэбтя нум' тэравы ненэцие нельтембаванзь хуркари ненадо и' хэбиле""мя серо манэ""лабтамбаӈгу"" ӈадьбята пыдара"" тосаркада"""
/Users/air/Downloads/Ненецкие аудио/data/013_218629.71875_227455.34375000006.wav,"тикы' нямна мань мале ӈахакуд нянда"" вадини мал' хэтын тикы яляха""на тикы мая' пуд хаер"" сиднолты"" иры ялясяӈгу"
/Users/air/Downloads/Ненецкие аудио/data/013_228096.59375_232079.0670930745.wav,"нумгад нумгы"" мантэӈгуд"" нув' нярахана таняна ныхы"" манзадаӈгу"""
/Users/air/Downloads/Ненецкие аудио/data/013_232859.3650666588_239512.38907345946.wav,тадтикахад ненэця' ню' ӈарка ныхым' мэць ӈарка ӈардабцом' мэць тирхана ӈэдалё товамда манэтадо'
/Users/air/Downloads/Ненецкие аудио/data/013_240310.77999207223_250590.96875.wav,"тет я' панхад я' малхад нув' пан' ӈэсонд' нум' тэравы ненэциеда ма""лаванзь нув' юне ядэлани ӈэдараӈгу пыдара"" смоковница пян' сырӈада"""
/Users/air/Downloads/Ненецкие аудио/data/013_251485.34375000003_261239.09375.wav,"лахарё' хари хамэдэйда"" пя' мал' нюламб"" вэбита сибдёб"" теневабта"" сава тадри' танда хахаялма тюкохона ӈобтарем' тарця"
/Users/air/Downloads/Ненецкие аудио/data/013_262065.96875000003_267381.59375000006.wav,"хусувэй тарця хадкэвам' манэ""пата"" теневада"" пыда хахаи нё' си' хэвхана мэ"
/Users/air/Downloads/Ненецкие аудио/data/013_268478.46875_276190.34375.wav,"ненэся нянда"" мадм' тарця сер"" теда' миндя ила' сусавдавэй' мале хадкэӈгу"" нумг'яха' сэяӈгуху'"
/Users/air/Downloads/Ненецкие аудио/data/013_276932.84375_286264.71875000006.wav,"мань вадахабини сяхаӈгарт' ни"" сэяӈгу"" тикы яляхад тикы часхад хибяхарт ехэра нумгана иленя нув' юне ядэлана"" ярме""ма"
/Users/air/Downloads/Ненецкие аудио/data/013_286990.34375_296136.59375000006.wav,"нюда ехэрава ӈопой нисярида тенева сырӈада"" нёда"" хоню"" туё""ӈада"" сяха' тарця' хадкэвахад пыдара"" ехэрада"""
/Users/air/Downloads/Ненецкие аудио/data/013_297250.34375_305367.21875.wav,"тикы тарця' то""лаха ӈэӈгу мяд' ерв хубта яха"" ёндорць хэванда сер' хабида мята ерв""ӈэ хаейда хусувэхэндо' манзаи ми""ӈа"
/Users/air/Downloads/Ненецкие аудио/data/013_306059.09375000006_313365.96875000006.wav,"мята ерембада еням' нись хоню"" табэдада пыдара"" ӈо"" нёда"" хоню"" сяха' мята"" ерв' товахад ехэрада""нё"""
/Users/air/Downloads/Ненецкие аудио/data/013_314040.96875000006_323524.71875000006.wav,"харвобта пэвсюмя' няна тутнакы пи' сава ерня' тутнакы тикахавахад харад' хоркы' тёрева' ёльцьӈгана тутнакы харвобта ӈули"" хубтахана тутнакы"
/Users/air/Downloads/Ненецкие аудио/data/013_324419.09375_332316.59375000006.wav,"мята"" ерв лакри' тованда ёльцьӈгана хонёдаханда"" сидда"" нёя ху"" мань нянда"" вадета вадини хибярин' хэтыбин нёда"" хоню"""
/Users/air/Downloads/Ненецкие аудио/data/006_3287.8437500000005_9396.59375.wav,"иисус мэ""ма яхаданда хэ""мяхаданда харта марканда салъй"" тохоламбадида ӈобтарем' пумнанда хая"""
/Users/air/Downloads/Ненецкие аудио/data/006_10274.093750000002_18374.09375.wav,"еврей"" ныланава яля' тось ма""люӈгалава мякана ненэцие тохоламба пя нянда инзелевы ненэця"" пысаӈга"" тарем' ма"""
/Users/air/Downloads/Ненецкие аудио/data/006_19234.718750000004_27840.96875.wav,"тикы хасава' ханяд ховы серода ханзер"" тарця и' ӈудм' нянда ми""мы пыда ханзер"" тарця мутры сертаба пир""ӈада пыда миртя ни ӈа"""
/Users/air/Downloads/Ненецкие аудио/data/006_28515.968750000004_38084.09375.wav,"мария' хасава ню иаков' иосии' иуда' симон' некадо' ни ӈа"" не папанада ӈобтарем' поӈганана"" ни"" мы"" тарць"" хараха""на ненэця"" сита хуревы"""
/Users/air/Downloads/Ненецкие аудио/data/006_38759.09375000001_46200.96875.wav,"иисус няндо' тарем' ма нум' вади вадетам' харта янда хавна янда тер"" мята тер"" хавна хуркари яха""на тисьдедо'"
/Users/air/Downloads/Ненецкие аудио/data/006_47230.34375_56039.09375000001.wav,"пыда ӈудаха""ната сянри хаӈгуртам' савумдаванда хавна таняна ӈамгэхэрт мутрам' серта нись пирас"" иисус ненэцие"" нива пунрёван' пысаӈгась"
/Users/air/Downloads/Ненецкие аудио/data/006_57844.71875000001_61609.00905565215.wav,"тикы' пуд иисус хахаяда ӈысы""мана ядэрць ненэцие тохоламбись"
/Users/air/Downloads/Ненецкие аудио/data/006_62366.79870282425_71513.46875.wav,"юкад вата сидя тохоламбадамда иисус нянда ханъяда ӈылекы питарпавандо' е""эмня ныхыдамдо' няндо' ми""ӈа сидлад' ӈэдарамба пяйда"
/Users/air/Downloads/Ненецкие аудио/data/006_72306.59375_82060.34375.wav,"иисус няндо' табеко тарем' ма хэб""нанда"" ядацянда"" хавна ӈамгэхэртм' нёда"" хана"" няньхартм' падхартм' нихи""нята"" ӈэда есьта"" ӈэсяӈгартм' нёда"" хана"""
/Users/air/Downloads/Ненецкие аудио/data/006_82752.21875000001_91932.21875.wav,"пибида"" серада"" вата имбытадо' нёда"" серыбю"" иисус тамна няндо' ма хуркари мят' тюб""нанда"" тикы яхад хэванда"" ӈэсонд' таняна мэда"""
/Users/air/Downloads/Ненецкие аудио/data/006_92674.71875_101061.59375.wav,"хибяри"" сидда"" мят' тюлеван' ниб""нандо' харва"" нянда"" инзелеван' ниб""нандо' харва"" тарця ненэцие"" мякад тарпаванда"" сер' вэва ӈэвамдо' манэ""лабтара"" "
/Users/air/Downloads/Ненецкие аудио/data/006_101989.71875_111270.96875.wav,"ӈэта"" таб"" яӈгъяда"" тиканда тохоламбадида хая"" ненэцие"" хэбяхыдо' хаева' ед' вадам' минре"" пыдо' ӈока ненэцяӈгат ӈылекы питарпи"""
/Users/air/Downloads/Ненецкие аудио/data/006_111777.21875_120029.09375.wav,"ӈока ненэцие юркана масарпа савумдамби"" иисус' юнда я' тиӈгэвна латы"" ирод параӈода' хаха"" тэвы"""
/Users/air/Downloads/Ненецкие аудио/data/006_120636.59375_129006.59375000001.wav,"ханяӈы ненэця"" ма"" тикахав яӈгумы хэхэдаӈгода иоанн' илело""ма ӈадьбята хуркари мутры сертаба пир""ӈа манда"" ма"""
/Users/air/Downloads/Ненецкие аудио/data/006_129816.59375000001_138810.96875.wav,"тикахав илия ӈани ханяӈы"" ма"" тикахав невхы нум' вади вадетахат ӈобто' ӈэдакы ирод тарця лахарю намда тарем' ма"
/Users/air/Downloads/Ненецкие аудио/data/006_143434.71875_151737.21875.wav," иродар папанда филипп' нем' иродиадам' неданда мэдась тадтикахад ненда табеко' сер' иоаннм' ня""маванзь ненэцие ӈэдара"
/Users/air/Downloads/Ненецкие аудио/data/006_152429.09375000003_159955.34375.wav,"тад пуна сярулава мят' ӈабтада иоанн иродан' манзетвы папанда нем' неданда мэсь вуни серос"""
/Users/air/Downloads/Ненецкие аудио/data/006_160731.59375_169793.46875000003.wav,"ӈадьбята иродиадар иоаннм' волтамбаванда нид хадаван' харвадась ханзеркарт"" мэсь нидась пирас"" ирод иоаннм' пилю""ӈадась"
/Users/air/Downloads/Ненецкие аудио/data/006_170789.09375_180525.96875.wav,"иоанн' ирт"" ӈэда нум' вато' сер' илена ненэць' ӈэвахаданда пыда теневась ӈадьбята сяӈадась тисьдедась иоанн' муӈг"" намдорпата ӈод"""
/Users/air/Downloads/Ненецкие аудио/data/006_181369.71875_188625.96875.wav,"ваде""мэхэта инда ядан' инзелеб""нанда ӈод"" ханяӈы вадида сейханда саць теберцетвы"" ӈоб"" та' ӈэда яля ӈадимя"
/Users/air/Downloads/Ненецкие аудио/data/006_189756.59375_198497.84375.wav,"ирод соя""ма яляхананда галилея' ӈарка ерво ёнар"" сайнорти"" ерво галилея' тер"" васкуй мал' мяди""мярманзь ханъяда"
/Users/air/Downloads/Ненецкие аудио/data/006_199611.59375000006_208200.96875.wav,"тикы мяди""мярма яляхана иродиада' не ню то тара тарабцода ирод' сеян' мядондита сеян' сававна ха""мы"""
/Users/air/Downloads/Ненецкие аудио/data/006_208943.46875_215153.46875.wav,"параӈода пирибтян' ма ӈамгэн' харван нянд тарцям' татадм' тамна тяха' ватора вахалъй"""
/Users/air/Downloads/Ненецкие аудио/data/006_216081.59375_224822.84375.wav,"вадами тарця ӈамгэм' хаман' харван тарцядар хай"" харвабат параӈода яни пеля ӈэя иродиада' не ню хая небяханда хонарку"
/Users/air/Downloads/Ненецкие аудио/data/006_225582.21875_234171.59375000003.wav,"ӈамгэм' хандадм' небяда ма хэхэдаӈгода иоанн' ӈэва хай"" минханда пыда паромба параӈодан' хая ханорць пэй"""
/Users/air/Downloads/Ненецкие аудио/data/006_235032.21875000003_238694.09375.wav,хэхэдаӈгода иоанн' ӈэвам' педряв хыдя' мюня мер' няни тэврад
/Users/air/Downloads/Ненецкие аудио/data/006_239875.34375_248599.71875.wav," параӈода' ида ӈули"" вома ватормы ваданда нид ӈамдёвы мядондита сякана иродиада' не ню' вадам' мада нида пирас"""
/Users/air/Downloads/Ненецкие аудио/data/006_249814.71875000006_255872.84375.wav,ирод тикарихина хэхэдаӈгода иоанн' ӈэвам' хосая ераӈгодамда табэда ӈэдарада
/Users/air/Downloads/Ненецкие аудио/data/006_256665.96875_265964.09375.wav,"ераӈгодада сярулава мят' хая иоанн' ӈэвам' сапада педряв хыдя' мюня пирибтян' ми""ӈада пирибтя ӈани' небяханда ми""ӈада"
/Users/air/Downloads/Ненецкие аудио/data/006_267060.96875_273692.84375.wav,"иоанн' тохоламбада"" тикым' намд""махадандо' то"" хальмерамдо' ханадо' пэмбад' мю' сюрӈадо'"
/Users/air/Downloads/Ненецкие аудио/data/006_275329.71875000006_284138.46875.wav,"ӈэдаравыда иисус' хэван' ма""лы"" пэрмы серодо' ненэцие ӈамгэн' тохола""мидо' нянда мал' ваде""ядо' ӈока ненэця"" турмы"" хан""мы"""
/Users/air/Downloads/Ненецкие аудио/data/006_285049.71875_291900.96875.wav,"ӈаворкарта таӈгадо' яӈговы ӈадьбята иисус няндо' ма хар""на"" вэӈго ян' хэхэва"" тянёмбовна нылэйда"""
/Users/air/Downloads/Ненецкие аудио/data/006_292845.96875_300692.84375.wav,"ӈадьбято' харто' яландо' вэӈго ян' ӈанута хая"" ӈанута хэвамдо' ӈани ненэця"" манэ""ӈадо' хибя ӈэвамдо' хамэдадо'"
/Users/air/Downloads/Ненецкие аудио/data/006_301300.34375_310851.59375.wav,"ханядтаняд хардо"" ӈысыхыт пумнандо' сюрмба нерандо' няна таня' тэввыд"" иисус ӈанонда мюд ян' ха""маванда сер' ӈока ненэцие манэ""ӈа"
/Users/air/Downloads/Ненецкие аудио/data/006_311762.84375_320689.71875.wav,"пыдо' танырцяда ху' ман дал' то""олхаць ӈадьбята сиддо' сялилӈа ӈокавна тохоламба пяйда нумда мале пэвсюмя' няю' ха"" мыць"
/Users/air/Downloads/Ненецкие аудио/data/006_321668.46875000006_331287.21875.wav,"тохоламбадида хэвханда тэвхая ма"" тю кохона яда терси нумда мале пэвсюмя ненэцие хахаяда ӈысыхы"" хардо"" ӈысыхы"" ӈэдарана""ма"
/Users/air/Downloads/Ненецкие аудио/data/006_331962.21875000006_339437.84375.wav,"ӈамандадамдо' тэмдаванзь хэя""ма иисус нян до' ма пыдара"" харта"" ӈавлэйда"" тохоламбади да нянда ма"""
/Users/air/Downloads/Ненецкие аудио/data/006_340416.59375_349343.46875.wav,"маня"" сидя юр"" динарий есяхана няньдамдо' тэмдаванзь хандава"" тикаха""на ӈав лаӈгуна"" иисус сиддо' хонра няньра"" сяӈок хаяда"""
/Users/air/Downloads/Ненецкие аудио/data/006_349849.71875_355300.34375.wav,"манэ""ӈара"" пыдо' манэ""ӈадо' нянда ма"" самляӈг няньва"" сидя халява"""
/Users/air/Downloads/Ненецкие аудио/data/006_356464.71875000006_366100.34375.wav,"тадтика хад иисус ненэцие мале сян мандал""ӈэ илебей ӈамдэцавэй я' ни' ӈабта табэдэйда ненэця"" юр' мян' самляӈг юд' мян' мандал""ӈэ ӈамдыд"""
/Users/air/Downloads/Ненецкие аудио/data/006_367028.46875_374571.59375.wav,"иисус самляӈг няньм' сидя халям' ня""махая нув' няю' саӈомда ила нумд' сава вади хэтахая няньм' ма ляда"
/Users/air/Downloads/Ненецкие аудио/data/006_375229.71875_383549.09375.wav,"тадтикахад тохоламбадахата ми""йда ненэци е"" помна тярць табэдэйда сидя халям' ӈобтарем' ненэцие"" помна тярманзь ми""ӈахаюда"
/Users/air/Downloads/Ненецкие аудио/data/006_388510.34375_396947.84375.wav,"тикан да хавна хаёвы няньхат халяхат юкад вата сидя паӈгалмы едм' пандаць нянё ӈавормы"" хасава ри"" самляӈг ёнарто' ӈэвы"
/Users/air/Downloads/Ненецкие аудио/data/006_398584.71875_407342.84375.wav,тадтикахад ненэцие ӈэдарамбаваханда иисус тохоламбадида ӈано' мю' тихия то' тяханя' вифсаидан' неранда няна хэсь табэдэйда
/Users/air/Downloads/Ненецкие аудио/data/006_407950.34375_416354.09375.wav,"сиддо' ӈэдара""махаданда хой' ня' туё""манзь хая нумда пэвсюмзь ӈанодо' то' ерт' тэвы"" иисус ӈопойриӈэ я' ниня хаи"
/Users/air/Downloads/Ненецкие аудио/data/006_417062.84375_422175.96875.wav,"нерандо' няд миндя мерцям' пирда""лемба лабитани пудана ныхыдо' мэти манэ""ӈа"
/Users/air/Downloads/Ненецкие аудио/data/006_422699.09375_428419.71875.wav,"ялянда ӈод"" тю""у' пявдавэй' иисус то' и""мана няндо' хая хэробтаван' харвэйдась"
/Users/air/Downloads/Ненецкие аудио/data/006_429179.0937500001_438038.4687500001.wav,"то' и""мана миндям' ма""нэмандо' сер' тикым' ихиняндо' тэри ӈамгэӈэ пядо' тюры""лыд"" сита мал' ӈокхандо' манэ""ӈа"""
/Users/air/Downloads/Ненецкие аудио/data/006_438595.34375_445716.59375.wav,"сейдо' хая"" иисус минханда вахалъй"" сейда"" мэйрэйда"" маньнё"" сейда"" нёя"" пин"""
/Users/air/Downloads/Ненецкие аудио/data/006_446745.96875_453850.34375.wav,"тадтикахад иисус ӈанондо' мю' тий"" мерцяда таминда хэ""на тохоламбадида тасиримна ёльце пысэйд"""
/Users/air/Downloads/Ненецкие аудио/data/006_455048.46875_461085.3118253877.wav,"нямэхэна ханзер"" нянё ӈокамда""мада ненэцие ӈавла""мада тохоламбадита ихи"" нивы"" тэв"""
/Users/air/Downloads/Ненецкие аудио/data/006_461714.88763882173_470303.46875.wav,"пыдо' сёнзьто' мюй"" хонёдадрев' ӈамгэхэртм' ни"" хамэдамбю"" том' тяханя' мада""махадандо' генисарет' я' варан' нултадо'"
/Users/air/Downloads/Ненецкие аудио/data/006_471180.96875_479584.71875.wav,"ӈанондо' мюд ха""ма""махадандо' тикана мэна ненэця"" иисусм' минхандо' тумдадо' ненэця"" ханямнатанямна хардо"" хэвхы я""амна хая"""
/Users/air/Downloads/Ненецкие аудио/data/006_480293.4687500001_485356.2169926661.wav,"иисус' ханяна мэвам' намда таня' хаӈгуртидо' пэӈ"" ниня мине тэволэйдо'"
/Users/air/Downloads/Ненецкие аудио/data/006_486118.10934434406_493557.21875.wav,"иисус' ханяри' тэвбата хардо"" ӈысыхы""на марка""на ӈысыхы""на хаӈгуртидо' таӈго ян' тэврасетыдо'"
/Users/air/Downloads/Ненецкие аудио/data/006_494519.09375_500442.21875000006.wav,"паныта вакрихи"" тебва' е""эмня иисусм' ханзетыдо' нянда тебермы ненэця"" мал' савумзеты"""
/Users/air/Downloads/Ненецкие аудио/data/001_5852.84375_13817.843750000002.wav,нум' ню' иисус христос' нямна ӈэда маймбабцо юн' нерденя нум' вади вадета' исайя' падаркана тарем' пады
/Users/air/Downloads/Ненецкие аудио/data/001_14425.34375_22829.09375.wav,ти неранд няд сехэрэдамд хамэдавандаӈэ мань нув' юне ядэланами ӈэдарадм' вэӈго яхана тюрыта' вабц со
/Users/air/Downloads/Ненецкие аудио/data/001_23639.09375_32633.46875.wav,"нум' ерв' сехэрэдамда хамэдада"" недамда ненземдара"" тарем' иоанн вэӈго ян' ӈадимя хэхэдаӈгованда сер' ненэцие ханзь тарем' ма"
/Users/air/Downloads/Ненецкие аудио/data/001_33645.96875_42960.96875.wav,"хэбяхыда"" хаейда"" хэхэдаӈгуда"" тиканда нум' хэбяхыда"" ха""авраӈгуда иудея' я' иерусалим' марад' тер"" малмбой' нянда миӈа"""
/Users/air/Downloads/Ненецкие аудио/data/001_43804.71875_50723.46875.wav,"хэбяхыдо' индо' ядан' ваде""ядо' иордан' яхахана иоанн сиддо' хэхэдамби иоанн"
/Users/air/Downloads/Ненецкие аудио/data/001_51415.34375000001_58722.21875.wav,"маха ху""ла юно' верблюд' таркад паӈгалмы паным' мэ""ӈа ёнэнда тяхана тобъёва ни сяры"
/Users/air/Downloads/Ненецкие аудио/data/001_59684.09375_68509.71875.wav,"ӈавраданда явна маирти юрите""э пилю"" юре мэ""ӈа ненэцие ханзь тарем' лахана пумнани миндя нядни ва""ӈа"
/Users/air/Downloads/Ненецкие аудио/data/001_69134.09375_77132.84375.wav,"ӈари"" маньзяван нянани пибита те""ме таси' хо""леркая екахарта ни серос"" мань сидда"" икана хэхэдамбидм'"
/Users/air/Downloads/Ненецкие аудио/data/001_78128.46875000001_86582.84375000001.wav,"пыда сидда"" хэбидя индкана хэхэдамбаӈгу тикы ялэ"" ёльцьӈгана галилея' яхана ӈэда назаретхад иисус то"
/Users/air/Downloads/Ненецкие аудио/data/001_87308.46875_95543.46875.wav,"иордан' яхахана иоанн сита хэхэда икад тарпаванда сер' тикы' минда иисус лакри' нув' няра' няӈгармам' манэ""ӈа"
/Users/air/Downloads/Ненецкие аудио/data/001_96606.59375_103980.96875.wav,"голубьм' нюбета нув' сармикадарев' хэбидя индад' нянда ха""мотавам' манэ""ӈа нув' няд лаханана мамононда"
/Users/air/Downloads/Ненецкие аудио/data/001_104892.21875_113430.96875.wav,"пыдар мань мэненами нюми ӈэ"" нинав' сейханани поин таминда тикы' пуд хэбидя инд"" иисусм' вэӈго ян' ханада"
/Users/air/Downloads/Ненецкие аудио/data/001_114561.59375_122678.46875.wav,"иисус' вэӈго яхана тет ю"" яля' мэва' сер' сатана хэбяха серк"" сита ханзь хорпи иисус я' сармик"" поӈгана мэ"
/Users/air/Downloads/Ненецкие аудио/data/001_123674.09375_134136.59375.wav,"тикы ялэ"" ямбха""на нув' юне ядэлана"" сита нядаби"" иоаннм' сяр""махадандо' нум' маймбабцо юнм' ваде""манзь иисус галилеян' хая"
/Users/air/Downloads/Ненецкие аудио/data/001_135030.96875_144143.46875.wav,"пыда ма ёльцянда тэвы"" нум' параӈода' я нядна"" хахаялма хэбяхыда"" хаейда"" маймбабцо юнан' пунрыда"""
/Users/air/Downloads/Ненецкие аудио/data/001_145695.96875000003_155145.96875.wav,"галилея' то' хэвувна миманда сер' иисус поӈгам' моёпадаха' симонм' андрейм' манэ""ӈа андрей симон' папа ӈэвы пыди' ёртяха'"
/Users/air/Downloads/Ненецкие аудио/data/001_155955.96875_165287.84375.wav,"иисус нянди' ма пумнани тоди' мань сидди' ненэцие нумд' тэврамбадаӈэ сертаӈгудм' пыди' тикаринди' ӈод"" поӈгади' хае пумнанда пяди'"
/Users/air/Downloads/Ненецкие аудио/data/001_166300.34375000003_174805.34375000003.wav,"ӈамгэ' пират' хэ""мяхаданда пыда ӈано' мюня поӈгади' сэдорпадаха' зеведей' нюм' иаковм' иаков' папам' иоаннм' манэ""ӈа"
/Users/air/Downloads/Ненецкие аудио/data/001_175919.09375_182314.71875000006.wav,"тикаринда ӈод"" нянда хаӈахаюда нисямди' манзаранита ня' ӈано' мюня хаеди' пыди' пумнанда хаяха'"
/Users/air/Downloads/Ненецкие аудио/data/001_188035.34375_197924.09375000006.wav,"тикыринда ӈо"" еврей"" ныланава яляхана пыда ма""люӈгалава мят' тю ненэцие тохоламба пя ненэця"" тохоламбабцонда мэсыт' пысаӈгаць"
/Users/air/Downloads/Ненецкие аудио/data/001_198632.84375_205770.96875.wav,"пыда моисей' ватом' теневани"" то""лаха нись ӈа"" пыдхавада ӈарка ерв' ныхым' мэтадарев' сиддо' тохоламбись"
/Users/air/Downloads/Ненецкие аудио/data/001_206530.34375_211660.34375.wav,"та' мальӈгана ма""люӈгалава мякана ня""маравы ненэць' мэвы тарем' тюры""ӈа"
/Users/air/Downloads/Ненецкие аудио/data/001_212402.84375_220671.59375000003.wav,"назарет' тер иисус нянана"" ӈамгэ сел таня сидна"" хадарабтаванзь тосан хибя ӈэвамд теневав хэбидя нумд"
/Users/air/Downloads/Ненецкие аудио/data/001_221380.34375_225396.59375.wav,"иисус сита таб""ламба ма мунзялв"" сёнзянда мюд тарпад"""
/Users/air/Downloads/Ненецкие аудио/data/001_226628.46875_236736.59375000006.wav," тикаринда ӈод"" ӈылекада ненэця' пыхыдм' ледребтехэя ӈарка тёрм' мэць ненэця' сёнзя' мюд тарпы"" ненэця"" мал' ӈокхандо' сейто' хэсь нидо' хонрамби"""
/Users/air/Downloads/Ненецкие аудио/data/001_237259.71875_245157.21875000003.wav,"тикы ӈамгэ тарця ныхым' мэць едэй тохоламбада сер"" пыда ӈылекахарт табэдамби пыдо' ӈо"" мунда сер' ӈа"""
/Users/air/Downloads/Ненецкие аудио/data/001_246034.71875_249932.84375.wav," тикаринда ӈод"" нямнанда ӈэда юн галилея' я' тиӈгэвна латы"""
/Users/air/Downloads/Ненецкие аудио/data/001_251181.59375_260074.71875000006.wav,"ма""люӈгалава мякад тарп""махадандо' иисус тохоламбадида няць симонаха' андрейха' мят' то иаков иоанн ӈобтарем' нянандо' тоӈаха'"
/Users/air/Downloads/Ненецкие аудио/data/001_261070.34375_267347.84375000006.wav,"симон' пухуцянда небя ӈая' ядё' хабцяӈгана хаӈгурць юседа хаӈгурмамда минхандо' иисусан' ваде""ӈадо'"
/Users/air/Downloads/Ненецкие аудио/data/001_268326.59375_276764.09375.wav,"хэвханда тэвхая иисус ӈудахаданда сита тю""уку' ила таминда ӈо"" хабця' няданда хэ""мяхаданда не мядондида манзаяць пя"
/Users/air/Downloads/Ненецкие аудио/data/001_278350.34375000006_287277.21875000006.wav,"пэвсюмя' няна хаерад' пакало""махад хаӈгурти ня""маравы мал' нянда тэволэйдо' харад' тер"" мал' нёнда си' хэван' ма""лыд"""
/Users/air/Downloads/Ненецкие аудио/data/001_289049.09375_295039.71875.wav,"хуркари хабцяӈга""на хаӈгурта ӈока ненэцям' пыда савумдамби ненэцие"" сёнзь"" мюд ӈока ӈылекам' питарӈа"
/Users/air/Downloads/Ненецкие аудио/data/001_296001.59375000006_305586.59375.wav,"ӈылека"" сита тенева"" ӈадьбята пыда ӈылекаха"" ӈамгэхэртм' нива ваде""ма' няю' табеку хув' мер' нумда пэвван' иисус юркы"""
/Users/air/Downloads/Ненецкие аудио/data/001_306244.71875_314344.71875.wav,"пин' тарпы"" вэӈго ян' хая таняна туёць пэй"" симонхав нянанда мэна нита ня' иисусм' пюрманзь хая"""
/Users/air/Downloads/Ненецкие аудио/data/001_315188.46875_323592.21875.wav,"сита хо""махадандо' нянда ма"" ненэця"" мал' сит пюрӈа"" пыда няндо' ма хахаяда ӈарка хардаха"" хэхэва"""
/Users/air/Downloads/Ненецкие аудио/data/001_324182.84375_328080.96875.wav,"таняна ӈобтарем' мань нум' вади вадетадм' мань тикы' е""эмня тодамзь"
/Users/air/Downloads/Ненецкие аудио/data/001_328924.71875_336636.59375000006.wav,"ӈадьбята галилея' я' тиӈгэвна ӈэда ма""люӈгалава мяка""на нум' вади ненэцяӈг"" ваде""ӈа хаӈгурта ненэцие"" ӈылекы питарпи"
/Users/air/Downloads/Ненецкие аудио/data/001_338374.71875_347318.46875.wav,"мерёда ниня тораӈгана ненэць' иисусан' то неранда няд пулыта ни' мо""нахая хынумда вахалъй"" харвабцонд таняб"" си""ми хабтумда пиртан"
/Users/air/Downloads/Ненецкие аудио/data/001_348044.09375_356127.21875.wav,"иисус сита сялилӈа ӈудамда вэӈгалахая нянда ӈодь' теба ма ханядм' харва"" тадхав хабтув"""
/Users/air/Downloads/Ненецкие аудио/data/001_357190.34375_365745.96875.wav,"минхандо' ниня тораӈгана мерюда тора"" ӈоб' хабтума тадтикахад сита ӈэдарамба иисус я""авла нянда тарем' табекурӈа"
/Users/air/Downloads/Ненецкие аудио/data/001_366319.7187500001_372107.84375.wav,"инзеле"" хибяхартан' ӈамгэхэртм' нён вадес"" ӈопой ханонданан' хань"" пыхыдар нянда манэ""лабтад"
/Users/air/Downloads/Ненецкие аудио/data/001_372884.09375_377693.46875.wav,"савумаханд ненэцие"" пунрава' е""эмня моисей' вади"" сер' ханм' тэвра"""
/Users/air/Downloads/Ненецкие аудио/data/001_378570.96875_383068.03492538654.wav,"савумдавэхэв пин' тарп""махаданда хэвы серода ханянатаняна вадець пяйда"
/Users/air/Downloads/Ненецкие аудио/data/001_383806.0776783194_393167.84375.wav,"ӈадьбята иисус хардо"" помна ӈадя ядэрць нида пирас"" хардо"" хэвхы вэӈго яха""на мэсеты тарем' ӈо"" ханядтаняд нянда ненэця"" турцеты"""
/Users/air/Downloads/Ненецкие аудио/data/007_3203.4687500000005_8249.09375.wav,"фарисей"" иерусалимхад товы мале сян моисей' ватом' теневани"" мандал"" иисусан' то"""
/Users/air/Downloads/Ненецкие аудио/data/007_9295.34375_17159.09375.wav,"пыдо' тарем' сырпато' ханяӈы иисус' тохоламбада"" ӈудидо' нёхолцавэйӈэ нябинзер' манзь ӈудидо' халтавдавэй' няньм' ӈаворць пя"""
/Users/air/Downloads/Ненецкие аудио/data/007_18374.09375_27925.34375.wav,"хусувэй иудей' тэнзм' мэта' тотрев' фарисей"" иринато' ила' вату нёда ӈудидо' сомбовна халтавдавэй' ӈаворць ни"" ӈамдорцету"""
/Users/air/Downloads/Ненецкие аудио/data/007_28583.46875_35299.71875000001.wav,"пыдо' тэмдолава яхад то""махадандо' матувдавэй' ӈаворць ӈани' ни"" пэр"" тикы' хавна тамна ӈока невхы иринато' табеко"" таня"""
/Users/air/Downloads/Ненецкие аудио/data/007_36430.34375_44175.96875.wav,"хыдидо' тад ӈани сё ямб идето' ӈэсяӈо нярава еддо' ва""авто' хамэдяро халтамба пэръядо'"
/Users/air/Downloads/Ненецкие аудио/data/007_45036.59375_52748.46875.wav,"ӈадьбято' фарисей"" моисей' ватом' теневана"" иисусм' хонрамба пя"" ӈамгэ тохоламбадид я' мидхы иринато' табеку нидо' нёда"""
/Users/air/Downloads/Ненецкие аудио/data/007_57642.21875000001_64786.30578792423.wav,"хэбидя падаркана нум' вади вадета исайя пыдара"" сидта"" то""лаха сиди"" няндоти"" нямна тид"" лаханась"
/Users/air/Downloads/Ненецкие аудио/data/007_65402.96912817473_72644.09375000001.wav,"тикы ненэця"" нянзилихи""на си""ми ӈарабцу""ӈа"" сейхабидо' нядни сюры"" тароси"" няни туё""ӈа"""
/Users/air/Downloads/Ненецкие аудио/data/007_73386.59375_82667.84375.wav,"ӈабцакавандо' пыдо' ненэцие"" ховы табекохо"" ӈани нидо' тохоламби"" пыдара"" нум' табеком' хаехая ненэцие"" ховы табекоцейха"" инзеледа"""
/Users/air/Downloads/Ненецкие аудио/data/007_83359.71875_91172.84375.wav,"сё ямб иде"" ӈэсяӈо хыди халтамбида""ма тикы"" хавна тамна ӈани сертабадара"" ӈокава иисус тамна тяха' лахана"
/Users/air/Downloads/Ненецкие аудио/data/007_92033.46875_101550.96875.wav,"харта"" ховы табекуда"" нёдаванда"" нид нум' табеком' тарси"" мел""мана хаебида"" сяхаӈгав' моисей тарем' маси"" нисяхаюднебяхаюд ӈарабцус"""
/Users/air/Downloads/Ненецкие аудио/data/007_102394.71875_109583.46875.wav,"няби вадада тарця нисяхаюданебяхаюда вэва вадахана ховы хабта тара пыдара"" ха""мандада"""
/Users/air/Downloads/Ненецкие аудио/data/007_110089.71875_119354.09375.wav,"хибя нисяхаютанебяхаюта ня' тарем' мамб""нанда мань нядни ня""мувндари' корван корван вада хамэдита тарця нум' е""эй"
/Users/air/Downloads/Ненецкие аудио/data/007_120130.34375_128736.59375.wav,"тикы ненэця' нисяхаютанебяхаюта е""эмня сава ӈамгэм' сертавамда мале таб""лара"" пыдара"" нёдана табекохо""ната"" нум' вадам' таб""ламбида"""
/Users/air/Downloads/Ненецкие аудио/data/007_129445.34375_137224.71875000003.wav,"тикы' то""лаха вэвако сертабада серла"" ӈокава иисус тикы вадита пуд ненэцие ӈани' нянда ханъяда тарем' ма"
/Users/air/Downloads/Ненецкие аудио/data/007_137882.84375_144801.59375.wav,"няни инзеледа"" си""ми хамэдада"" хэвняд турта ӈамгэриӈамгэ ненэцянд' тэвбата ненэцям' нанзхамда нида пирас"""
/Users/air/Downloads/Ненецкие аудио/data/007_145695.96875000003_155196.59375.wav,"ненэцяцейхад ӈадиберта ӈамгэ"" ненэцям' нанзхамдамбидо' хибя' хавода таня"" тикы намдорӈая иисус ненэцие"" мандал' поӈгад хэ""мяхаданда мят' тю"
/Users/air/Downloads/Ненецкие аудио/data/007_155905.34375_163465.34375000003.wav,"тохоламбадида ваде""мыта вади"" хари"" нямна сита хонрамба пя"" иисус няндо' ма пыдара"" ӈани' ӈамгэхэртм' нида"" хамэдамбю"""
/Users/air/Downloads/Ненецкие аудио/data/007_164140.34375_172729.71875000003.wav,"хэвняд турта ӈамгэриӈамгэ ненэцям' нанзкабтадаӈэ серта нива пир""мам' нира"" хамэдамбю"" хэвняд турта сеян' вуни тэвор"" нянкон' нив' тэвор"""
/Users/air/Downloads/Ненецкие аудио/data/007_173421.59375_181656.59375.wav,"таняд тарпорӈа тарем' хусувэй ӈавар хабтоӈэ хан""ӈа тамна тяха' пыда ма ненэцяӈгад ӈадиберта ненэцям' вомдаби"
/Users/air/Downloads/Ненецкие аудио/data/007_182399.09375_188085.96875.wav,"тарем' таслаб"" ненэця' сёнзя' мюд сейхаданда сямян вэвако и' ядэрабцо ӈадиберӈа"
/Users/air/Downloads/Ненецкие аудио/data/007_189081.59375_198531.59375.wav,ӈадъебцо талейӈэва хавыдава вэсакохо'пухуцяха' ӈобкана мэсь ватом' мадабава мародава вэнзумдава
/Users/air/Downloads/Ненецкие аудио/data/007_199257.21875_207610.34375000003.wav,"нельтеӈгова саева тидорма вэва вади мэ""ма пыхыдм' ӈарабцу""ма ханзосява"
/Users/air/Downloads/Ненецкие аудио/data/007_208622.84375_217735.34375000003.wav,"тикы вэва ӈамгэ"" ӈархандо' ненэцяӈгад ӈадиберта ӈамгэ"" ненэцям' нанзкабтадаӈэ сертабидо' тадхава иисус тирм' нюбета ян' тэвы"""
/Users/air/Downloads/Ненецкие аудио/data/007_218359.71875_227775.96875.wav,"ӈопой мят' тю пыда харвабцода тарцясь пыда тикахана мэвахаданда хибяхарт теневабта нись тара"" ӈопой тарем' ни ерев"""
/Users/air/Downloads/Ненецкие аудио/data/007_228602.84375_236939.09375.wav,"ӈоб"" не иисус' товам' намда таминда нянда то ӈэхэта мо""нэй"" тикы не' не нюда ня""маравы ӈэвы"
/Users/air/Downloads/Ненецкие аудио/data/007_238019.09375_246102.21875.wav,"тикы не сирофиникия' яхад ӈэда ӈани я' тер ӈэвы не нюхуданда ӈылекам' питарма' е""эмня иисусм' хонрамби"
/Users/air/Downloads/Ненецкие аудио/data/007_246929.09375_256109.09375.wav,"иисус нянда ма нюрте""э' ӈацекы"" техэ' малхандо' таня ӈаворӈая"" ӈацекэхэт мармы няньм' вэнекохо"" моёпа вэва тикы не иисусан' тарем' ма"
/Users/air/Downloads/Ненецкие аудио/data/007_256952.84375_265305.96875000006.wav,"нум' ерв вадавнанд ӈэхэва ӈэ"" нив' ханяӈэхэ""на ӈацекы' мантэдамбада нянь' хамболо вэнеко толь' ӈылад ӈорцетыданё"" иисус нянда ӈани' ма"
/Users/air/Downloads/Ненецкие аудио/data/007_266352.21875_270790.34375000006.wav,"тарем' мамб""нанд не нюмд пэртя ӈылека няданда хая мяканд хань"""
/Users/air/Downloads/Ненецкие аудио/data/007_271431.59375_278907.21875.wav," не мяканда хая тарем' сырпата не нюда ва""ав' ниня хуркаси"" хабцянзи"" юседа ӈылека ненэся няданда хэвы"
/Users/air/Downloads/Ненецкие аудио/data/007_280932.21875_288947.84375.wav,"тадтикахад иисус тир' яхад хэ""мяхаданда сидон' я' сер' ю"" марадм' нюбета я' няюмд галилея' тон' ӈани' салъй"""
/Users/air/Downloads/Ненецкие аудио/data/007_289943.46875_297570.96875.wav,"таняӈы яхана хасьданянзьдам' иисусан' тэвра"" хаӈгуртам' савумдаванда е""эмня ӈудида хаӈгурта ни' мэванзь сита хонра"""
/Users/air/Downloads/Ненецкие аудио/data/007_298566.59375000006_304472.84375000006.wav,"иисус хасьданянзьдам' ненэцие"" поӈгад хэвняку' ханада ӈудита тарк ненэця' ха' мю' паклейда"
/Users/air/Downloads/Ненецкие аудио/data/007_305316.59375000006_315964.71875000006.wav,"тикы' пуд ӈудита тарк нянда икана ябтарахая хаӈгурта нямюн' тебребтейда тадтикахад нув' няю' саӈомда ӈэдара пэдёмда саӈговоць нэкалкая вахалъй"""
/Users/air/Downloads/Ненецкие аудио/data/007_316673.46875000006_325819.71875.wav,"еффада тикы хамэдита тарця нэд"" минханда хасьданянзьда' хавода савума"" варета манзарана нямюда манзада"
/Users/air/Downloads/Ненецкие аудио/data/007_326325.96875_333008.46875.wav,"тадтикахад сававна лаханакурць пэй"" иисусхав' ватода тарцясь ненэця"" тикы иле""мям' хибяхартан' ваде""пато' нись тара"""
/Users/air/Downloads/Ненецкие аудио/data/007_333902.84375000006_339404.09375.wav,"тарем' ӈэбта ӈод"" ханяцей' ханяримнатаняримна ваде""ӈадо' пыдо' тэри пысаӈга"" помнандо' лаханорӈа"""
/Users/air/Downloads/Ненецкие аудио/data/007_340450.34375_346862.84375.wav,"тарси"" хусувэй ӈамгэм' сававна сертаби хасьди намдортаӈэ сертабида нянзьди лахананаӈэ сертабида"
/Users/air/Downloads/Ненецкие аудио/data/012_3540.96875_11219.093750000004.wav,"иисус таняна мэна сита вомдартамбадаха"" хара явна ӈэда лахарём' вадець пя ӈопой ненэць' виноградм' нюбета ӈока ӈодя' пям' ӈабта"
/Users/air/Downloads/Ненецкие аудио/data/012_12282.218750000002_16382.84375.wav,"сидя хэвхэмда тавдада ӈоди няялпаванда е""эмня ваӈгм' сабка"
/Users/air/Downloads/Ненецкие аудио/data/012_17125.34375_25883.46875.wav,"пирцярка ени"" харадм' ми тадтикахад пи вадабадаха"" тикы ям' недбявна лакамбой' мисо""махаданда ӈани несэй ян' хая"
/Users/air/Downloads/Ненецкие аудио/data/012_26676.59375_34067.84375.wav,"ӈоди ма""ламбава' ёльць' тось виноград' пи"" ерв недбяӈэ ӈоди"" пел ня""маванда е""эмня хабимда пи вадабадаха"" ӈэдарада"
/Users/air/Downloads/Ненецкие аудио/data/012_35012.84375_43433.46875.wav,"виноград' пи пэртя"" хабим' ня""мадо' ладорӈадо' пуня' ӈамгэхэртаси"" ӈэдарадо' тикы' пуд няндо' нябимдей хабим' ӈэдара"
/Users/air/Downloads/Ненецкие аудио/data/012_44445.96875000001_53136.59375.wav,"хабинда ӈэвам' лекабтадо' тадтикахад хурка сяцяламдехэя пуня' ӈэдарадо' виноград ӈоди"" пи"" ерв ӈани ӈопой хабим' няндо' ӈэдара"
/Users/air/Downloads/Ненецкие аудио/data/012_54064.71875_61725.96875000001.wav,тикым' хададо' тикы' пуд тамна ӈока хабим' ӈэдара ханяӈыдо' ладорпавыдо' ӈани ханяӈыдо' хадабавыдо'
/Users/air/Downloads/Ненецкие аудио/data/012_62721.59375_70990.34375000001.wav,"ӈани ӈэдараванданда яӈго пили"" пуда яланда ӈопой мэнена нюмда няндо' ӈэдара нид ӈэвпаванда сер' ида тарем' ядэрӈа"
/Users/air/Downloads/Ненецкие аудио/data/012_71985.96875_81604.71875.wav,"нюхувахани маси"" сядолараӈгуд"" виноград ӈоди"" пи пэртяхав"" помнандо' тарем' лахана"" тюкохов яна"" ерв' ню хадахава"""
/Users/air/Downloads/Ненецкие аудио/data/012_82262.84375_90430.34375.wav,"нянда тэвувнда илебц' е""эйда няна"" ха""маӈгуд"" ня""ма""махадандо' хададо' виноград пи"" вадюлавахад хэвня' модо'"
/Users/air/Downloads/Ненецкие аудио/data/012_91628.46875_100099.71875.wav,"виноград' пи"" ерв ханзер"" ӈэӈгу нив' тут"" тадтикахад ӈоди"" пи пэрти хада нидав' таслаӈгу"" виноград' пи"" вадюлава ямда ӈани ненэцяӈг"" митада"
/Users/air/Downloads/Ненецкие аудио/data/012_104436.59375_113852.84375.wav," миртя"" хэвня' мовы пэ харад' мэйра""ма пэӈэ хая тикы нум' ерв сертавы маня"" сэвха""нана"" манэ""мы сер"" мутра сер"""
/Users/air/Downloads/Ненецкие аудио/data/012_114949.71875_123690.96875.wav," иисус' ваде""мы лахарё пыдо' нямнандо' ӈэвам' хамэда сита ня""маван' харваць тикахад ненэцяӈг"" сейто' пинва' нид няданда хэвняку' хая"""
/Users/air/Downloads/Ненецкие аудио/data/012_125631.59375_129594.26093812863.wav,"иисусм' вомдартамбада"" фарисейхат ирод' няти"" поӈгад"
/Users/air/Downloads/Ненецкие аудио/data/012_130235.14222586578_139182.21875.wav,"мале сян ненэцям' иисусм' вадаха""на ня""маванзь нянда ӈэдара"" пыдо' нянда то"" ма"" ни""им' сидна"" тохоламбадава"""
/Users/air/Downloads/Ненецкие аудио/data/012_140430.96875_147501.59375.wav,"маня"" тенева пыдар тидпой"" ӈэда ненэцянд хибяхартан' нин нялытор"" ненэця' ся""лин' нин сыр"""
/Users/air/Downloads/Ненецкие аудио/data/012_148733.46875_155719.71875.wav,"ненэсявна хамэдамбава' пирувна нум' табекон' ненэцие тохоламбин хэтхарт ханзер"" нум' ватовна иле тара"
/Users/air/Downloads/Ненецкие аудио/data/012_156259.71875000003_164494.71875.wav,"рим' параӈодан' ӈэва' мирм' салдамба тараӈав' нив' иисус хэд"" ибето' ӈудо' хамэда няндо' ма ӈамгэ си""ми хорпида"""
/Users/air/Downloads/Ненецкие аудио/data/012_165220.34375_174788.46875000003.wav,"няни динарийм' тэврада"" мань манэтав пыдо' есям' тэвра"" тикы' пуд пыда няндо' ма тюкохона ӈэда хибя' сидяӈг хибя' нюм' пады"
/Users/air/Downloads/Ненецкие аудио/data/012_175463.46875_184086.59375.wav," пыдо' ма"" параӈода' иисус няндо' пырдари' вахалъй"" параӈода' ӈамгэм' параӈодан' ми""ӈара"" нум' е""эйм' нумд' ми""ӈара"""
/Users/air/Downloads/Ненецкие аудио/data/012_184997.84375_193401.59375.wav,"пыдо' нянда тэри пысэйд"" тад тикы' пуд иисусан' саддукеи"" то"" пыдо' яӈор' ненэця' илелман' ни"" пунрю"""
/Users/air/Downloads/Ненецкие аудио/data/012_194363.46875_204201.59375.wav,"сита хонра"" сидна"" тохоламбадава"" моисей' падаркана е""эмняна"" тарем' падысь хибя' хасава няда хаӈгу неда нюси"" хаёда"
/Users/air/Downloads/Ненецкие аудио/data/012_204724.71875_212436.59375.wav,"пыда нянда нем' неданда мэбта тара яӈгумы нянда е""эйӈэ нюм' хобта тара сяхаӈгав' си""ив некас илевы"""
/Users/air/Downloads/Ненецкие аудио/data/012_213499.71875_222257.84375.wav,"нюртейдо' нем' мэ""махаданда хурка нюси"" ха немда нябимдей няда мэда тикы ӈани' нюсипой"" ха няхаромдэдо' ӈани' тарця"
/Users/air/Downloads/Ненецкие аудио/data/012_223506.59375_232787.84375.wav,"тарем' си""ив некас мал' нюси"" ха"" та' ёльцьӈгана не ӈани' ха тиканда нум' ненэцие илебтеванда ёльцьӈгана тикы не ханяӈэндо' не ӈэӈгу"
/Users/air/Downloads/Ненецкие аудио/data/012_233665.34375_241697.84375.wav,"си""ивандо' неси"" иисус няндо' ма хэбидя падарм' ехэра нум' ныхыхыд ерме тикы иле""мян' нельтерейда"""
/Users/air/Downloads/Ненецкие аудио/data/012_242777.84375_250759.71875.wav,"ненэця"" яӈгуво""махадандо' яӈор' илел""пато' ни"" нелеӈгаӈгу"" ни"" хаюпаӈгу"" пыдо' нумгана илена нув' юне ядэлани"" то""лахаӈэ ханда"""
/Users/air/Downloads/Ненецкие аудио/data/012_251738.46875_260952.21875000003.wav,"моисей' падаркана хавы ненэцие"" илело""мам' нисяра"" толабю"" ханзер"" лэёмбада пи"" мандалкад нум' нянда лаханаса нум' моисеян' тарем' мась"
/Users/air/Downloads/Ненецкие аудио/data/012_261492.21875_269170.34375.wav,"мань авраам' нумдм' исаак' нумдм' иаков' нумдм' нум' хабэй ненэцие"" хэхэ ни ӈа"" иленя ненэцие"" хэхэ"
/Users/air/Downloads/Ненецкие аудио/data/012_269710.34375_275397.21875000006.wav,"пыдара"" сацьри нельтерейда"" ӈопой моисей' ватом' теневана лахарёхото' инзеле"
/Users/air/Downloads/Ненецкие аудио/data/012_276257.84375_285353.46875.wav,"иисус' явнанда няхата тасалковам' намда пыда хэвханда то хонрада сямянхат нюрте""э табеко хурка иисус нянда ма"
/Users/air/Downloads/Ненецкие аудио/data/012_285977.84375000006_292896.59375.wav,"сямянхат нюрте""э табеко тарця израиль инзеле"" нум' ерв нумма"" яланда ӈопой ӈобнзер' нум' ервава"""
/Users/air/Downloads/Ненецкие аудио/data/012_293959.71875000006_303325.34375.wav,нум' ерв нумл сеянд ядан' мэнед сёнзянд ёрад' ӈэсонд' мэнед инд ядан' мэнед ныхынд ӈардан' мэнед нябимдейюм' тарця
/Users/air/Downloads/Ненецкие аудио/data/012_303865.34375_310986.59375.wav,хахаяда нямд харт пыхыданд пирувна мэнед тикахад ӈарка ӈани табеко яӈгу моисей' ватом' теневана иисусан' ма
/Users/air/Downloads/Ненецкие аудио/data/012_311712.21875000006_318074.09375000006.wav,"сидна"" тохоламбадава"" савов"" ненэсям' хэтан нум' ӈопой пыда хавнанда хибяхарт яӈгу"
/Users/air/Downloads/Ненецкие аудио/data/012_319255.34375_323444.53856037406.wav,сёнзя' ӈардан' сита мэнева и' ядан' ныхы' ядан' сита мэнева
/Users/air/Downloads/Ненецкие аудио/data/012_324155.40031118685_331169.09375.wav,"тикы яхад хахаяда ням' хари"" пирувна мэнева тикы сидя табеко хусувэй ту' ханхад тэри ханхад ӈаркаха'"
/Users/air/Downloads/Ненецкие аудио/data/012_331962.21875000006_340180.34375.wav,"иисус нянда иӈудоць лахананам' мание ма пыдар нум' параӈода' яхад ӈаха""на нин мы"" тад тикы' пуд хибяхарт сита хонрамба нись хокабтамбю"""
/Users/air/Downloads/Ненецкие аудио/data/012_342323.46875_350220.96875.wav,"иисус хэбидя хардахана тохоламбаванда мальӈгана тарем' лахана ханзер"" моисей' ватом' теневана"" манзеты"" христос давид' хасава ню"
/Users/air/Downloads/Ненецкие аудио/data/012_351047.84375_356009.09375000006.wav,"харта давид хэбидя индадм' няд""мяць мась нум' ерв нум' ервахани маси"""
/Users/air/Downloads/Ненецкие аудио/data/012_356886.59375000006_365070.96875.wav,"пыдар саюд ӈэт хэван' пулыто' ни' нултавани ӈэсонд' вэняӈы ӈудани няюна ӈамдю"" харта давид ӈо"" сита нум' ерваӈэ нюмде"
/Users/air/Downloads/Ненецкие аудио/data/012_365880.96875_370724.09375.wav,"ханзер"" пыда давид' ню ӈэӈгу ӈока ненэць' иисусан' маймба инзелець"
/Users/air/Downloads/Ненецкие аудио/data/012_371230.34375_376157.84375.wav,"иисус ненэцие тохоламба ма моисей' ватом' теневанаха"" тосаркада"""
/Users/air/Downloads/Ненецкие аудио/data/012_376917.21875_384240.96875.wav,"пыдо' ямб паным' мэць ядэрмам' харвобта"" ӈавори мирдапава лата яхана ненэцие"" няндо' тороватвадо' ихиняндо' саць сава"
/Users/air/Downloads/Ненецкие аудио/data/012_385270.34375000006_390214.71875.wav,"ма""люӈгалава мяка""на хэбидя яляха""на пыдо' толь' тяхана сямян сава яхана ӈамдёван' харва"""
/Users/air/Downloads/Ненецкие аудио/data/012_391260.96875_400086.59375.wav,"пыдо' сэра не"" ӈавори марпи"" тад пуна ненэцие"" сяка""на сиддо' маниевандо' е""эмня ёльце пон' туё""ӈа"" нум' сиддо' тамна ӈаркавна танараӈгу"
/Users/air/Downloads/Ненецкие аудио/data/012_402280.34375_411190.34375.wav,"иисус есь"" ларас' ирт"" ӈамдахая ханзер"" ненэцие"" есьдо' ларас' мю' пэрмамдо' мание ӈока тэта ненэць' ӈока есям' мо"""
/Users/air/Downloads/Ненецкие аудио/data/012_412202.84375_418969.71875.wav,"тад пуна ӈоб"" маӈгбада сэра не то пыда сидя нярава есям' мо тикы ӈули"" тянё еся ӈэвы"
/Users/air/Downloads/Ненецкие аудио/data/012_420150.96875_428470.34375.wav,"иисус тохоламбадида хэвханда ханзь ма тидпой"" нянда"" мадм' тюку маӈгбада сэра не сямян ненэцяӈгад ӈока есям' мо"
/Users/air/Downloads/Ненецкие аудио/data/012_429769.71875_433937.84375.wav,"есь"" ларас' мю' есям' моёпавы ненэця"" вата есь моёпиць"
/Users/air/Downloads/Ненецкие аудио/data/012_434646.59375_440080.34375000006.wav,пыда сямянхат маӈгбадакоеӈэ вад' нерняӈы иланда есям' мал' тикан' мэда
/Users/air/Downloads/Ненецкие аудио/data/015_3675.968750000001_13767.21875.wav,"ӈули"" хубтахана ӈарка ханондана"" ненэцие"" ӈаркти"" ня' моисей' ватом' теневани"" ня' ӈани серо тасламбади"" ня' ӈобт' ма""лё тасалкурӈа"""
/Users/air/Downloads/Ненецкие аудио/data/015_14931.59375_24314.09375.wav,"иисусм' ӈудида маноӈгая ханадо' тадтикахад пилатан' ми""ӈадо' пилат сита хонра пыдар иудей"" параӈодан иисус ма"
/Users/air/Downloads/Ненецкие аудио/data/015_25107.21875_32312.84375.wav,"пыдар тарем' ман ӈарка ханондана"" иисус' ет ӈока вэва серо ӈадимдемби"" ӈадьбята пилат ӈани' яӈор' хонрада"
/Users/air/Downloads/Ненецкие аудио/data/015_33308.46875_41205.96875.wav,"ӈамгэ нин лахан"" пыдар ет' ненэця"" ӈока вэва серо ӈадимдемби""нё"" тикы вадаха"" иисус мунзи пилат тикан' пысэй"""
/Users/air/Downloads/Ненецкие аудио/data/015_43332.21875_48495.96875.wav,"хусувэй хэбидя яля' ёльцьӈгана пилат ненэцие"" выкха""на ӈоб"" сярдам' ӈэдасеты"
/Users/air/Downloads/Ненецкие аудио/data/015_49390.34375_56397.45837409512.wav,"та' мальӈгана саюдани"" мандалм' ненэцие хадавандо' нид сярвы"" поӈганандо' вараввам' нюбета ненэць' танявы"
/Users/air/Downloads/Ненецкие аудио/data/015_57211.97157684392_65792.84375.wav,"ненэця"" пилатан' то""махадандо' пыда ӈахат ӈадимдевы серта сер' ӈоб"" ненэцям' ӈэдаванзь выкта пэяд"" пилат няндо' ма"
/Users/air/Downloads/Ненецкие аудио/data/015_66450.96875_76378.97576195454.wav,"иудей"" параӈодам' ӈэдараӈгув тарем' харвада"" ӈарка ханондани"" ӈамгэ' нид иисусм' нянда ми""мам' пилат хамэдамбида пыдо' иисусан' тидорӈаць"
/Users/air/Downloads/Ненецкие аудио/data/015_77192.90278528919_84270.96875000001.wav,"ӈадьбято' ӈарка ханондана"" иисусм' ӈэдава' екававна вараввам' ӈэдаванзь ненэцие манзабтавы"" пилат ӈани' няндо' ма"" нив'"
/Users/air/Downloads/Ненецкие аудио/data/015_85401.59375_94581.59375.wav,"иудей"" параӈодаӈэ вадетамда"" ханзер"" мэӈгув пыдо' ӈани' тарем' тюры""ӈа"" лярць' пян' тебарт пилат ӈани' хонрэйда"
/Users/air/Downloads/Ненецкие аудио/data/015_95459.09375_101989.71875.wav,"ӈамгэ вэвам' сертаса ненэцяӈгав"" тамна ӈанито' нимня тюры""ӈа"" лярць' пян' тебарт"
/Users/air/Downloads/Ненецкие аудио/data/015_102884.09375_111169.71875.wav," тиканда пилат ненэцие нялыба вараввам' ӈэдада иисусхавм' садаванзь тадтикахада лярць' пян' тебарманзь ми""ӈада"
/Users/air/Downloads/Ненецкие аудио/data/015_112941.59375_122594.09375.wav,"пилат' саю"" иисусм' маряд' мюня ӈэда мэсь' яхандо' ханадо' таня' сямян саю ӈокхандо' ма""лэйдо' тадтикахад сита письӈэ мэць пя"""
/Users/air/Downloads/Ненецкие аудио/data/015_123674.09375_133461.59375000003.wav,"нинда нярморте""э ембдярм' серибте"" ӈэванда ни' ӈэтторта пя' таркахад сюртявӈэ паӈгалмым' серибте"" тарць"" ямбха""на тарем' тюры""ӈа"""
/Users/air/Downloads/Ненецкие аудио/data/015_134558.46875_141561.59375.wav,"иудей"" параӈода ӈари"" тяха' мэд тад пуна ямб ӈумгана ӈэвамда ладорпидо' сабцярпидо'"
/Users/air/Downloads/Ненецкие аудио/data/015_145544.09375_155905.34375.wav,"писядадета ӈэвадала""махадандо' ниданда нярморте""э ембдярта екадо' нинда харта паныда серибте"" тадтикахад сита лярць' пян' тебарманзь хана"""
/Users/air/Downloads/Ненецкие аудио/data/015_157694.09375_166604.09375.wav,та' мальӈгана кирене' я' тер симонм' нюбета ненэць' ӈысыхыд тикавна миӈась пыда александрха' руфха' нися ӈэвы
/Users/air/Downloads/Ненецкие аудио/data/015_167498.46875_174400.34375000003.wav,"саю"" сита ня""ма ныхыри' лярць' пям' мине табэда"" иисусм' голгофам' нюбета ян' тэврадо'"
/Users/air/Downloads/Ненецкие аудио/data/015_178872.21875_185335.34375.wav,"нянда ё""йда смирнахана тахаравы няръяна сяркам' мипа пя"" пыда нида ӈэр"""
/Users/air/Downloads/Ненецкие аудио/data/015_186077.84375_191241.59375.wav,"сита лярць' пян' тебро""махадандо' серебяхана матокая паныда помнандо' тяръядо'"
/Users/air/Downloads/Ненецкие аудио/data/015_192068.46875_199189.71875000006.wav,"сита ӈыдабато' хубтыхы хасава ю"" часась ӈэванда ниня сита вомдартамбада вада"" пады"" иудей"" параӈода"
/Users/air/Downloads/Ненецкие аудио/data/015_199915.34375_206631.59375.wav,"иисус' хэван' сидя мартикм' ӈыда"" ӈопойюм' маханяӈы хэвханда тебарӈадо' нябиюм' сятаняӈы хэвханда"
/Users/air/Downloads/Ненецкие аудио/data/015_207458.46875_215591.6957005068.wav,"хэбидя падаркана ӈэда вада тикавна ӈадимя вэвако ненэцяӈэ таславы тикавна ядна"" ӈэвдо' яро""лахая ма"""
/Users/air/Downloads/Ненецкие аудио/data/015_216317.84375_225987.21875.wav,"вэй вэй пыдаер ей""я няхар"" яляхана хэбидя харадм' тахабтавандараси"" няхар"" яляхана сертавндараси"" харт пыхыдар ӈэда"" лярць' пяхад санад"""
/Users/air/Downloads/Ненецкие аудио/data/015_226915.34375_234509.09375.wav," ӈарка ханондана"" моисей' ватом' теневани няць сита ӈани' писяда помнандо' тарем' лахана"" ӈани ненэцие ӈэдавыдаси"""
/Users/air/Downloads/Ненецкие аудио/data/015_235217.84375_244684.71875.wav,"харта пыхыдамда ӈэда ни пирас"" израиль' параӈода христос сэв""на"" сыраць лярць' пяхад ха""мымд"" маня"" тикахана нянда пунраӈгуна"""
/Users/air/Downloads/Ненецкие аудио/data/015_245579.09375000003_254759.09375.wav,"хэвхананда ӈыдёдаха' нянда ӈани' вэнзумдаӈаха' яля' еркана я' тиӈгэвна пэвсюмя тарем' няхар"" час' ӈэсонд' тидась"
/Users/air/Downloads/Ненецкие аудио/data/015_255906.59375_265913.46875.wav,"няхар"" часхана иисус ӈарка""явана тюрыць пэй"" элой элой лема савахфани"
/Users/air/Downloads/Ненецкие аудио/data/015_266807.84375_273186.59375000006.wav," тикы вади"" хамэдито' тарця нум' нисями нум' нисями ӈамгэ' е""эмня си""ми хаен"
/Users/air/Downloads/Ненецкие аудио/data/015_273996.59375000006_280068.266550855.wav,"таняна нувы ханяӈы"" ненэця"" тарця вади намд""махадандо' тарем' лахана"" ти илиям' хаӈа"
/Users/air/Downloads/Ненецкие аудио/data/015_280784.79167586844_288728.46875.wav,"ӈоб"" ненэць' иисусан' сюрмба товы тэцям' уксусхана ябтарада пя' малан' ӈыдахая иисусм' идилабтамба тарем' лахана"
/Users/air/Downloads/Ненецкие аудио/data/015_289302.21875_298273.27960023563.wav,"ӈатенахарӈада"" сыркарцява"" илия сита лярць' пяхад ха""авраванзь тутнакы тикы' пуд иисус сёнда ӈардан' тёре""махаданда индата сэя"
/Users/air/Downloads/Ненецкие аудио/data/015_299009.03552291467_304011.37055763905.wav,"хэбидя харад' синяӈы тохоця тю""уд сидя ян' пананда ӈэсонд' ӈадара"
/Users/air/Downloads/Ненецкие аудио/data/015_305020.9407268858_311984.6276521484.wav,"иисус' ӈари"" иркана нувы юр"" саю' ерв ханзер"" иисус' пудана индата ӈэдаравам' манэць тарем' ма"
/Users/air/Downloads/Ненецкие аудио/data/015_312432.3073287956_320188.761829939.wav,"ненэся ӈо"" тюку ненэць' нум' ню ӈэвы ненэцие"" поӈгана ӈахакуд сырта мале сян не танявы"""
/Users/air/Downloads/Ненецкие аудио/data/015_320840.28603966127_330287.5720356979.wav,"поӈганандо' мэни"" ханяӈыто' нюбедо' ти магдала' тер мария нюдя иаковаха' иосииха' небя мария саломия"
/Users/air/Downloads/Ненецкие аудио/data/015_331143.9845537668_340399.71875000006.wav,"иисус' галилея' яхана мэванда мальӈгана пыдо' нянанда мэсеты"" сита манзаяцеты"" тикы"" хавна нянанда иерусалиман' товы не"" ӈокаць"
/Users/air/Downloads/Ненецкие аудио/data/015_342509.3025117009_347406.6823041464.wav,"нумда мале пэвсюмя еврей"" ныланава яля' нерцюна хамекова' яля ӈэвы"
/Users/air/Downloads/Ненецкие аудио/data/015_348237.2709754921_354295.0673358641.wav,"аримафея' тер иосиф сейда нись пин"" пилатан' то иисус' хальмерм' хаӈа"
/Users/air/Downloads/Ненецкие аудио/data/015_355180.8648454726_362489.09375.wav,"пыда юнда ядэрта серо тасламбади"" мандалкат перена ӈэвы пыда ӈо"" нум' параӈода' я' ӈадимдевам' ӈатена ӈэвы"
/Users/air/Downloads/Ненецкие аудио/data/015_363400.3437500001_371548.2266867288.wav,"пилат иисус' мале яӈгуво""мам' намда пысэй"" юр"" саюта ервм' нянда хаӈада тарем' хонрада иисус ӈаха""на яӈгумэкы "
/Users/air/Downloads/Ненецкие аудио/data/015_372346.5606940976_377837.0368287834.wav,"саюта ерв' вади намд""махаданда пилат иосифан' иисус' хальмерм' ми""манзь таслада"
/Users/air/Downloads/Ненецкие аудио/data/015_378489.4308090611_385213.30535608047.wav,"иосиф нянзяда тохоцям' тэмда""махаданда иисус' пыхыдм' лярць' пяхад ха""аврахая тохоцяхана маноӈада"
/Users/air/Downloads/Ненецкие аудио/data/015_386040.7745827465_393012.46363824204.wav,тадтикахад пэ хой' хоркадё' пэмбад' мю' мэда сюдбяко манябэм' мантыламбахая нёнда сим' саркабтада
/Users/air/Downloads/Ненецкие аудио/data/015_393927.49173829297_400997.84375.wav,та' мальӈгана магдала' тер мария нябиюм' иосии' небя мария иисус' сюрван' сававна сырмэхэ'
/Users/air/Downloads/Ненецкие аудио/data/009_2241.5937500000005_7465.35172715168.wav,"иисус миманда сер' соя"" манда мальӈгэхэд сэвсядам' манэ"" ӈа тохоламбадида сита хонра"""
/Users/air/Downloads/Ненецкие аудио/data/009_7750.168142989709_15572.84375.wav,"равви тюку ненэць' ӈамгэ сэвси"" соявы ханяӈэдо' хэбяхам' сертавы пыда ӈули"" нисяхаюда небяхаюда ӈэдакэхэ'"
/Users/air/Downloads/Ненецкие аудио/data/009_16298.468750000002_26001.59375.wav," иисус ма тарця ӈэвада тикы хасава' хэбяхахад ни ӈа"" нисяхаюта небяхаюта хэбяхахад ӈани' ни ӈа"" нум' сертабада манзая нянанда ӈадимя' е""эмня тарця"
/Users/air/Downloads/Ненецкие аудио/data/009_26558.468750000004_36042.21875.wav,"ялянда ныклавдавэй' си""ми ӈэдаравы нум' серо сертаб"" на"" тара пиӈэ хэ""мяхаданда хибяхарт ӈамгэхэртм' серта ни пирас"" я' тиркана мэвахани мань я' тир' ялядм'"
/Users/air/Downloads/Ненецкие аудио/data/009_36615.96875_46639.71875.wav,"тикы вадида хэт""махаданда ян' сабци"" сабцямда я' сибякохона хулцо"" ӈада тадтикахад тикахананда сэвсяда сэв масарӈа тадтикахад иисус нянда ма"
/Users/air/Downloads/Ненецкие аудио/data/009_47179.71875_53507.84375000001.wav,"силоамам' нюбета халтаӈгось' ян' хань"" сэвад халта"" силоам хамэдита ӈэдаравы "
/Users/air/Downloads/Ненецкие аудио/data/009_54149.09375000001_58447.97297422482.wav,тиканда пыда хая сэвда халта таняд сэвсавэйӈэ пуня' то
/Users/air/Downloads/Ненецкие аудио/data/009_58739.7604419314_66062.84375.wav,"тёняӈы нида ӈахат сита ӈэванаӈэ манэ"" мы"" тарем' лахана"" тикава"" ӈахат ӈамдё мындамда хынумбавы ни ӈа"""
/Users/air/Downloads/Ненецкие аудио/data/009_66687.21875_73099.71875000001.wav," ханяӈыдо' тарем' ма"" пыданё"" ӈани ханяӈыдо' тарем' лахана"" ниӈо"" тэри сита то""лаханё"" "
/Users/air/Downloads/Ненецкие аудио/data/009_73622.84375_79225.34375000001.wav,"пыда ӈо"" маси"" мань ӈэ""нидам' тадтикахад ненэця"" сита хонра"" ханзер"" сэвад сылыд"""
/Users/air/Downloads/Ненецкие аудио/data/009_79967.84375_90784.71875.wav," пыда няндо' ма иисусм' нюбета ненэць' я' сибякохона хулцо"" мы сабцяхананда сэвни масарӈась тадтикахад няни тарем' мась силоам халтаӈгось' ян' хань"" сэвад халта"""
/Users/air/Downloads/Ненецкие аудио/data/009_91324.71875_100639.71875.wav,"тадтикахад таня' хаядамзь сэвни халтадамзь тикы' пуд сэвни сылыд"" ненэця"" нянда ма"" тикы ненэць' ханяна мэ пыда ма ехэрадм' "
/Users/air/Downloads/Ненецкие аудио/data/009_101264.09375_111439.71875.wav,"тадтикахад ненэця"" ӈахат сэвсявым' фарисейха"" ханадо' иисус' я' сибякохона хулцо"" мы сабцяхананда сэвсяда' сэв сылабта"" ма яля еврей"" ныланава яля ӈэвы"
/Users/air/Downloads/Ненецкие аудио/data/009_112013.46875_118452.1595018568.wav,"ӈадьбято' фарисей"" сэвсявым' ханзер"" сэвта сылавам' ӈани' хонрамбавы"" пыда няндо' ма"
/Users/air/Downloads/Ненецкие аудио/data/009_118609.01640398768_125631.59375.wav,"я' сибякохона сабцямда хулцосо"" мам' пыда сэвхани масарӈадась тикы' пуд сэвни халтадамзь тадтикахад сэвни сылыд"" "
/Users/air/Downloads/Ненецкие аудио/data/009_126171.59375_132834.61542399507.wav,"фарисей"" поӈгат ханяӈыдо' тарем' лахана"" тикы ненэць' нумгад ни ӈа"" пыда еврей"" ныланава ялям' нида нёда"" "
/Users/air/Downloads/Ненецкие аудио/data/009_133135.65643567633_140295.96875.wav,"ханяӈэхэбидо' тарем' ма"" ханзер"" хэбяхасавэй ненэць' тарця ненадо серо серта пиртыда тадтикахад пыдо' помнандо' поёма"""
/Users/air/Downloads/Ненецкие аудио/data/009_140920.34375_150336.59375000003.wav,"сэвсявы ненэцям' ӈани' хонрамба пядо' тикы ненэць' сэвад сылабтаси"" нямнанда ӈамгэм' хэтаӈгун пыда ма тикы ненэць' нум' вади вадета "
/Users/air/Downloads/Ненецкие аудио/data/009_150859.71875_160208.46875.wav,"небяхаюда нисяхаюда хамдавэй' иудей"" ӈахат сэвсяваханда тадтикахад савуво"" маханда нид"" пунра"" тадтикахад небяхаюда нисяхаюда хонрамба пя"""
/Users/air/Downloads/Ненецкие аудио/data/009_161069.09375_169253.46875000003.wav,"ӈыхы соя"" махаданда сэвсядаӈэ вадетари' пыдари' нюри' теда' ханзер"" пыда сылы"" небяхаюда нисяхаюда няндо' маӈаха'"
/Users/air/Downloads/Ненецкие аудио/data/009_169979.09375_178464.1578798497.wav,"мани' тенева тюку мани' нюми' пыда сэвсядаӈэ соясь ханзер"" теда' сэвта сыло"" махад хибя сэвда сылабта"" махад мани' ехэрани'"
/Users/air/Downloads/Ненецкие аудио/data/009_178916.03432624886_187647.21875.wav,"пыда мале ӈарка сита хонрада"" харта нямнанда пыда харта лаханаӈгу иудейха"" сейти' пинава' нид небяхаюда нисяхаюда тарем' лаханаӈаханзь"
/Users/air/Downloads/Ненецкие аудио/data/009_188187.21875_196337.84375.wav,"иудей"" мале помнандо' тарем' тасалкурӈаць хибя иисусм' христосӈэ вадетада тикы ма""люӈгалава мякад питармы ӈэӈгу "
/Users/air/Downloads/Ненецкие аудио/data/009_196877.84375_201704.09375000003.wav,"ӈадьбяти' небяхаюда нисяхаюда тарем' лаханавэхэ' пыда мале ӈарка сита хонрада"" "
/Users/air/Downloads/Ненецкие аудио/data/009_202699.71875_211744.71875.wav,"тиканда фарисей"" сэвсявы ненэцям' нябимдей' няндо' хаӈгая ма"" нувм' савус"" маня"" теневава"" тикы ненэць' хэбяхасавэй "
/Users/air/Downloads/Ненецкие аудио/data/009_212352.21875_220587.21875.wav,сэвсявы няндо' ма хэбяхасавэй ӈэвахаданда мань ехэрадм' ӈопой сэвсявы ӈэвахадани теда' сырмахадани теневадм' 
/Users/air/Downloads/Ненецкие аудио/data/009_221363.46875_226276.3654177204.wav,"тикы' пуд ӈани' хонрамба пядо' ханзер"" сит пэрца ханзер"" сэвад сылабтэйда"
/Users/air/Downloads/Ненецкие аудио/data/009_226641.88236770104_235943.46875.wav," пыда няндо' ма мань нянда"" ваде"" ӈаваси"" пыдара"" няни нида"" нё"" инзеле"" ӈамгэ' е""эмня ӈани' яӈор' тикым' намдаван' харвада"""
/Users/air/Downloads/Ненецкие аудио/data/009_236804.09375_246220.34375.wav,"пыдара"" ӈани' пыда тохоламбададанда хэван' харванакэда"" пыдахавадо' сита тэдорпа пя"" тарем' ма"" пыдар харт пыда тохоламбадада"
/Users/air/Downloads/Ненецкие аудио/data/009_246878.46875_255974.09375.wav,"маньзявана"" моисей' тохоламбадава"" маня"" тенева моисейхана нум' лаханакурӈась ӈари"" тикы ненэць' ханяд ӈэвахаданда маня"" ехэрава"" "
/Users/air/Downloads/Ненецкие аудио/data/009_256564.71875_265069.71875.wav,"сэвда сылавы ненэць' няндо' ма тарси"" мэкаданё"" ханяд ӈэвахаданда ехэравэда"" нё"" маньзяв сэвни пыда сылабтэйдась"
/Users/air/Downloads/Ненецкие аудио/data/009_265626.59375000006_269507.84375.wav,"маня"" тенева нум' хэбяхасавэйха"" ни инзеле"""
/Users/air/Downloads/Ненецкие аудио/data/009_270132.21875_279538.95822700835.wav,"нувм' ӈарктахаби ватонда сер' ӈэдахаби пыда намдоръяда хуна сяхаӈгарт' хибяхарт сэвсядаӈэ соявы' сэв сылабта"" мам' намд"" мада яӈгу"
/Users/air/Downloads/Ненецкие аудио/data/009_279928.49949438724_285640.34375.wav,"пыда нумгад нивы ӈэбта ӈа"" ӈамгэхэртм' серта я""маӈгусь пыдо' вадахата тарем' ма"""
/Users/air/Downloads/Ненецкие аудио/data/009_286214.09375_290500.34375.wav,"пыдар хэбяхы"" поӈгана соянаси"" тамна ӈо"" сидна"" тохоламбин"
/Users/air/Downloads/Ненецкие аудио/data/009_291124.71875_299106.59375.wav," тикы вадито' пуд хэвня' питарӈадо' иисусхав фарисей"" сэвсявым' хэвня' питар"" мам' намд"" махаданда сэвсявым' хода нянда ма"
/Users/air/Downloads/Ненецкие аудио/data/009_299663.46875_308809.71875.wav,пыдар ненэця' нюн' пунрын сэвсявы ма ервами пыда хибя ӈэвамда няни хэтад тиканда мань нянда пунраӈгудм' 
/Users/air/Downloads/Ненецкие аудио/data/009_309535.34375000006_317095.34375000006.wav,"иисус нянда ма пыдар сита манэ"" ӈанаси"" теда' пыда нянанд лаханакурӈа тиканда сэвсявы нянда ма"
/Users/air/Downloads/Ненецкие аудио/data/009_317669.09375_323322.21875000006.wav,"нум' ервами пунрыдм' тадтикахад иисусан' нибклэй"" иисус ма"
/Users/air/Downloads/Ненецкие аудио/data/009_323862.21875_328620.96875000006.wav,"тюку я' тир' ни' мань судеӈгованзь тодамзь сэвсяда"" сылавандо' е""эмня"
/Users/air/Downloads/Ненецкие аудио/data/009_329262.21875000006_339235.34375.wav,"сэвсавэй"" сэвсялмандо' е""эмня тодамзь иисус' хэвхана мэвы"" ханяӈы"" фарисей"" тикы вадида намдавы"" нянда ма"" маня"" ӈани' сэвсядакэва"""
/Users/air/Downloads/Ненецкие аудио/data/009_339910.34375000006_344652.21875000006.wav," иисус няндо' ма сэвсявы ӈэвы ӈэб"" нанда"" хэбяхасяӈгудаць"
/Users/air/Downloads/Ненецкие аудио/data/009_345225.96875000006_350136.59375000006.wav,"тедахав' мада"" нё"" сэвсавэйва"" тиканда хэбяха нянанда"" хаи"
/Users/air/Downloads/Ненецкие аудио/data/008_2376.59375_10662.21875.wav,"иисусхав елеон хоян' хая ӈодь' ялэмгава иисус ӈани' хэбидя хардан' то хэвханда ненэця"" мал' ма""лыд"""
/Users/air/Downloads/Ненецкие аудио/data/008_11725.34375_18660.96875.wav,"тиканда ӈамдахая тохоламба пяйда моисей' ватом' теневана"" фарисей"" ӈоб"" нем' тэвра"""
/Users/air/Downloads/Ненецкие аудио/data/008_19268.46875_28330.34375.wav,"тикы нем' ӈани несэй хасавахана хонёдаханда ня""мавэдо' тикы нем' ненэцие"" сяк"" нултадо' иисусан' тарем' ма"" сидна"" тохоламбадава"""
/Users/air/Downloads/Ненецкие аудио/data/008_28904.09375_38421.59375.wav,"тюку нем' ӈани несэй хасавахана хонёдаханда ня""мава"" моисейхав ватохонанда тикы' то""лаха не манябэхэна ладорпа сидна"" табэдась пыдар ха""мандан"
/Users/air/Downloads/Ненецкие аудио/data/008_39282.21875000001_47534.09375.wav," пыдо' сюри тарем' нянда лаханавы"" хэтувнда вадахананда сита вомдартаван' харвавы"" иисус таси' нибклэй"""
/Users/air/Downloads/Ненецкие аудио/data/008_48158.46875_56376.59375000001.wav,"ӈуданда таркахана явна ӈамгэхэвм' падыба пя пыдахавадо' тамна сита хонрамби"" тадтикахад пыда нуло"" махаданда вахалъй"""
/Users/air/Downloads/Ненецкие аудио/data/008_57270.96875_65252.843750000015.wav,"ханяӈэра"" хэбяхаси"" тикара"" нерде нен' манябэм' моя иисус ӈани' таси' нибклэй"" явна падна пэй"""
/Users/air/Downloads/Ненецкие аудио/data/008_65877.21875_74432.84375.wav,"тарця вади намда ненэця"" ӈоб"" лад' тодо' яха"" хая"" сямянхат ӈаркыдо' нито' нерня' хая"" та' ёльцьӈгана иисус не' ня'"
/Users/air/Downloads/Ненецкие аудио/data/008_75040.34375_81250.34375.wav,"харти' хаихи' нехэв нер"" ханяна нуса тикахана тамна ну иисус нулъй"""
/Users/air/Downloads/Ненецкие аудио/data/008_81925.34375000001_90565.34375.wav,"не' хавна хибяхартм' нись мание"" нен' вахалъй"" неӈэй нид ханяна хая"" хибяхарт сит ни вомдарта"" не ма"
/Users/air/Downloads/Ненецкие аудио/data/008_94092.21875_101061.59375.wav,"иисус нянда ма мань ӈо"" сит ӈани' нидм' вомдартамбю"" мяканд хань"" тад нерня' ӈани' сяхаӈгарт' нён хэбяхамдю"" "
/Users/air/Downloads/Ненецкие аудио/data/008_101618.46875_110444.09375.wav,"иисус ӈани' ненэцяӈг"" вахалъй"" мань я' тир' ялядм' пумнани ялтахав сяхаӈгарт' пэвдявна ни ядэрт"" ила' яля нянанда ӈэӈгу "
/Users/air/Downloads/Ненецкие аудио/data/008_111254.09375_119252.84375.wav,"тиканда фарисей"" нянда ма"" пыдар харт пыхыдамд ваде"" ӈан пыдар ваде"" мыд ненэся"" вуни"" ӈа"" иисус няндо' ма"
/Users/air/Downloads/Ненецкие аудио/data/008_119792.84375_123806.10181715513.wav,"хар""н пыхыдани нямна лаханаб"" ни ӈод"" лахана"" мини ненэся"""
/Users/air/Downloads/Ненецкие аудио/data/008_124200.44734449201_132499.71875.wav,"тад ӈо"" ӈэсь ӈо"" ханяд то""махадани ханя' хэвахадани теневадм' пыдахавара"" мань ханяд то""махадани ханя' хэвахадани ехэрада"""
/Users/air/Downloads/Ненецкие аудио/data/008_136385.23911019877_143737.52647257716.wav,"маньзяв хибяхартм' нидм' судебю"" ысудеб"" ни ӈод"" мань судми ненэся тад ӈо"" мань ӈопойдм' нидм' ӈа"""
/Users/air/Downloads/Ненецкие аудио/data/008_144020.34711301624_148564.71875.wav,"нянани си""ми ӈэдаравы нисями мэ пыдара"" ватохонанда"" тарем' падынё"""
/Users/air/Downloads/Ненецкие аудио/data/008_149172.21875_153812.84375.wav,"сидя сырмэхэ' вадити' ӈобт' ха""морпато' пыди' вадиди' ныхы"" ӈа"""
/Users/air/Downloads/Ненецкие аудио/data/008_154335.96875_163296.59375.wav,"мань хар""н нямнани лаханадм' тикахад мань нямнани си""ми ӈэдаравы нисями лахана тиканда пыдо' иисусан' ма"" пыдар нисяр ханяна мэ"
/Users/air/Downloads/Ненецкие аудио/data/008_163836.59375000003_172830.96875.wav," тикы вадахато' иисус ма пыдара"" си""ми ехэрада"" нисями ӈани' ехэрара"" тиканда си""ми теневавы"" ӈэб"" нанда"" нисями ӈани' теневаӈгураць "
/Users/air/Downloads/Ненецкие аудио/data/008_173387.84375_180070.34375.wav,"тикы вадида хэбидя харад' мюня ненэцие тохоламбаванда ёльцьӈгана есь"" ларас' хэвхана хэтыдась"
/Users/air/Downloads/Ненецкие аудио/data/008_180660.96875_184373.46875.wav,"сита хибяхарт ни ня""ам"" тад ӈо"" ёльцянда тэвувдавэйсь"
/Users/air/Downloads/Ненецкие аудио/data/008_184980.96875_194363.46875.wav,"иисус ӈани' няндо' ма мань хандадм' си""ми пюртада"" хуркавна ӈод"" хэбяхахаданда"" хаӈгуда"" мань хэсь яхани тось нира"" пирас"" "
/Users/air/Downloads/Ненецкие аудио/data/008_195392.84375000006_203627.84375.wav,"иудей"" вадахата тарем' ма"" ненэся харта пыхыдамда маядаванзь пэртакы тарем' манё"" мань хэсь яхани тось нира"" пирас"" "
/Users/air/Downloads/Ненецкие аудио/data/008_204269.09375_212605.34375.wav,"иисус няндо' ма пыдара"" тасид ӈада"" маньзяв тю""уд ӈадм' пыдара"" тюку я' тиркад ӈада"" маньзяв тюку я' тиркад нидм' ӈа"""
/Users/air/Downloads/Ненецкие аудио/data/008_213111.59375000006_221279.09375.wav,"мань нянда"" тарем' мадамзь пыдара"" хэбяхахата"" хаӈгуда"" хибя ӈэвахани ниб"" нанда"" пунрю"" пыдара"" хэбяхасавэйӈэ хаӈгуда"" "
/Users/air/Downloads/Ненецкие аудио/data/008_222477.21875_226544.09375.wav,"тадтикахад сита хонра"" тиканда пыдар хибян иисус няндо' ма"
/Users/air/Downloads/Ненецкие аудио/data/008_227219.09375_235420.34375000003.wav,"сямян нюрте"" эхэд хибя ӈэвани нямна нянда"" лахан"" нидам' пыдара"" нямнанда"" ваде"" мандами ӈока"" судевандами ӈока"""
/Users/air/Downloads/Ненецкие аудио/data/008_236061.59375_244380.96875.wav,"си""ми ӈэдаравэми ненэся няданда намдвыни я' тир' терха"" ваде"" ян пыдо' иисус' нисянда нямна лаханавам' нидо' хамэда"""
/Users/air/Downloads/Ненецкие аудио/data/008_245174.09375000006_254438.46875000003.wav,"тиканда иисус няндо' ма ненэця' нюӈэ вадетам' сяха' тю""у' илаӈгура"" пыдара"" тикырихина тикы мань ӈэвами хамэдаӈгура"""
/Users/air/Downloads/Ненецкие аудио/data/008_255248.46875000003_264023.46875.wav,"мань хар""н нядни ӈамгэхэртм' нидм' сертабю"" нисями ӈамгэн' си""ми тохоласа мань тикыри ваде"" ӈадм' тикым' ӈани' хамэдаӈгура"""
/Users/air/Downloads/Ненецкие аудио/data/008_264749.09375000006_272832.21875000006.wav,"си""ми ӈэдаравы нянани мэ ӈопойӈэ си""ми нись хае"" тад ӈо"" сёнзяхананда ӈамгэ пои мань тикым' ӈоб' сертабив "
/Users/air/Downloads/Ненецкие аудио/data/008_273557.84375_280442.84375.wav,"тикы вадида хэт"" махаданда ӈока иудей нянда пунрэйдаць нянда пунравы иудейха"" иисус тарем' ма"
/Users/air/Downloads/Ненецкие аудио/data/008_281084.09375_290702.84375.wav,"пыдара"" мань вади"" ни сер' ӈоб' ӈэбта"" тикахана ненэся мань тохоламбадини тадтикахад ненэсям' хамэдаӈгура"" ненэся сидда"" ӈэдаӈгу "
/Users/air/Downloads/Ненецкие аудио/data/008_291225.96875_297824.09375000006.wav,"пыдо' нянда ма"" маня"" авраамхад перенава"" хуна сяхаӈгарт' хибяхарт' хабива"" ниваць ӈа"""
/Users/air/Downloads/Ненецкие аудио/data/008_298499.09375000006_303983.46875000006.wav,"пыдар ханзер"" тарем' лаханан пыдара"" ӈэдавы ӈэӈгуда"" иисус няндо' ма"
/Users/air/Downloads/Ненецкие аудио/data/008_304709.09375_310058.46875000006.wav,"ненэся ненэся нянда"" мадм' хибяри хибя хэбяхам' сертабада хэбяха' хаби"
/Users/air/Downloads/Ненецкие аудио/data/008_310564.71875_315424.71875.wav,"хаби пили"" мякананда ни хаёд"" хасава нюхув пили"" мякананда хаёда"
/Users/air/Downloads/Ненецкие аудио/data/008_315930.96875000006_325009.71875000006.wav,"тадхав хасава ню сидда"" ӈэдабата тикахана ненэсявна ӈэдавы ӈэӈгуда"" авраамхад переня"" ӈэвахаданда"" мань теневадм'"
/Users/air/Downloads/Ненецкие аудио/data/008_325988.46875000006_331519.21091364796.wav,"тарем' ӈод"" вадини сёнзянда"" мю' пэмбаван' нида"" харва"" ӈадьбята"" си""ми хадаван' харвада"""
/Users/air/Downloads/Ненецкие аудио/data/008_331924.497187515_338373.5955254718.wav,"маньзяв нянда"" нисяхадани манэ"" мыни вадес"" нидам' пыдахавара"" харта"" нисяхаданда"" намдавыда"" сертабида"" "
/Users/air/Downloads/Ненецкие аудио/data/008_342525.96875_349652.6440418678.wav,"иисус тикы вадахато' тарем' ма ненэся авраам' ню"" ню"" ӈэвы ӈэбта"" пыдара"" авраам' серо сертабаӈгудаць"
/Users/air/Downloads/Ненецкие аудио/data/008_349896.29993089626_357238.8326823414.wav,"тедахав' нумгад намдавы ненэсям' нянда"" хэтвэӈэ си""ми хадаван' харвада"" нё"" авраамхав тарця нись ӈа"""
/Users/air/Downloads/Ненецкие аудио/data/008_357635.9250433337_366150.96875.wav,"харта"" нисяра"" ханзер"" ӈэса пыдара"" тарем' ӈада"" нё"" тикы вадахата пыдо' тарем' ма"" маня"" тэри ховы нюва"" нива"" ӈа"""
/Users/air/Downloads/Ненецкие аудио/data/008_366842.84375_375162.21875.wav,"маня"" ӈопой нисява"" пыда нум' иисус няндо' ма пыдара"" нисяра"" нум' ӈэвы ӈэбта пыдара"" си""ми мэнеӈгудаць"
/Users/air/Downloads/Ненецкие аудио/data/008_375685.34375_382907.84375.wav,"тад ӈо"" ӈэсь ӈо"" мань нумгад тодамзь теда' мань тюкохона мэдм' хар""н ини сер' нидамзь ту"" пыда си""ми ӈэдарась"
/Users/air/Downloads/Ненецкие аудио/data/008_383447.84375_392155.34375.wav,"пыдара"" хэтыбада вадини ӈамгэ нида"" хамэдамбю"" ӈабцата"" пыдара"" вадини намда нида"" пирас"" пыдара"" ӈахад ӈада"""
/Users/air/Downloads/Ненецкие аудио/data/008_392661.59375_402297.21875.wav,"пыдара"" нисяра"" ӈа пыдара"" нисянда"" харвабцу сертабаван' харвада"" нюрте"" эхэд пыда хавыдик ӈэвы ненэсям' няд"" мяць нидась пирас"""
/Users/air/Downloads/Ненецкие аудио/data/008_402803.46875_411679.71875.wav,ӈабцата пыда нянанда ненэся яӈгу сиякавна лаханабта пыда явнанда пэрӈада ӈабцата пыда ӈарханда сияк
/Users/air/Downloads/Ненецкие аудио/data/008_414480.9687500001_422344.71875.wav,"мань ненэсям' хэтыбидм' ӈадьбята"" пыдара"" няни нида"" пунрю"" ханяӈэра"" теда' си""ми хэбяхам' сертанаӈэ манэць пирта"
/Users/air/Downloads/Ненецкие аудио/data/008_423154.71875_428554.71875.wav,"ненэсям' хэтыбаб"" нани ӈамгэ няни нида"" пунрю"" нумгад ӈэдахав нум' вадаха"" инзеле"
/Users/air/Downloads/Ненецкие аудио/data/008_429229.71875_435321.59375.wav,"пыдахавара"" нумгад нида"" ӈа"" ӈадьбята"" нум' вадаха"" нида"" инзеле"" иудей"" иисусан' ма"""
/Users/air/Downloads/Ненецкие аудио/data/008_436064.09375_443033.46875000006.wav,"пыдар сит самария я' терӈэ вадепа"" на"" тадтикахад нянанд ӈылека мэвам' вадепа"" на"" ненэсявна нива"" лахан"""
/Users/air/Downloads/Ненецкие аудио/data/008_444214.71875_452804.0937500001.wav," иисус няндо' ма мань нянани ӈылека яӈгу мань хар""н нисями ӈарк""ӈадм' пыдахавара"" си""ми сяцялмдембида"""
/Users/air/Downloads/Ненецкие аудио/data/008_453360.96875_457562.84375.wav,"мань юндами нидм' пюр"" тикым' пюрта таня пыда судеӈгода"
/Users/air/Downloads/Ненецкие аудио/data/008_458271.59375_463283.46875000006.wav,"ненэся ненэся нянда"" мадм' мань вадини нёракута сяхаӈгарт' ни хаӈгу"" "
/Users/air/Downloads/Ненецкие аудио/data/008_464144.09375_471982.406001168.wav,"иудей"" нянда ма"" тедахав' маня"" таслава"" ӈылека нянанд мэ авраам хась нум' вади вадета"" ӈани' хаць"
/Users/air/Downloads/Ненецкие аудио/data/008_472365.5141690664_480344.09375.wav,"пыдар тарем' лаханананё"" мань вадини нёракута сяхаӈгарт' ни хаӈгу"" тиканда авраам нисяхадана"" пыхыдамд ӈаркаӈэ тосар"
/Users/air/Downloads/Ненецкие аудио/data/008_480985.34375_487971.59375.wav,"авраам хась нум' вади вадета"" ӈани' хаць хибяӈэ пыхыдамд толабир тикы вадахато' иисус тарем' ма"
/Users/air/Downloads/Ненецкие аудио/data/008_488865.96875_497624.09375.wav,"хар""н юнами ӈармдамбавы ӈэб"" нани тиканда мань юнами тароси пыдара"" нумданда"" вадетара"" нисями мань юнами ӈармдамбида"
/Users/air/Downloads/Ненецкие аудио/data/008_498164.09375_505274.06699657807.wav,"пыдара"" сита ехэрада"" маньзяв теневав мамб"" нани ехэрав тикахана сидта"" тотрев' сиякадм' ӈэӈгудм'"
/Users/air/Downloads/Ненецкие аудио/data/008_505632.8770403925_513975.96875.wav,"ӈабцани сита теневадм' ваданда сер' ӈадм' авраам нисяра"" мань ялями манэ"" манданда няю' маймбись"
/Users/air/Downloads/Ненецкие аудио/data/008_518599.71874999994_524421.59375.wav,"тикы вадахата иудей"" тарем' ма"" самляӈг ю"" похортар яӈгунё"" тарем' ӈо"" авраамам' манэцан"
/Users/air/Downloads/Ненецкие аудио/data/008_524944.71875_533162.8437500001.wav," иисус няндо' ма ненэся ненэся нянда"" мадм' авраам тамна соявдавэй' маньзяв мале танядамзь теда' ӈо"" танядм' "
/Users/air/Downloads/Ненецкие аудио/data/008_533820.96875_543102.21875.wav,"тиканда ладормандо' е""эмня ненэця"" манябэ ня""ма"" иисусхав тэмзы"" хэбидя хардахад тарпы"" ненэцие"" помна хая тэри нялкара"
/Users/air/Downloads/Ненецкие аудио/data/021_3473.4687500000005_8890.34375.wav,тад пуна иисус тивериадам' нюбета то' хэвхана тохоламбадахата ӈани' ӈадимя
/Users/air/Downloads/Ненецкие аудио/data/021_9396.59375_19622.84375.wav,"иисус' ӈадиво"" ма тарця ӈэвы таняна ма""лёвыдо' ти"" симон пётр яхасм' нюбета фома галилеяхад переня кана' тер нафанаил"
/Users/air/Downloads/Ненецкие аудио/data/021_20129.09375_28094.093750000004.wav,зеведей' хасава нюху' тадтикахад тамна сидя иисус' тохоламбадаха' симон пётр няндо' ма мань ёрманзь хаядм' 
/Users/air/Downloads/Ненецкие аудио/data/021_28701.59375_35537.1888346668.wav,"пыдо' нянда тарем' ма"" маня"" ӈо"" нянанд ӈобтарем' тутава"" тадтикахад хая"" таминдо' ӈо"" ӈано' мю' тияд"""
/Users/air/Downloads/Ненецкие аудио/data/021_35862.34788809934_41577.21875.wav,"тикы пи' ӈамгэхэртм' ни"" хада"" хубтаӈэ хэ""мяхаданда иисус то' вархана нувы"
/Users/air/Downloads/Ненецкие аудио/data/021_42117.21875_50740.34375.wav,"тохоламбадида иисус ӈэвамда нидо' тумда"" иисус няндо' маӈацекые"" халя таня пыдо' нянда ма"" яӈгу "
/Users/air/Downloads/Ненецкие аудио/data/021_51297.21875000001_56638.66295109614.wav,"пыдахавада няндо' тарем' вахалъй"" поӈгамда"" ӈанонда"" маханяӈы хэван' мора"" тиканда халям' хадаӈгуда"" "
/Users/air/Downloads/Ненецкие аудио/data/021_57060.927396560175_64746.59375.wav,"пыдо' поӈгамдо' модо' халя' ӈока"" ӈэва' нид поӈгамдо' тюхулць я""мадо' тадтикахад иисус' мэнена тохоламбада пётарт' тарем' ма"
/Users/air/Downloads/Ненецкие аудио/data/021_65489.09375000001_74702.84375.wav,"тюкоховава"" нум' ервава"" нё"" симон пётркав нум' ерв ӈэвамда намдванда сер' тю""уй панымда ёнэнда тяха' сярахая ит' санэй"""
/Users/air/Downloads/Ненецкие аудио/data/021_75293.46875_82853.46875.wav,"пыда тю""уй панэсявысь тад ӈани тохоламбадахав"" панта поӈгамдо' и""ймня нюдерць я' няю' ӈанута хая"""
/Users/air/Downloads/Ненецкие аудио/data/021_83697.21875_88590.96875.wav,"тад ӈо"" пыдо' ид' вар' няд ӈаха"" на нивы"" мы"" юр' мян' метр' пиркана мэвы"""
/Users/air/Downloads/Ненецкие аудио/data/021_89097.21875000001_97298.46875.wav,"я' ни' тана"" махадандо' есабарта ту' ясо манэ"" ӈа"" ту' ясо"" ниня халя юседавы тикы' хавна нянь' танявы"
/Users/air/Downloads/Ненецкие аудио/data/021_97872.21875_106971.74163924568.wav,"иисус няндо' ма тандая' хадавы халэда"" тэврэйда"" симон пётр ӈано' ни' тий"" тадтикахад ӈарка халяха"" на панта поӈгам' ян' нюхуледа"
/Users/air/Downloads/Ненецкие аудио/data/021_107447.47435746632_118257.21875.wav,"ӈокаханда поӈга' мюня юркад вата самляӈг ю"" няхар"" халя ӈэвы таӈок халяхана пан"" пата ӈо"" поӈгадо' нивы ӈадду"" иисус вахалъй"" таля' ӈадов"" ӈорӈада"" "
/Users/air/Downloads/Ненецкие аудио/data/021_118797.21875_125952.21875.wav,"ӈобкарт тохоламбадада сита хонра я""ма ханяӈэхэртадо' ни ман"" пыдар хибян пыдо' нум' ерв ӈэвахаданда тенева"""
/Users/air/Downloads/Ненецкие аудио/data/021_126660.96875_133208.46875.wav,"иисус няндо' то няньм' ня""махая няндо' ми""ӈада халям' ӈо"" ӈани' няндо' ми""ӈада"
/Users/air/Downloads/Ненецкие аудио/data/021_133748.46875_140262.21875000003.wav,"иисус' ха""махаданда яӈор' илело"" манда пуд тохоламбадахата теда' ӈадиво"" мада няхаромдэй ӈадиво"" мада ӈэвы"
/Users/air/Downloads/Ненецкие аудио/data/021_140869.71875_148834.71875.wav,"хувони ӈавламбю"" ӈаворо"" махадандо' иисус симон пётарм' хонра иоанн' хасава ню пётарм' нюбета пыдар няхатат ӈаркавна си""ми мэнен"
/Users/air/Downloads/Ненецкие аудио/data/021_149661.59375_159516.59375.wav," пётр тарем' ма нум' ервав тарем' ӈэ""нив' пыдар сит мэневахадани теневананё"" иисус нянда ма хуво"" ни сую"" ӈавламбан"" "
/Users/air/Downloads/Ненецкие аудио/data/021_160107.21875000003_166837.69032735165.wav,"нябимдей' иисус пётарм' ӈани' хонрада иоанн' хасава ню пётарм' нюбета си""ми мэнен"
/Users/air/Downloads/Ненецкие аудио/data/021_167280.0544579513_172915.34375.wav," пётр нянда ма нум' ервав тарем' ӈэ""нив' пыдар сит мэневахадани теневананё"" "
/Users/air/Downloads/Ненецкие аудио/data/021_173657.84375_178399.71875.wav,"иисус нянда ма хувони ерамбан"" няхаромдэй' пыда ӈани' хонрада"
/Users/air/Downloads/Ненецкие аудио/data/021_178905.96875_185348.85091136998.wav,"иоанн' хасава ню пётарм' нюбета си""ми мэнен пётркав няхаромдэй' иисус' хонаркован'"
/Users/air/Downloads/Ненецкие аудио/data/021_185881.04113784945_194565.96875.wav,"си""ми мэнен ида вома тиканда тарем' вахалъй"" нум' ервав пыдар хусувэй ӈамгэхэд теневананё"" сит мэневахадани теневананё"" "
/Users/air/Downloads/Ненецкие аудио/data/021_195291.59375_200556.59375.wav,"иисус нянда ма хувони ӈавламбан"" ненэся ненэся нянд мадм'"
/Users/air/Downloads/Ненецкие аудио/data/021_201062.84375_207222.21875.wav,ӈацекы ненэць' ӈэванд мальӈгана нимд харт сярахая ханя' харвасетын таня' минзетын
/Users/air/Downloads/Ненецкие аудио/data/021_207880.34375_216092.32015264357.wav,"вэсеймгавабат ӈудид вэӈгалаӈгун ӈани несэй ненэць' нимд сяраӈгу ханя' нин харва"" таня' сит ханаӈгу "
/Users/air/Downloads/Ненецкие аудио/data/021_216506.91887189797_223793.46875.wav,"тикы вадита хараха"" на иисус пётр' ханзер"" хавам' ваде"" ӈа пётр тикы хавахананда нум' юнм' ӈармдаӈгу"
/Users/air/Downloads/Ненецкие аудио/data/021_224384.09375_228704.09375000003.wav,"тикы вадида хэт"" махаданда иисус пётарт' ма пумнани яд"" иисус' мэнена тохоламбада"
/Users/air/Downloads/Ненецкие аудио/data/021_229311.59375_237749.09375.wav,"пётр пуня' сылы"" тарем' сырпата иисус' мэнена тохоламбада пумнанди' ялмы"" сяхаӈгав' пэвсюмя' няна ӈавормандо' ёльцьӈгана"
/Users/air/Downloads/Ненецкие аудио/data/021_238255.34375_246355.34375.wav,"тикы тохоламбада иисус' лэмбаран' ӈэвамда тильтехэя иисусм' хонрамбись нум' ервава"" хибя сит хусараӈгу"
/Users/air/Downloads/Ненецкие аудио/data/021_246912.21875_252970.34375.wav," пётр сита манэ"" манда сер' иисусм' хонра нум' ервава"" тюку нями ханзер"" ӈэӈгу"
/Users/air/Downloads/Ненецкие аудио/data/021_253476.59375_259433.46875000003.wav,"иисус пётарт' ма мань тарем' харваб"" нани товани ӈэсонд' иле хаёд"" нив'"
/Users/air/Downloads/Ненецкие аудио/data/021_260243.46875000003_266419.71875.wav,"пыдар тикахана ӈамгэ сел таня пыдахавар пумнани яд"" некас"" помна тарця вада"" нялкара"""
/Users/air/Downloads/Ненецкие аудио/data/021_267060.96875_274485.96875000006.wav,"тикы тохоламбада ни хаӈгу"" иисусхав тарем' вунзя ман"" пыда ни хаӈгу"" пыдахавада тарем' ма""нисяв'"
/Users/air/Downloads/Ненецкие аудио/data/021_275093.46875_280965.96875.wav,"мань тарем' харваб"" нани товани ӈэсонд' иле хаёд"" нив' пыдар тикахана ӈамгэ сел таня"
/Users/air/Downloads/Ненецкие аудио/data/021_281522.84375_287530.34375000006.wav," тикы тохоламбада тикы иле""ми ӈадимде"" нидав' тикы' нямна нив' падан"" маня"" тенева"
/Users/air/Downloads/Ненецкие аудио/data/021_288137.84375_293200.34375.wav,"манэ"" лабтамбадида ненэся"" тикы' хавна иисус' ӈани сертавэда ӈока"
/Users/air/Downloads/Ненецкие аудио/data/021_293723.46875_302279.09375.wav,"тикы' нямна серото' сер' паднаб"" мань ини ядэрабцохона тарця таӈок падвы падаркат тюку я' тиркана таӈго я яӈгудась"
/Users/air/Downloads/Ненецкие аудио/data/005_2646.59375_7152.218750000001.wav,"тикы' пуд иисус иудей"" хэбидя яля' ёльцьӈгана иерусалиман' хая"
/Users/air/Downloads/Ненецкие аудио/data/005_7776.59375_14965.343750000002.wav,"таняна хуво"" вад' хэвхана меӈга танявы тикы меӈга' нюм' еврей' вадавна вифезда "
/Users/air/Downloads/Ненецкие аудио/data/005_15471.59375_24195.96875.wav,"самляӈг синдёда тюӈгалавада танявы мюнянда хуркари"" хаӈгурта"" сэвсяда"" мэдна"" хэвдо' хабэй"" юседа"""
/Users/air/Downloads/Ненецкие аудио/data/005_24752.84375_33352.8540349574.wav,"пыдо' ид' манзадавам' ӈатевы"" нум' ерв' юне ядэлана ханяӈэхэ"" на ит' ха""махая идм' манзабтамбасеты"
/Users/air/Downloads/Ненецкие аудио/data/005_33652.40476172263_40686.10418814948.wav,"нюрте"" э' манзарана ит' ха""мавы хибяри сата хабцяӈгана хаӈгурпата ӈо"" сензувормы"
/Users/air/Downloads/Ненецкие аудио/data/005_40886.45740846024_51651.59375.wav," таняна тет юд' няю' сидндет по' хаӈгурта ненэць' танявыиисус юседана ненэцям' манэ"" манда сер' таминда пон' хаӈгурмамда хамэдада ма савуман' харван"
/Users/air/Downloads/Ненецкие аудио/data/005_52326.59375_59667.21875.wav," хаӈгурта ненэць' нянда ма ервами ид' манзадава' ёльцьӈгана ит' си""ми тэвравндами харта яӈгу"
/Users/air/Downloads/Ненецкие аудио/data/005_60224.09375_67362.21875000001.wav,"хар""н таня' сыӈгтаб"" нани хибяхав мале си""ми нертесеты иисус нянда ма юркад"""
/Users/air/Downloads/Ненецкие аудио/data/005_68222.84375000001_76744.71875.wav,"пэӈар ня""ам"" тадтикахад ядэр"" таминда савума пэӈамда ня""махая хая тикы яля еврей"" ныланава яля ӈэвы"
/Users/air/Downloads/Ненецкие аудио/data/005_77335.34375_85705.34375000001.wav,"ӈадьбято' иудей"" хаӈгурмы ненэцянд' тарем' лахана"" тюку яля еврей"" ныланава яля пэӈамд тюку яля' вунир минарт"" "
/Users/air/Downloads/Ненецкие аудио/data/005_86414.09375_92455.34375.wav,"пыдахавада тарем' няндо' ма си""ми савумдавыми няни тарем' мась пэӈар ня""мад ядэр"""
/Users/air/Downloads/Ненецкие аудио/data/005_93265.34375_98501.40387000871.wav,"иудей"" сита хонра"" тарем' нянд лаханавы тикы хибя пэӈар ня""мад ядэр"" "
/Users/air/Downloads/Ненецкие аудио/data/005_98868.70503605437_106444.71875.wav,"сензумы ненэць' нянда тарем' лаханавым' ехэравэда тад ӈо"" ӈэсь ӈо"" иисус таняна мэвы ненэцие"" помна сэявы"
/Users/air/Downloads/Ненецкие аудио/data/005_107018.46875_111916.5440433854.wav,тад пуна иисус сензумы ненэцям' хэбидя харад' мюня хода нянда ма
/Users/air/Downloads/Ненецкие аудио/data/005_112353.843245907_118780.34375.wav,"ти тедахав' савуман тамна вэвако ӈамгэ нянанд хадкэвоӈгад тад нерня' сяхаӈгарт' нён хэбяхамдю"" "
/Users/air/Downloads/Ненецкие аудио/data/005_119286.59375_124416.59375.wav,"тикы ненэць' хэ""мяхаданда иудейха"" ма си""ми савумдавы иисус"
/Users/air/Downloads/Ненецкие аудио/data/005_125057.84375_133984.71875.wav,"иудей"" еврей"" ныланава яляхана иисус' тарця серо сертабаванда нид сита таӈылмдамба пя"" иисусхав няндо' ма"
/Users/air/Downloads/Ненецкие аудио/data/005_134625.96875_143552.84375000003.wav,"мань нисями теда' лахана манзара ӈадьбя"" ни мань ӈани' манзарадм' тикы вади намд"" махадандо' иудей"" ханяцей' саць иисусм' хадаван' харбиладо'"
/Users/air/Downloads/Ненецкие аудио/data/005_144362.84375_151814.19725001158.wav,"еврей"" ныланава яляри' ватом' мадаванда нид ни ӈа"" неноховавна нувм' харта нисяданда нюмдебава' сер'"
/Users/air/Downloads/Ненецкие аудио/data/005_152221.5393021021_161862.21875.wav,"пыхыдамда нум' ӈарӈэ пэрма' е""эмня иисус няндо' ма ненэся ненэся нянда"" мадм' нисянда манзаям' манэ"" мадавэй'"
/Users/air/Downloads/Ненецкие аудио/data/005_162402.21875_170654.09375000003.wav,"хасава нююмгав' харта няданда ӈамгэхэртм' серта ни пирас"" тад ӈо"" нисяюм' ӈамгэм' сертаби тикым' нююм' ӈани' сертаби"
/Users/air/Downloads/Ненецкие аудио/data/005_171497.84375000003_177471.59375.wav,"тад ӈо"" нисяюм' нюмда мэневанда нид хусувэй ӈамгэм' харта сертабадамда нюхунда манэ"" лабтамбида"
/Users/air/Downloads/Ненецкие аудио/data/005_178230.96875000003_183715.34375.wav,"тикы' хавна тамна ваць ӈарка серо нюхунда манэ"" лабтаӈгуда пыдара"" пысаӈгуда"""
/Users/air/Downloads/Ненецкие аудио/data/005_184255.34375_192649.42817145906.wav,"ханзер"" нисяюм' хальмерӈэ хэвым' юркабтахая илебтемби тарем' нююм' ӈо"" хибям' илебтеван' харва тикым' илебтеӈгу"
/Users/air/Downloads/Ненецкие аудио/data/005_193007.18723110863_201687.21875.wav,"хусувэй ненэць' хасава нюмда нисянда пирувна ӈарцу"" манда е""эмня нисяюм' хибяхартм' ни судебю"" судеӈговам' мал' нюхунда ми""мэда"
/Users/air/Downloads/Ненецкие аудио/data/005_202244.09375_211727.84375.wav,"нюмда ниня ӈарцута нюмда ӈэдаравы нисяюм' ӈани' нида ӈарцус"" ненэся ненэся нянда"" мадм' вадахани инзелена"
/Users/air/Downloads/Ненецкие аудио/data/005_212250.96875000003_220519.71875.wav,"си""ми ӈэдаравы нисяхани пунрёда малсяда илӈгана мэ судевы ни ӈэӈгу"" пыда хавахад иланд' тэвы"""
/Users/air/Downloads/Ненецкие аудио/data/005_221414.09375_226594.71875000003.wav,"ненэся ненэся нянда"" мадм' ёльцянда тома мале тэвы"""
/Users/air/Downloads/Ненецкие аудио/data/005_227235.96875_231201.59375.wav,"хавы ненэця"" нум' ню' вабцам' намдвандо' сер' илелтыд"""
/Users/air/Downloads/Ненецкие аудио/data/005_232028.46875_239301.59375.wav,"ханзер"" нисянда ил' харта нянанда ӈа тарем' ила' хасава нюхунанда ӈэва' е""эмня нянда ӈани' илам' ми""мы"
/Users/air/Downloads/Ненецкие аудио/data/005_240229.71875_246338.46875.wav,"ненэця' ню ӈэванда е""эмня нянда судеӈгова ныхым' ми""мы нёда"" пысаӈг"""
/Users/air/Downloads/Ненецкие аудио/data/005_247232.84375000003_255788.46875.wav,"пэмбад' мюня мэна хусувэй хальмер' ненэця' ню' вабцам' намдва' ёльць' хахаялма пыдо' пэмбдото' мюд тарпаӈгуд"""
/Users/air/Downloads/Ненецкие аудио/data/005_256716.59375000003_263837.84375.wav,"сава серо сертавы"" ила' е""эмня юркаӈгуд"" вэва серо сертабавэхэв"" сиддо' судева' е""эмня юркаӈгуд"""
/Users/air/Downloads/Ненецкие аудио/data/005_264681.59375_270351.59375.wav,"харкван хар""н нядни ӈамгэхэртм' серта нидм' пирас"" намдормани сер' судеӈгудм'"
/Users/air/Downloads/Ненецкие аудио/data/005_270908.46875_277472.84375000006.wav,"мань судми ненэся хар""н ватоми нидм' нёракус"" си""ми ӈэдаравэни ватом' нёраку"" ӈадм' "
/Users/air/Downloads/Ненецкие аудио/data/005_278198.46875_286804.71875.wav,"мань хар""н пыхыдами вадепа"" ни вадини ныхыси"" ӈани хибяри мань нямнани тид"" лаханана таня мань теневадм'"
/Users/air/Downloads/Ненецкие аудио/data/005_287429.09375_296322.21875000006.wav,"мань нямнани ӈэда вадида ненэся"" пыдара"" иоаннан' ненэцие ӈэдараванда"" мальӈгана пыда ненэся' нямна явнанда лаханась"
/Users/air/Downloads/Ненецкие аудио/data/005_297014.09375_303595.34375000006.wav,"тикы вадини ненэця' нямнани лаханава' е""эмня нин хэтыбю"" ӈэдаӈговам' ня""маванда"" е""эмня хэтыбин"
/Users/air/Downloads/Ненецкие аудио/data/005_304422.21875_311999.09375000006.wav,"иоаннхав лэёмбада яберена серекабт"" ӈэвы ӈамгэ' пират' пыдара"" яляхаданда маймбаван' харвадаць"
/Users/air/Downloads/Ненецкие аудио/data/005_312522.21875000006_319255.34375.wav,"маньзяв манэ"" лабтавндами иоанн' манэ"" лабтяркад ва""ӈа нисяни тавы серо мань малебидм'"
/Users/air/Downloads/Ненецкие аудио/data/005_320149.71875000006_329009.09375000006.wav,"тикы серони нисяни мань си""ми ӈэдаравам' манэ"" лабтамби"" мань си""ми ӈэдаравэми нисями мале мань нямнани явнанда лаханась"
/Users/air/Downloads/Ненецкие аудио/data/005_329734.71875_337514.09375.wav,"пыдахавара"" пыда ӈэдаравэхэнда нида"" пунрю"" ӈадьбята"" пыдара"" нисяни вабцам' намд"" мара"" яӈгу пыхыдамда манэсо"" мара"" яӈгу"
/Users/air/Downloads/Ненецкие аудио/data/005_338070.96875_344989.71875.wav,"пыда вадида нянанда"" ни"" иле"" пыдара"" ихивахананда"" малсяда ил' хэбидя падаркана ӈэ""нив'"
/Users/air/Downloads/Ненецкие аудио/data/005_345580.34375_354591.59375.wav,"ӈадьбята"" тяхасовна хэбидя падарм' тохоламбира"" хэбидя падаркав мань хибя ӈэвами манэ"" лабтамби пыдахавара"" илам' ня""маванда"" е""эмня"
/Users/air/Downloads/Ненецкие аудио/data/005_355114.71875_359485.34375.wav,"няни тован' нида"" харва"" мань ненэцяӈгат юндами нидм' ня""марпю"""
/Users/air/Downloads/Ненецкие аудио/data/005_360092.84375000006_365054.0937500001.wav,"мань сидда"" теневадм' пыдара"" сейхананда"" нувм' мэнебцора"" яӈгу"
/Users/air/Downloads/Ненецкие аудио/data/005_365847.21875_370099.71875.wav,"мань нисяни нювм' няд"" мяць тодамзь пыдара"" сейханда"" си""ми нида"" пэй"""
/Users/air/Downloads/Ненецкие аудио/data/005_370892.84375_378132.2187500001.wav,"ӈани хибяри харта нюмда ныхым' мэць тоб"" нанда тикахавм' сейханда"" пэндара"" харта"" няхатата"" юнм' ня""марпида"""
/Users/air/Downloads/Ненецкие аудио/data/005_379195.34375_387109.71875.wav,"ӈопой нумгад ӈэда юнхавм' нира"" пюр"" тиканда ханзер"" пунрё пиртара"" нисяни сякана мань сидда"" нидм' вомдартамбаӈгу"""
/Users/air/Downloads/Ненецкие аудио/data/005_387700.34375_396779.09375.wav,"танямна ибеда"" нёя"" ядэр"" сидда"" вомдартавандахав пыдара"" енанара"" моисей моисей мань нямнани паднась"
/Users/air/Downloads/Ненецкие аудио/data/005_397352.84375_407612.84375.wav,"ӈадьбята"" ненэсявна моисеян' пунрёвы ӈэб"" нанда"" няни ӈани' пунраӈгудаць тад моисей' падвэхэ"" ниб"" нанда"" пунрю"" ханзер"" мань вадаха"" ни пунраӈгуда"""
/Users/air/Downloads/Ненецкие аудио/data/002_4772.84375_12029.09375.wav,няхаромдэй яляхана галилея яхана ӈэда кана хардахана тюва яля ӈэвы таняна иисус' небя мэвы
/Users/air/Downloads/Ненецкие аудио/data/002_12754.718750000002_20095.34375.wav,"иисус ӈо"" тохоламбадита ня' ӈобтарем' таня' хамы"" ӈэвы"" няръяна сяркандо' сусава' сер'"
/Users/air/Downloads/Ненецкие аудио/data/002_20601.59375_26929.718750000004.wav,"иисус' небя иисусан' вахалъй"" сяркадо' суса иисус нянда ма"
/Users/air/Downloads/Ненецкие аудио/data/002_27486.59375_36649.71875000001.wav,"неӈэй мани' тикахана ӈамгэ серони' таня"" мань ёльцями тамна товдавэй небяда манзаранаха"" ма пыда ханзер"" ма"
/Users/air/Downloads/Ненецкие аудио/data/002_37155.96875_45323.46875.wav,"пыдара"" тарем' ӈада"" таняна мат"" ӈарка"" я пэ ид' ед танявы иудей"" тикы ед' тер' икана нибтарасетвы"""
/Users/air/Downloads/Ненецкие аудио/data/002_46116.59375_54047.84375000001.wav,"хусувэй ед юр' мян' литрам' тер"" мы иисус манзаранаха"" ма""нив' ед икана панаць тердейда"" "
/Users/air/Downloads/Ненецкие аудио/data/002_54992.84375000001_63075.96875.wav,"пыдо' икана тю""уй варандо' ӈэсонд' пандэйдо' тикы' пуд иисус няндо' ма тедахав' таняд идм' сахалӈада"""
/Users/air/Downloads/Ненецкие аудио/data/002_63599.09375_70011.59375.wav,"тадтикахад тюва яля' серм' пэртан' ханара"" тадтикахад пыдо' тикы ненэцянд' идм' хана"""
/Users/air/Downloads/Ненецкие аудио/data/002_70973.46875000001_80524.71875.wav,"тюва яля' серм' пэрта няръяна сяркаӈэ хэвы идм' ӈэрӈада пыда тикы сярка ханяд ӈэвахад ехэрась идм' сахалмыри"" теневаць"
/Users/air/Downloads/Ненецкие аудио/data/002_81385.34375_89772.21875000001.wav,тюва яля' серм' пэрта нелебада хасавам' хаӈа тадтикад ма хусувэй ненэць' нерде сава сяркам' ӈадимдесеты
/Users/air/Downloads/Ненецкие аудио/data/002_90632.84375_97703.46875.wav,"ненэцие"" ябело"" махад вэва сяркамда ӈабтасеты пыдахавар сава сяркам' тев' ёльцянд' лэтмбавэранё"" "
/Users/air/Downloads/Ненецкие аудио/data/002_98732.84375_107744.09375.wav,"тикы сер"" иисус' галилея яхана ӈэда кана хардахана сертавы нюртей ненадо сер"" ӈэвы таняна юнамда ӈадимдеда"
/Users/air/Downloads/Ненецкие аудио/data/002_111642.21875_118560.96875.wav,"тикы' пуд небямда няць нида няць тохоламбадида няць капернауман' хая сянхав яля' таняна мэ"""
/Users/air/Downloads/Ненецкие аудио/data/002_119337.21875_123387.21875.wav,"иудей"" пасха' хахаялма' сер' иисус иерусалиман' то"
/Users/air/Downloads/Ненецкие аудио/data/002_124214.09375_132280.34375.wav,"хэбидя хардахана хороби хуво голубьм' нюбета нув' сармик мирдапади манэ"" ӈа тикы"" хавна таняна ӈамдёвы есь тадабади манэ"" ӈа"
/Users/air/Downloads/Ненецкие аудио/data/002_133022.84375000003_140414.09375.wav,иисус иняхад садкосям' серта хэбидя хардахад мирдатини хоробисавэй' хувосавэй' мал' ӈокхандо' питаръяда
/Users/air/Downloads/Ненецкие аудио/data/002_141359.09375_149610.96875.wav,"есь тадабади"" есьдо' вабтъяда тольдо' пынделабтэйда голубь мирдападаха"" тарем' ма тюку мал' хэвня' ханэйда"""
/Users/air/Downloads/Ненецкие аудио/data/002_150285.96875000003_159516.59375.wav,"нисяни мядм' ӈавори мирдапалава мя""ӈэ нёра"" сертабю"" тохоламбадида хэбидя падаркана падвы тюку вади тензибте"""
/Users/air/Downloads/Ненецкие аудио/data/002_160174.71875_166671.59375.wav,"мят ялыба харвобтавами сёнзяни мюд си""ми ӈаворӈа тиканда иудей"" иисусан' ма"""
/Users/air/Downloads/Ненецкие аудио/data/002_167397.21875_176037.21875000003.wav,"тарем' ӈэсь ватомд ӈамгэ ненадо серка"" на манэ"" лабта пиртар иисус няндо' ма тюку хэбидя харадм' тахабтара"""
/Users/air/Downloads/Ненецкие аудио/data/002_176543.46875000003_181386.59375.wav,"маньзяван няхар"" яля' пирка"" на яӈор' ӈабтаӈгув иудей"" тикы вадаха"" тарем' ма"""
/Users/air/Downloads/Ненецкие аудио/data/002_182129.09375_188997.21875.wav,"тет юкад вата мат"" по' тюку хэбидя харадм' сертабидонзь пыдахавар няхарли"" яля' яӈор' ӈабтаванзь пэрӈар"
/Users/air/Downloads/Ненецкие аудио/data/002_189503.46875_193688.46875.wav, иисусхав хэбидя харадм' вадець харта пыхыданда нямна лаханась
/Users/air/Downloads/Ненецкие аудио/data/002_194397.21875_203965.34375.wav,"иисус' ха""махаданда илелманда сер' тохоламбадида тикы вадида тензибтевы"" тикы' пуд хэбидя падарт' иисус' ваде"" мы вадаха"" пунрэяд"""
/Users/air/Downloads/Ненецкие аудио/data/002_204859.71875_212605.34375.wav,"пасха хэбидя ялэ"" ямбхана иисус' иерусалимхана мэванда мальӈгана ӈока ненэць' ненадо серо сертавамда манэ"" ӈаць"
/Users/air/Downloads/Ненецкие аудио/data/002_213111.59375000006_219490.34375.wav,"тадтикахад нянда пунрэйдаць иисусхав хусувэй ненэцям' тенева няндо' нись ен"""
/Users/air/Downloads/Ненецкие аудио/data/002_220317.21875_227708.46875.wav,"пыда ненэця' сёнзя' мюй' ӈамгэ хадкэӈгавахад теневавы ӈадьбята ненэця' нямна ӈэда манэ"" лабт"" нянанда нивы тара"""
/Users/air/Downloads/Ненецкие аудио/data/017_2729.7153685356675_9978.794254080809.wav,"тикы вадида хэт"" махаданда иисус нув' няю' саӈомда ӈэдара вахалъй"" нисёв"" ёльцянда то""ма"
/Users/air/Downloads/Ненецкие аудио/data/017_10170.387976412692_20074.40181502735.wav,"хасава нюнд юнм' ӈармдад хасава нюр ӈод"" юнамд ӈармдаӈгу"" нив' тад ӈо"" ӈэсь ӈо"" пыдар хусувэй хибям' ӈудахата ми""йдаси"""
/Users/air/Downloads/Ненецкие аудио/data/017_20405.367068041684_29444.09375.wav,"нянда ми""мэхэта пыда малсяда илам' мит"" нив' малсяда илӈгав тикахав пыдар сит ялнда ӈопой ненэся нувм' теневава"
/Users/air/Downloads/Ненецкие аудио/data/017_29967.21875_37982.84375.wav,"тадтикахад пыдар ӈэдаравэмд иисус христосм' теневава нив' ӈа"" няни табэдавы манзаямд ёльцевани сер'"
/Users/air/Downloads/Ненецкие аудио/data/017_38522.84375_47922.21875000001.wav,"мань я' ниня пыдар юнамд ӈармдав нисёв"" тедахав' невхы я' мидеро"" ма' нерцюна пыдар сит ня' мэ""мы юнханани'"
/Users/air/Downloads/Ненецкие аудио/data/017_48428.46875_54942.21875.wav,"сякананд юнами ӈармда"" ма пыдар я' тиркад няни тавы ненэцяӈг"" нюмд хурка ӈэвам' ӈадимдев"
/Users/air/Downloads/Ненецкие аудио/data/017_55465.34375_59262.21875.wav,"тикы ненэця"" пыдар ненэциедась тедахав' мань няни тайд"
/Users/air/Downloads/Ненецкие аудио/data/017_59768.46875_66332.84375000001.wav,"пыдо' пыдар ваданд сер' ӈа"" тедахав' пыдар няни тавы хусувэй ӈамгэ' няданд ӈэвахад пыдо' тенева"""
/Users/air/Downloads/Ненецкие аудио/data/017_66957.21875000001_72137.92173495986.wav,няни тавы вадид няндо' хэтын пыдо' тикы вади сёнзяндо' мю' пэмбидо'
/Users/air/Downloads/Ненецкие аудио/data/017_72495.36568198656_82482.21875.wav,"мань няданд товами ненэсявна хамэдадо' пыдар си""ми ӈэдараваханд пунрэяд"" мань пыдо' е""эмняндо' хынумдадм' я' тир' е""эмня нидм' хынумд"""
/Users/air/Downloads/Ненецкие аудио/data/017_83140.34375_93101.76281666874.wav,"ӈопой пыдар няни тавырит е""эмня хынумдадм' тад ӈо"" ӈэсь ӈо"" пыдо' пыдар ӈавэд хусувэй мань ӈамгэми пыдар ӈамгэр пыдар ӈамгэр мань ӈамгэми"
/Users/air/Downloads/Ненецкие аудио/data/017_93219.79994806572_101288.9540691225.wav,"тадтикахад мань юнами сидто' сер' ӈарма маньзяв мале я' тиркана вунидм' мы"" пыдъедо' я' тиркана ни""им' мы"""
/Users/air/Downloads/Ненецкие аудио/data/017_101288.9540691225_109445.58377848992.wav,"ӈари"" маньзяв нянд мий"" нидам' нисёв"" пыдар хэбидян няни тавыд пыдар нюмд няд"" мяць лэтамбан"""
/Users/air/Downloads/Ненецкие аудио/data/017_109747.93307174023_119250.41589009357.wav,"мани' сидни' тотрев' пыдо' ӈобнзер' ӈэя"" нянандо' мэвани мальӈгана пыдар няни тавы нюмд няд"" мяць сиддо' ерамбидамзь мань лэтрэйн"
/Users/air/Downloads/Ненецкие аудио/data/017_119546.43747117142_126644.09375.wav,"хэбидя падар' вада' мал' ӈадима' е""эмня ханяӈэхэртадо' ни яӈгув"" ӈопой хавндаӈэ таславыридо' яӈгума"""
/Users/air/Downloads/Ненецкие аудио/data/017_127167.21875_137051.79017834403.wav,"тедахав' мань нянд миӈадм' я' тиркана тедари' мэвахани тюку вадетини ваде"" ян тикандо' пыдо' техэ малханда маймбабцоми манэтадо'"
/Users/air/Downloads/Ненецкие аудио/data/017_137413.8325162537_145103.1839000584.wav,"пыдар вадамд мань няндо' тэврав я' тир' тер"" сиддо' сэхэда пя"" пыдо' ӈо"" мань си""ни тотрев' я' тиркад вуни"" ӈа"""
/Users/air/Downloads/Ненецкие аудио/data/017_145490.88319469235_156293.46875000003.wav,"сиддо' я' тиркад ханаванд е""эмня нидм' хынумд"" сямян вэвакоход сиддо' лэтрамбаванд е""эмня хынумдадм' пыдо' ӈод"" мань си""ни тотрев' я' тиркад вуни"" ӈа"""
/Users/air/Downloads/Ненецкие аудио/data/017_156867.21875_165803.49777721663.wav,"ненэсяхана нярумдан"" ненэсяхав пыдар вадар ӈэ""нив' пыдар ханзер"" си""ми я' тирт' ӈэдарасан мань ӈо"" тарем' сиддо' я' тирт' ӈэдарадм'"
/Users/air/Downloads/Ненецкие аудио/data/017_166130.49863296998_174406.97144657312.wav,"пыдо' е""эмняндо' хар""н пыхыдами нярумдадм' тиканда пыдо' ӈани' ненэсяхана нярумы"" ӈэӈгу"" апыдридо' е""эмняндо' нидм' хынумд"""
/Users/air/Downloads/Ненецкие аудио/data/017_174631.78662190575_178635.96875000003.wav,"вадито' сер' няни пунрёди"" е""эмня ӈани' хынумдадм'"
/Users/air/Downloads/Ненецкие аудио/data/017_179192.84375_185223.03068758658.wav,"нисёв"" ханзер"" пыдар нянани мэн мань ӈо"" тарем' нянанд мэдм' пыдо' ӈо"" ӈобнзер' ӈэя"""
/Users/air/Downloads/Ненецкие аудио/data/017_185573.30720641208_192254.09375.wav,"пыдо' ӈо"" ӈобтарем' мани' нянани' мэя"" тиканда я' тир' тер"" си""ми пыдар няндо' ӈэдара"" ман' пунраӈгуд"""
/Users/air/Downloads/Ненецкие аудио/data/017_192945.96875_202598.46875.wav,"пыдар няни тавы юнм' мань няндо' ми""ӈавась тикандо' мани' сидни' тотрев' пыдо' ӈобнзер' ӈэӈгу"" ни"" им' мань нянандо' мэдм' пыдар нянани мэн"
/Users/air/Downloads/Ненецкие аудио/data/017_203104.71875_212959.71875.wav,"тиканда пыдо' ӈули"" ӈобнзер' ӈэӈгу"" я' тир' терхав"" пыдар си""ми ӈэдаравамд хамэдаӈгудо' ханзер"" сиддо' мань си""ни тотрев' мэневамд хамэдаӈгудо'"
/Users/air/Downloads/Ненецкие аудио/data/017_213516.59375000003_219355.34375.wav,"нисёв"" мань харвабцоми тарця няни тавыд мань мэсь яханани мэб"" нандо' саванё"""
/Users/air/Downloads/Ненецкие аудио/data/017_220114.71875_228180.96875.wav,"си""ми я' мидеро"" ма' нерня мэнелӈанаси"" тиканда нянани мэбто' пыдар няни тавы юнами манэт"" ни"" им'"
/Users/air/Downloads/Ненецкие аудио/data/017_228822.21875_239014.71875.wav,"нисёв"" пыдар ненэсян я' тир' тер"" сит тамна ехэраб"" ӈо"" маньзяв сит теневадм' пыдо' ӈо"" пыдар си""ми ӈэдара"" махаданд ӈани' тенева"""
/Users/air/Downloads/Ненецкие аудио/data/017_239925.96875_249645.96875.wav,"мань няндо' нюмд хурка ӈэвам' ӈадимдевась тамна тяха' ӈадимдеӈгув хурка мэнебцохона си""ми мэневар нянандо' ӈэӈгу мань ӈани' нянандо' мэӈгудм' "
/Users/air/Downloads/Ненецкие аудио/data/010_2055.9687500000005_8164.718750000002.wav,"ненэся ненэся нянда"" мадм' хибяхав хуво"" мэсь' ян' нё' сивна нибта мятю"""
/Users/air/Downloads/Ненецкие аудио/data/010_8670.96875_15893.46875.wav,"ӈанинзер' пакалтахав талей мартик нё' сивна мятюнахав хуво"" малкода"
/Users/air/Downloads/Ненецкие аудио/data/010_16770.96875_22525.34375.wav,"нё' сим' ерамбада е""эмнянда нё' сим' нэмбида хухув"" муӈганда намдорӈа"""
/Users/air/Downloads/Ненецкие аудио/data/010_23284.71875_31469.093750000004.wav,"пыда ӈод"" хусувэй хумда нюмнанда хаӈгая тарпо"" лада хувода мал' пин' хана"" махаданда харта нерандо' няна миӈа"
/Users/air/Downloads/Ненецкие аудио/data/010_32447.843750000004_39197.84375.wav,"хухув"" вабцамда тенева пумнанда яда"" ӈани несэй ненэця' пумна сяхаӈгарт' нид"" ялт"""
/Users/air/Downloads/Ненецкие аудио/data/010_40058.46875_43686.59375.wav,"вабцамда ехэравандо' нид няданда хунаӈгуд"" "
/Users/air/Downloads/Ненецкие аудио/data/010_44226.59375_51162.21875.wav,"иисус тикы хара явна ӈэда лахарём' няндо' ваде"" ӈада тарем' ӈо"" пыдо' ваде"" мэхэданда ӈамгэхэртм' ни"" хамэда"""
/Users/air/Downloads/Ненецкие аудио/data/010_51752.84375_57878.46875.wav,"иисус няндо' ӈани' вахалъй"" ненэся ненэся нянда"" мадм' мань хуво"" тюӈгалавадм'"
/Users/air/Downloads/Ненецкие аудио/data/010_58536.59375_67227.21875.wav,"нер"" ни няна сянри ӈока турмы"" ӈэбто' ӈо"" пыдо' мал' талей"" мартик"" ху"" няндо' ниць намдор"""
/Users/air/Downloads/Ненецкие аудио/data/010_67986.59375_77622.21875.wav,"мань тюӈгалавадм' си""ни сер' мятюна ӈэдавы ӈэӈгу пыда мятюӈгу тарпаӈгу"" хадырць ядамда хоӈгу"
/Users/air/Downloads/Ненецкие аудио/data/010_78297.21875_84929.09375.wav,"талейхав талэрманда е""ливна хавыдаванда е""ливна яӈгумдаванда е""ливна нив' тур"""
/Users/air/Downloads/Ненецкие аудио/data/010_85469.09375_90125.5978299406.wav,"маньзяв иландо' танява' е""эмня иламдо' панаць ня""мава' е""эмня тодамзь"
/Users/air/Downloads/Ненецкие аудио/data/010_90624.81922504268_96437.84375.wav,"мань сава малкодадм' сава малкода хувота ила' е""эмня иламда миць хамэды"
/Users/air/Downloads/Ненецкие аудио/data/010_96944.09375_105921.59375.wav,"недва"" лембадахав малкода вуни ӈа"" ху"" пыда ӈавэда вуни"" ӈа"" ӈадьбята пивна ядэртам' манэпата хуво хае хунаӈгу"""
/Users/air/Downloads/Ненецкие аудио/data/010_106579.71875_110325.96875.wav,"тиканда пивна ядэрта хуво пябта тодо' яха"" лядтыда"
/Users/air/Downloads/Ненецкие аудио/data/010_110849.09375_119404.71875.wav,"недва"" лембадахав хуво"" нямна серта яӈгу недва"" лембада ӈэванда нид хунаӈгу"" ни"" им' мань сава малкодадм'"
/Users/air/Downloads/Ненецкие аудио/data/010_120029.09375_128179.71875.wav,"мань хар""н ӈавэни теневын пыдо' ӈо"" ӈобтарем' си""ми тенева"" ханзер"" нисями си""ми тенева мань тарем' нисяв теневав"
/Users/air/Downloads/Ненецкие аудио/data/010_128871.59375000001_138524.09375000003.wav,"хар""н илми хуво"" ни е""эмня митав тюку хуво"" мэсь' яхад ниня ӈэда ӈани"" хувони таня"" сиддо' ӈани' няни тэвраб"" ни тара"
/Users/air/Downloads/Ненецкие аудио/data/010_139300.34375_145189.71875.wav,"пыдо' вабцами намдаӈгудо' тадтикахад ӈопой ӈысыӈэ ханда"" ӈопой малкодадо' ӈэӈгу"
/Users/air/Downloads/Ненецкие аудио/data/010_145982.84375_151652.84375000003.wav,"илми яӈор' пуня' ня""мавани е""эмня илми мипидм' тикы' е""эмня нисями си""ми мэне"
/Users/air/Downloads/Ненецкие аудио/data/010_152192.84375_160360.34375.wav,"хибяхарт илми нядни нида март"" ӈопой мань хар""н мипив илми миць илми пуня' ня""ма ныхыми таня"
/Users/air/Downloads/Ненецкие аудио/data/010_160967.84375_169810.34375000003.wav,"тикы табеком' мань нисяхадани ня""мавась иудей"" тикы вадида намд"" махадандо' помнандо' ӈани' поёма"" ӈокаюм' пелядо' тарем' лахана"""
/Users/air/Downloads/Ненецкие аудио/data/010_170367.21875_176627.84375.wav,"пыда нянанда ӈылека таня ханзосяламби ӈамгэ нянда инзеледа"" ханяӈыдо' тарем' ма"""
/Users/air/Downloads/Ненецкие аудио/data/010_177555.96875_184035.96875.wav,"тюку мэта вадахабида ня""маравы' вада"" ниню"" ӈа"" сэвсяда ненэцие"" сэв ӈылека сылабта пиртыда"
/Users/air/Downloads/Ненецкие аудио/data/010_184660.34375_188271.59375.wav,"иерусалимхана несэймдаӈго"" ма хэбидя яля ӈэвы"
/Users/air/Downloads/Ненецкие аудио/data/010_189014.09375_198413.46875.wav,"сырэй"" ӈэвы"" хэбидя хардахана ӈэда соломонм' нюбета синдёда тюӈгалававна иисус ядэрӈа иудей"" сита сюртехэя ма"""
/Users/air/Downloads/Ненецкие аудио/data/010_199257.21875_206479.71875.wav,"пон' сидна"" ерменяӈэ пэрмандан христос' ӈэб"" нанд тидпой"" няна"" ман"" иисус няндо' ма"
/Users/air/Downloads/Ненецкие аудио/data/010_207154.71875_214478.46875.wav,"мань нянда"" мадамзи"" хуркавна ӈод"" пыдара"" мань няни нида"" нё"" пунрю"" серони нисяни нювм' няд"" мяць сертабин"
/Users/air/Downloads/Ненецкие аудио/data/010_215170.34375_222780.96875000003.wav,"тикы серони мань хибя ӈэвами манэ"" лабтамби"" пыдара"" мань хувони нида"" ӈа"" ӈадьбята"" няни нида"" пунрю"""
/Users/air/Downloads/Ненецкие аудио/data/010_223439.09375_232534.71875.wav,"маньзяван хувони муӈгани инзеле"" мань теневын пыдо' пумнани яда"" мань няндо' малсяда илам' мипидм'"
/Users/air/Downloads/Ненецкие аудио/data/010_233074.71875_241410.96875.wav,"пыдо' сяхаӈгарт' ни"" хаӈгу"" хибяхарт ӈудахатани нида март"" сиддо' няни тавы мань нисями сямянхат ӈарка"
/Users/air/Downloads/Ненецкие аудио/data/010_241967.84375_251755.34375.wav,"мань нисяни ӈудахат хибяхарт сиддо' марць ни пирас"" мань нисяни ня' ӈопой ӈамгэни' иудей"" сита ладормандо' е""эмня ӈани' манябэ ня""марӈа"""
/Users/air/Downloads/Ненецкие аудио/data/010_252447.21875_261205.34375.wav,"иисус няндо' ма нисяхадани ӈэда ӈока сава ӈамгэм' нянда"" манэ"" лабтадамзь ханяӈэндо' е""эмня си""ми пэхэ"" на ладорман' харвада"""
/Users/air/Downloads/Ненецкие аудио/data/010_262032.21875000003_268495.34375.wav," иудей"" нянда ма"" сава серот е""эмня сит пэхэ"" на ладорман' нива"" харва"" пыдар нувм' вомдартамбин"
/Users/air/Downloads/Ненецкие аудио/data/010_269018.46875_276224.09375.wav,"ненэцянданё"" тарем' ӈо"" пыхыдамд нумӈэ толабир тикы е""эмня сит ладорман' харвава"" иисус няндо' ма"
/Users/air/Downloads/Ненецкие аудио/data/010_276865.34375_281202.21875000006.wav,"пыдара"" ватохонанда"" тарем' ни паду"" мань мадм' пыдара"" хэхэда"""
/Users/air/Downloads/Ненецкие аудио/data/010_281910.96875_287935.34375.wav," нум' вадам' ня""мавы нум' хэхэӈэ вадепата тикахана хэбидя падар"" таросяламзь нида пирас"""
/Users/air/Downloads/Ненецкие аудио/data/010_288475.34375000006_297824.09375000006.wav,"нисяни нярумдавэӈэ я' тирт' ӈэдаравэӈэ мань тарем' лаханаб"" нани мань нум' нюдм' пыдара"" ӈамгэ тарем' мада"" пыдар нувм' вомдартамбин"
/Users/air/Downloads/Ненецкие аудио/data/010_298769.09375_308252.84375.wav,"нисяни серо ниб"" ни сертабю"" няни нёда"" пунрю"" серо сертабаб"" нани няни нибта"" ӈо"" пунрю"" мань сертабада серка"" ни пунрыда"""
/Users/air/Downloads/Ненецкие аудио/data/010_309045.96875000006_314817.21875.wav,"тиканда нисяни нянани мэвам' мань нисяханани мэвами теневаӈгура"" хамэдаӈгура"" "
/Users/air/Downloads/Ненецкие аудио/data/010_315475.34375000006_321364.71875.wav,"тиканда иудей"" иисусм' ӈани' ня""маван' харвадонзь пыдахавада ӈудахатато' тэри нялкара"
/Users/air/Downloads/Ненецкие аудио/data/010_321870.96875000006_325684.71875.wav,иисус иордан яха' тяханя' пырдари' хая таняна хаи
/Users/air/Downloads/Ненецкие аудио/data/010_326342.84375000006_332892.62830149167.wav,"сяхаӈгав' таняна иоанн ненэцие хэхэдамбись ӈока ненэця"" иисусан' тоць пыдо' тарем' лаханаць"
/Users/air/Downloads/Ненецкие аудио/data/010_333351.7493537436_336889.12086717703.wav,"иоаннхав ненадо серо сертавэда яӈгубата ӈод"""
/Users/air/Downloads/Ненецкие аудио/data/010_337297.8169076085_344685.96875.wav,"хуркавна ӈо"" тюку ненэця' нямна ӈэда вадахабида мал' ненэся"" таняӈы яхана ӈока ненэць' иисусан' пунрэйць"
/Users/air/Downloads/Ненецкие аудио/data/020_2832.21875_10633.528468982178.wav,"еврей"" си""ив яля' толырка"" на нюртей яля ӈэвы мария ӈули"" хубтакохона тамна тид ӈэсь пэмбад' ӈэсь' ян' хая"
/Users/air/Downloads/Ненецкие аудио/data/020_10968.739689613225_21685.591664819436.wav,"тарем' сырпата пэмбад' ӈэсь' я' сихид ӈарка"" я пэ хэвня' мэвы ӈэвы тикыринда ӈо"" симон пётарк' иисус' мэнена тохоламбадаха' няю' сюрмба хая нянди' вахалъй"""
/Users/air/Downloads/Ненецкие аудио/data/020_22076.64299885987_32335.178630517283.wav,"нум' ервава"" пэмбад' ӈэсь' яхад ханавэдо' ханя' мэвахандо' маня"" ехэрава"" атикы вадита пуд пётр няби тохоламбадада пэмбад' ӈэсь' ян' хаяха'"
/Users/air/Downloads/Ненецкие аудио/data/020_32823.5928130411_40661.05622478151.wav,"пыди' ӈобкана сюрбыхы' нябиюм' тохоламбадахав пётркад мерець сюрмби пыда нянда нерня' пэмбад' ӈэсь' ян' тэвы"""
/Users/air/Downloads/Ненецкие аудио/data/020_41007.59014668906_50969.1370748255.wav,"таси' вэдерманда сер' яхана юседани хальмерм' пэбта"" ми манэ"" ӈа пэмбад' ӈэсь' я' мюхув' ни тю"" пуданда симон пётр то пэмбад' ӈэсь' я' мю' тю"
/Users/air/Downloads/Ненецкие аудио/data/020_51397.09651790137_60461.14083248046.wav,"тарем' сырпата яхана юседани хальмерм' пэбта"" ми манэ"" ӈа тикы' хавна пэбта"" ми"" хэвнякуна иисус' ӈэва' ниня ӈэвы ӈокасям' манэ"" ӈа"
/Users/air/Downloads/Ненецкие аудио/data/020_60719.567924676754_69994.71875.wav,"тикы ӈокась' харта яхана яӈга тамдалавы тиканда нерде тэввыюм' тохоламбадада пэмбад' ӈэсь' я' мю' ӈани' тю тикы серо манэсо"" махаданда пунрэй"""
/Users/air/Downloads/Ненецкие аудио/data/020_70500.96875_78660.74936966132.wav,"тад ӈо"" пыди' хэбидя падаркана падда вади тамна нидинзь хамэда"" хэбидя падаркана иисус ха""махаданда яӈор' илелпата тарась"
/Users/air/Downloads/Ненецкие аудио/data/020_78998.60937164148_83325.96875.wav,тадтикахад иисус' тохоламбадаха' ӈани' пырдари' мэсь' яханди' салъяха'
/Users/air/Downloads/Ненецкие аудио/data/020_83899.71875_90522.28394331555.wav,марияхав пэмбад' ӈэсь' я' хэвхы пиняна нусь ярӈа ярманда сер' таси' пэмбад' ӈэсь' ян' вэдерӈа
/Users/air/Downloads/Ненецкие аудио/data/020_90957.30358613853_97485.70476099703.wav,"тарем' сырпата сэр"" паны мэта сидя нув' юне ядэлана иисус' пыхыд' юседа"" ма яхана ӈамдыхы'"
/Users/air/Downloads/Ненецкие аудио/data/020_97932.79142057744_104518.23863000996.wav,"ӈобъюм' иисус' ӈэва' ӈэ""мя' няюна мэ нябиюм' ӈэта ӈэ""мя' няюна мэпыди' нянда вахалъяха'"
/Users/air/Downloads/Ненецкие аудио/data/020_104920.51746713772_110005.34375.wav,"неӈэй ӈамгэ ярӈан пыда нянди' ма нум' ервани пыхыдм' ханавы"""
/Users/air/Downloads/Ненецкие аудио/data/020_110646.59375_118763.46875.wav,"ӈули"" нив хамэдамбю"" екар"" ханя' мэдо' тикы вадида хэт"" махаданда маха' ня' сылы"" маханда няна иисус нувы"
/Users/air/Downloads/Ненецкие аудио/data/020_119320.34375_125496.59375.wav,"тарем' ӈо"" тикы иисус ӈэвам' нида хамэда"" иисус нянда ма неӈэй ӈамгэ ярӈан"
/Users/air/Downloads/Ненецкие аудио/data/020_126087.21875_133242.21875.wav,"хибямд пюрӈан мария ихинянда сита ӈоди"" пи"" вадюлава' манзаранаӈэ пэрӈа ӈадьбята нянда тарем' вахалъй"""
/Users/air/Downloads/Ненецкие аудио/data/020_133883.46875000003_141561.59375.wav,"ервэй пэмбад' ӈэсь' яхад пыдар иисус' пыхыдм' хэвня' ханавы ӈэбат ман"" ма ханя' мэсар мань ханаӈгув "
/Users/air/Downloads/Ненецкие аудио/data/020_142084.71875_149307.21875.wav,"иисус нянда ма мария мария пуня' нянда сыло"" махаданда еврей' вадавна вахалъй"" раввуни"
/Users/air/Downloads/Ненецкие аудио/data/020_149982.21875000003_156089.24146157608.wav," тикы ваданда хамэди"" тарця си""ми тохоламбадами иисус нянда ма си""ми нён ня""амбю"""
/Users/air/Downloads/Ненецкие аудио/data/020_156558.5667715585_162199.20712834992.wav,"маньди тамна нисяхани тэвувдавэйдм' няха"" ни хань"" тарем' ман"" мань нисяхани танаӈгув"""
/Users/air/Downloads/Ненецкие аудио/data/020_162752.34052940062_168139.24590287323.wav,"пыдара"" нисяханда"" танаӈгув"" мань нумгани танаӈгув"" пыдара"" нумганда"" танаӈгув"" "
/Users/air/Downloads/Ненецкие аудио/data/020_168524.76312178734_176880.96875000003.wav,"магдала' тер мария хая иисус' тохоламбадаха"" нум' ервм' манэсо"" мамда ваде"" ӈа иисус' нянда ваде"" мы вади няндо' хэтыда"
/Users/air/Downloads/Ненецкие аудио/data/020_177420.96875_184829.09375.wav,"тикыри си""ив яля' нюрте"" э яля' пэвсюмя' няна иисус' тохоламбада"" иудейха"" сейто' пинава' нид нёндо' си пакалмыдо'"
/Users/air/Downloads/Ненецкие аудио/data/020_185689.71875000006_191342.84375.wav,"иисус таня' то поӈгандо' нулъй"" тадтикахад вахалъй"" таӈгабцоми нянанда"" ӈэя"
/Users/air/Downloads/Ненецкие аудио/data/020_191849.09375_196709.09375.wav," тикы вадида хэт"" махаданда ӈудида ӈэда хэвдыда няндо' манэ"" лабтэйда"
/Users/air/Downloads/Ненецкие аудио/data/020_197282.84375_203543.46875.wav,"тохоламбадида нум' ервамдо' манэ"" мандо' сер' маид"" иисус ӈани' няндо' ма таӈгабцоми нянанда"" ӈэя"
/Users/air/Downloads/Ненецкие аудио/data/020_204066.59375_212014.71875.wav,"ханзер"" нисями си""ми ӈэдараса мань ӈани' сидда"" ӈэдарамбидм' тикы вадида хэт"" махаданда индта няндо' пуць ма"
/Users/air/Downloads/Ненецкие аудио/data/020_212554.71875_222038.46875.wav,"хэбидя индадм' ня""мара"" хибяри' хэбяхы ха""аврамбабата"" тикы"" хэбяха"" ха""маӈгуд"" хибяри' хэбяхы хаебта"" тикахана тикы"" хэбяха"" хаевы"" ӈэӈгу"" "
/Users/air/Downloads/Ненецкие аудио/data/020_222595.34375_230007.74838669127.wav,"юкад вата сидяхад ӈобто' фома пэрабцада яхас ӈэвы иисус' турма' мальӈгана пыда нянандо' нивы мы"""
/Users/air/Downloads/Ненецкие аудио/data/020_230533.38130882327_235133.46875.wav,"тад пуна иисус' тохоламбада"" нянда ма"" маня"" нум' ервава"" манэ"" ӈаваць "
/Users/air/Downloads/Ненецкие аудио/data/020_235690.34375_244195.34375.wav,"пыда няндо' тарем' ма ӈудаха"" ната ӈэда еся теби"" мерю манэ"" мадавэй' тикы мерёхо"" ӈудани тарка' тебувдавэй'"
/Users/air/Downloads/Ненецкие аудио/data/020_244920.96875_254640.96875.wav,"хэвдэхэнда ӈудани тебувдавэй' нидм' пунраӈгу"" сидндет яля' хэ""мяхад иисус' тохоламбада"" ӈани' мяд' мюня мэвы"" фома нянандо' мэвы"
/Users/air/Downloads/Ненецкие аудио/data/020_255282.21875000003_262386.59375000006.wav,"нё' си"" паклёб"" ӈо"" иисус таня' то поӈгандо' нулъй"" тадтикахад вахалъй"" таӈгабцоми нянанда"" ӈэя"
/Users/air/Downloads/Ненецкие аудио/data/020_263061.59375000006_270810.0014784868.wav," тикы' пуд фоман' ма ӈуданд таркам' тальняку' тад ӈудини манэс"" ӈудар тад хэвдэхэни тебдед"
/Users/air/Downloads/Ненецкие аудио/data/020_271270.39844682696_279531.59375.wav,"тад нерня' ниня пунрёдан нён ӈа"" пунрёдан ӈа"" фома нянда ма нум' ервами мань нумми "
/Users/air/Downloads/Ненецкие аудио/data/020_280122.21875_287852.62060973.wav,"иисус нянда ма си""ми манэ"" манд сер' няни пунрэйн си""ми манэ"" мадавэй' няни пунравэхэв ненэсянда ябда "
/Users/air/Downloads/Ненецкие аудио/data/020_288209.76362837123_296024.6690612179.wav,"иисус тохоламбадита сыртан' ӈока хуркари ненадо серо серта ханяӈы"" сер"" тюку падаркана падувдавэй"""
/Users/air/Downloads/Ненецкие аудио/data/020_296442.3111129454_303173.46875000006.wav,"иисус' христос' ӈэваханда пунраванда"" е""эмня нум' ню' ӈэваханда пунраванда"" е""эмня тарця"" сер"" пады"""
/Users/air/Downloads/Ненецкие аудио/data/020_303696.59375000006_308084.09375.wav,"тикан' пунрабта"" пыда нюмда няд"" мяць илам' ня""маӈгуда"""
/Users/air/Downloads/Ненецкие аудио/data/011_4502.84375_9244.71875.wav,"лазарьм' нюбета ӈоб"" ненэць' хаӈгурмы пыда вифания' тер ӈэвы"
/Users/air/Downloads/Ненецкие аудио/data/011_9835.34375_20179.71875.wav,"мария марфа ненянда ня' ӈани' тикы хардакоход ӈэвэхэ' марияхав сяхаӈгав' нум' ервм' ё""йда юркана масармэда тадтикахад ӈэда ӈэванда тарка"" на тэ""мыда"
/Users/air/Downloads/Ненецкие аудио/data/011_20837.84375_30338.46875.wav,"пыда хаӈгурта лазарь' неня ӈэвы не нясха' иисусан' тарця вади ӈэдараӈаха' нум' ервава"" пыдар мэненар хаӈгурӈанё"" "
/Users/air/Downloads/Ненецкие аудио/data/011_31080.96875_38472.21875.wav,"иисусхав тарця вади намда тарем' ма тикы хабцянда хаванда няю' ни ӈа"" нувм' ӈарка"" ма' няю' ӈа"
/Users/air/Downloads/Ненецкие аудио/data/011_42944.09375_53566.697744036566.wav,"тикы' пуд тохоламбадахата ма иудея ян' ӈани' хэхэва"" "
/Users/air/Downloads/Ненецкие аудио/data/011_53949.50949904198_57625.34375000001.wav,"тохоламбадида нянда ма"""
/Users/air/Downloads/Ненецкие аудио/data/011_58249.71875000001_63827.20520407046.wav,"равви тандая' иудей"" сит пэхэ"" на ладорман' харваци"""
/Users/air/Downloads/Ненецкие аудио/data/011_64073.82154962224_69859.71875.wav,"таня' ӈани' хэван' харван иисус ма ялей яля юкад вата сидя час ни ӈа"""
/Users/air/Downloads/Ненецкие аудио/data/011_70534.71875000001_79039.71875.wav,"яля' ядэрта тюку я' тир' ялям' мание ни тапхалаӈг"" пи' ядэртахав нянанда яляда яӈгу ӈадьбята тапхалаӈга "
/Users/air/Downloads/Ненецкие аудио/data/011_79714.71875_88928.46875000001.wav,"тикы вадида хэт"" махаданда няндо' ма лазарь нява"" хонарэй"" маньзяван сита сидеванзь хандадм' тохоламбадида ма"" нум' ервава"""
/Users/air/Downloads/Ненецкие аудио/data/011_89704.71875000001_98344.71875.wav,"хонарахавабта савумд"" нив' иисусхав лазарь' хава' нямна лаханась тохоламбадахабида лазарь' хонёва' нямна лахананаӈэ пэрӈадонзь"
/Users/air/Downloads/Ненецкие аудио/data/011_98850.96875_108317.84375.wav,"тиканда иисус няндо' тидпой"" ма лазарь вэ' хая таняна нива мэвахани е""эмнянда"" маймбидм' тиканда пыдара"" пунраӈгу"" нида"" ам' тадхава нянда хэхэва"" "
/Users/air/Downloads/Ненецкие аудио/data/011_108824.09375_118139.09375.wav,"тиканда фома няби нюмда яхас няхата ма хэхэва"" маня"" ӈо"" ӈани' нянанда хаӈгува"" ма иисус тэв"" махаданда мале тет яля' лазарь' пэмбкана мэвам' намда"
/Users/air/Downloads/Ненецкие аудио/data/011_118915.34375_127960.34375.wav,"вифания иерусалимхад хубта ни ӈа"" няхарпой"" километр хасава нянди' яӈгуво"" махад марфаха' марияха' сейди' таӈгумдаванзь ӈока иудей"" нянди' турӈаць"
/Users/air/Downloads/Ненецкие аудио/data/011_128466.59375000001_134895.96875.wav,"иисус' товам' намда марфа неранда няд ялъй"""
/Users/air/Downloads/Ненецкие аудио/data/011_136195.34375_143586.59375000003.wav,"марияхав мякананда ӈамды марфа иисусан' ма нум' ервав пыдар тюкохона мэвы ӈэбат хасава нями вунзя яӈгумд"""
/Users/air/Downloads/Ненецкие аудио/data/011_144177.21875_148665.96875000003.wav,"теда' ӈо"" теневадм' пыдар ӈамгэм' нумгад хаӈан нум' нянд тарцям' тата "
/Users/air/Downloads/Ненецкие аудио/data/011_149374.71875_154685.1517703012.wav,"иисус нянда ма хасава няр илелты"" марфа нянда вахалъй"" теневадм' ӈули"" пудана яляхана яӈгумы"" илело"" ма' ёльцьӈгана яӈор' илелты"" "
/Users/air/Downloads/Ненецкие аудио/data/011_155007.2978720974_165422.84375.wav,иисус нянда ма
/Users/air/Downloads/Ненецкие аудио/data/011_166469.09375_170164.71875000003.wav,"мань илело"" мадм' иландм' няни пунрёда хабта ӈо"" илеӈгу хусувэй иленя няни пунрёда сяхаӈгарт' ни хаӈгу"""
/Users/air/Downloads/Ненецкие аудио/data/011_170924.09375_179057.84375000003.wav,"тикан' пунрын пыда ма ӈаха"" нум' ервав я' тирт' тованда христос ӈэваханд"
/Users/air/Downloads/Ненецкие аудио/data/011_179648.46875_185132.84375.wav,"нум' ню ӈэваханд пунрыдм' тикы вадида хэт"" махаданда марфа хая тале мариям' ненямда ханзь ма сидна"" тохоламбадава"" тюкохона мэ сит хаӈа "
/Users/air/Downloads/Ненецкие аудио/data/011_185740.34375_193860.05496795848.wav,"мария тикы вади намдванда сер' мер' санэй"" иисусан' хая иисусхав хардан' тэвувдавэй' марфа' сита хо""ма яхана тамна ну"
/Users/air/Downloads/Ненецкие аудио/data/011_194249.83790401573_202675.2334391007.wav,"мариям' сеймлембада иудей"" мякананда мэць пыдо' санана мариям' манэць пэмбад' ня' ярманзь хэвандаӈэ пэрӈадонзь"
/Users/air/Downloads/Ненецкие аудио/data/011_202955.0599627027_210981.48266890662.wav,"ӈадьбято' пумнанда хая"" марияхав иисус' мэсь' ян' тэвы"" иисусм' манэ"" манда сер' ӈэта хэван' пулыта ни' мо""нахая вахалъй"""
/Users/air/Downloads/Ненецкие аудио/data/011_211417.97262056026_219962.84375.wav,"нум' ервав тюкохона мэвы ӈэбат хасава нями вунзя яӈгумд"" "
/Users/air/Downloads/Ненецкие аудио/data/011_220654.71875_224485.34375000003.wav,"иисус ярта мариям' нянанда товы ярти иудей манэ"" манда сер' харта ӈо"" инда вома' нид сейда нерцилы"""
/Users/air/Downloads/Ненецкие аудио/data/011_225008.46875_232696.49510319743.wav,"пыда хонарку ханя' сюрцара"" пыдо' ма"" нум' ервӈэ хань"" ма манэтава "
/Users/air/Downloads/Ненецкие аудио/data/011_233048.8604788636_240713.4567633489.wav,"иисус' сэвта хаял"" хая"""
/Users/air/Downloads/Ненецкие аудио/data/011_241028.64718366344_245950.34375.wav,"тиканда иудей"" тарем' ма"" манэкарӈара"" тарси"" саць пыда лазарьм' мэневэда"
/Users/air/Downloads/Ненецкие аудио/data/011_246524.09375_252632.84375.wav," ханяӈы"" ненэцяӈгав"" тарем' лахана"" ханзер"" сэвсяда' сэв сылабтавы тюку ненэцям' яӈгумзь ӈэдарада"
/Users/air/Downloads/Ненецкие аудио/data/011_253375.34375_261728.46875.wav,"иисус ӈани' инда вэва ӈэсь сюрась' ян' то тикы сюрась' я пэ хоркадё ӈэвы тюӈгалавада ӈарка"" я пэхэна талы"""
/Users/air/Downloads/Ненецкие аудио/data/011_265440.96875_272570.01744210284.wav," яӈгумы' неня марфа нянда вахалъй""нум' ервав мале тет яля' пэмбкана юседа ӈабтада я""авлы "
/Users/air/Downloads/Ненецкие аудио/data/011_272904.91511604533_282653.46875.wav,"иисус нянда ма няни пунрёб"" нанд нум' юнм' манэтан мань нянд тарем' нисядам' ман"" тиканда ненэця"" пэм' манрыла хэвня' мэдо'"
/Users/air/Downloads/Ненецкие аудио/data/011_283379.09375000006_293100.1272038098.wav,"иисус саӈомда нув' няран' ӈэдара тарем' ма нисёв"" си""ми намдванд няю' ӈарка вада мань теневадм' си""ми ӈоб' намдорӈан"
/Users/air/Downloads/Ненецкие аудио/data/011_293378.5544718442_299258.46875.wav,"тюку вадахабини тюкохона нуна ненэцие"" е""эмня си""ми ӈэдараваханд пунравандо' е""эмня хэтыбадани "
/Users/air/Downloads/Ненецкие аудио/data/011_299967.21875_304793.46875000006.wav,"тикы вадида хэт"" махаданда ӈарка"" явана тёрей"" лазарь тарпад"""
/Users/air/Downloads/Ненецкие аудио/data/011_305367.21875_312640.34375.wav, яӈгумы ненэць' ӈэта ӈудита сыхыдё сята ӈоксяӈгана синдё тикавна ӈадимя иисус няндо' ма
/Users/air/Downloads/Ненецкие аудио/data/011_313214.09375_319727.84375000006.wav,"сыхыда"" мида екэйда"" таня ядая тикы' пуд мариян' товы"" ӈока"" иудей"" иисус'"
/Users/air/Downloads/Ненецкие аудио/data/011_320335.34375_326224.71875.wav,"ӈадимдевы серо манэсо"" махадандо' иисусан' пунрэяд"" ханяӈэхэбидо' фарисейха"" хая"""
/Users/air/Downloads/Ненецкие аудио/data/011_326849.09375_334729.71875.wav,"иисус' сертавы серо няндо' ваде"" ядо' тадтикахад ӈарка ханондана"" фарисей"" серо тасламбада мандалм' ма""ла"" тарем' ма"""
/Users/air/Downloads/Ненецкие аудио/data/011_335286.59375_340319.2072846663.wav,"ханзер"" ӈэӈгува"" тикы ненэць' ӈока ненадо серо сертабинё"" сита тарем' хаеба"" на"""
/Users/air/Downloads/Ненецкие аудио/data/011_340638.1320711247_349748.46875.wav,"нянда хусувэй ненэць' пунраӈгу"" тадтикахад рим' тер"" тута"" ява"" марта"" ненэциена"" ханаӈгудо' серо тасламбада мандалкад ӈопойдо' "
/Users/air/Downloads/Ненецкие аудио/data/011_350558.46875000006_354743.46875000006.wav,каиафам' нюбета хасава тикы похона ӈарка ханонданаӈэ таравы
/Users/air/Downloads/Ненецкие аудио/data/011_355249.71875_362728.94495323393.wav,"пыда тарем' няхата ма пыдара"" ӈамгэхэртм' ехэрада"" ибеда"" ядэркарӈая"" ненэцие"" тэнз"" мал' хава' екававна"
/Users/air/Downloads/Ненецкие аудио/data/011_363005.32583816967_367095.96875.wav,"ӈопой ненэця' ӈани ненэние"" е""эмня хава пыдара"" нянанда"" сава ни ӈа"""
/Users/air/Downloads/Ненецкие аудио/data/011_368108.46875_378587.8437500001.wav," тикы вадида каиафа харта няданда хэтвыда ни ӈа"" тикы по' ӈарка ханондана ӈэсь ненэцие"" е""эмня иисус' хавам' неранда ня' ваде"" ӈадась"
/Users/air/Downloads/Ненецкие аудио/data/011_379245.96875_388221.97311112273.wav,"тикы ненэцие"" е""ливна иисус' хавам' нись вадес"" тикы' хавна тодо' яха""на иленя нум' ню ӈобт' ма""лаванда е""эмня хавамда ваде"" ӈась"
/Users/air/Downloads/Ненецкие аудио/data/011_388728.72660163924_395481.9375218595.wav,"тикы яляхад иисусм' хадаван' харбиладо' ӈадьбята иисус иудей"" помна ӈадя ядэрць ӈэвадэй"""
/Users/air/Downloads/Ненецкие аудио/data/011_395836.7200818302_402735.96875.wav,пыда таняхад вэӈго я' хэвхы ефраимам' нюбета хардан' хая тохоламбадида няць таняна хаи
/Users/air/Downloads/Ненецкие аудио/data/011_403512.2187500001_411848.46875000006.wav,"иудей"" хэбидя яля пасха хахаяламзь ӈока ненэця"" тодо' яхад пыхыдадо' нярумдаванзь пасха' нерня иерусалиман' хая"""
/Users/air/Downloads/Ненецкие аудио/data/011_412422.21875_420724.71875.wav,"пыдо' иисусм' пюрӈа"" хэбидя хардахана нухуя нидо' хонрамби"" ханзер"" ибеда"" ядэрӈа"" хэбидя ялян' пыда тутнакы"
/Users/air/Downloads/Ненецкие аудио/data/011_421349.09375_430343.46875.wav," ӈарка ханонданахав"" фарисей"" ня' иисусм' ня""мавандо' е""эмня тарем' табекурмыць хибя иисусм' манэта ханяна мэвамда вадепата тара "
/Users/air/Downloads/Ненецкие аудио/data/016_4485.96875_11740.049657556408.wav,"няни пунрёбцомда"" ё""моӈгад тюку вадини нянда"" хэтыбин ненэця"" сидда"" ма""люӈгалава мякад питарта"""
/Users/air/Downloads/Ненецкие аудио/data/016_12085.507755939412_19589.09375.wav,"тадтикахад тарця по миӈа сидда"" хадабада"" сидда"" хадабто' нум' ед' сертабадаӈэ тикы серодо' пэртыдо'"
/Users/air/Downloads/Ненецкие аудио/data/016_20129.09375_29511.593750000004.wav,"нисями ехэравандо' нид си""ми ехэравандо' нид пыдо' тарця ӈэӈгу"" ни"" им' тюку вадини ёльцяндо' тэваб"" тензибтеванда"" е""эмня хэтыбин"
/Users/air/Downloads/Ненецкие аудио/data/016_30014.34421207268_35090.51934118164.wav,"тюку вадини нерня нинась хэтыбю"" тарси"" нянанда"" нисядам' мы"""
/Users/air/Downloads/Ненецкие аудио/data/016_35363.72021916173_43500.96875000001.wav,"тедахав' си""ми ӈэдаравэхэни хандадм' хибяхартара"" си""ми ниню"" хонрамбю"" ханя' миӈан нянда"" хэтвы вадахатани ида"" воманё"""
/Users/air/Downloads/Ненецкие аудио/data/016_44057.84375_49187.84375000001.wav,"мань ненэсям' нянда"" хэтыбидм' мань хэвами ханяцей' нянанда"" сава"
/Users/air/Downloads/Ненецкие аудио/data/016_49845.96875_56139.04962847066.wav,"ниб"" нани хань"" нянда"" сёнзям' таӈгумдамбада ни тут"" хэб""нани мань нянда"" ӈэдараӈгув"
/Users/air/Downloads/Ненецкие аудио/data/016_56449.91535759228_65239.992395389505.wav,"тоб"" нанда я' тир' тер"" хэбяха' нямна ненэся' нямна нум' суд' нямна вэнзер' хамэдабцомдо' тид"" манэ"" лабтаӈгуда"
/Users/air/Downloads/Ненецкие аудио/data/016_65629.50624249197_72034.01494861636.wav,"хэбяха' нямна мамб"" нанда няни нива пунрёвадо' хэбяха ненэся' нямна мамб"" нанда"
/Users/air/Downloads/Ненецкие аудио/data/016_72408.51423449747_81891.59375.wav,"нисяхани мимами ненэся пыдара"" си""ми тад нерня' нида"" манэт"" судеӈгова' нямна мамб"" нанда тюку я' тир' ерв мале судевы"
/Users/air/Downloads/Ненецкие аудио/data/016_82549.71875000001_93484.71875.wav,"иб"" нянда"" хэтувндахавами тамна ӈока ӈэбта ӈод"" тедахав' пыдара"" нянанда"" хамэдава' техэ ненэся' индад' тоб"" сидда"" хуркари ненэсян' тидхалеӈгу"
/Users/air/Downloads/Ненецкие аудио/data/016_94142.84375_101572.5212226321.wav,"тад ӈо"" пыда харта няданда ни лаханаӈгу"" намдорта вадири хэтыбаӈгу нерняӈы хурка ӈэвам' нянда"" вадета"
/Users/air/Downloads/Ненецкие аудио/data/016_102000.2295417131_110967.21875.wav,"нядни вади ня""махая нянда"" вадетыда тиканда тикы' сер' юнами ӈармдаӈгуда нисяни хусувэй ӈамгэ мань ӈамгэми"
/Users/air/Downloads/Ненецкие аудио/data/016_111574.71875_118780.34375.wav,"ӈадьбя"" ни тарем' мадм' инд"" нядни ханавндамда нянда"" вадетада тадри' пыдара"" си""ми нида"" манэт"""
/Users/air/Downloads/Ненецкие аудио/data/016_119320.34375_129309.64430223375.wav,"пон' нись мы"" си""ми яӈор' манэтада"" тад ӈо"" мань нисяхани миӈадм' ӈадьбято' ханяӈы тохоламбадида нидо' хонрамба пя"" пыда ӈавэда няна"" ваде"" ӈа"
/Users/air/Downloads/Ненецкие аудио/data/016_129630.08737961906_137385.6607741277.wav,"тюку вадида ханзер"" хамэдаб"" сава тадри' пыдара"" си""ми нида"" манэт"" пон' нись мы"" си""ми яӈор' манэтада"" тад ӈо"" мань нисяхани миӈадм'"
/Users/air/Downloads/Ненецкие аудио/data/016_137799.01062779184_144737.28883564557.wav," пыдо' тарем' лаханорӈа"" ӈамгэм' тикахананда пыда ваде"" ӈа тадри'ӈамгэ ваде"" мамда нива"" хамэдамбю"" "
/Users/air/Downloads/Ненецкие аудио/data/016_145175.17541379813_153559.71875.wav,"иисусхав ӈамгэм' няданда хонраван' харвавам' хамэда няндо' ма нида"" нянда"" хэтвы вади"" ни нямна хонрамбида"""
/Users/air/Downloads/Ненецкие аудио/data/016_154065.96875_162840.96875.wav,"вадини тарцяцинё"" тадри' пыдара"" си""ми нида"" манэт"" пон' нись мы"" си""ми яӈор' манэтада"" ненэся ненэся нянда"" мадм'"
/Users/air/Downloads/Ненецкие аудио/data/016_163431.59375000003_168831.59375000003.wav,"пыдара"" яртада"" ярм' ӈасилпаӈгуда"" я' тир' терхав"" маймбаӈгу"""
/Users/air/Downloads/Ненецкие аудио/data/016_169354.71875000003_177487.253930768.wav,"ибеда"" вэва ӈэӈгу"" ибета"" вэва ӈэбцо маймбабцоӈэ ханда ӈацекым' хомба ёльцянда тось не маяндорӈа"
/Users/air/Downloads/Ненецкие аудио/data/016_177767.41224164903_185217.21875.wav,"ӈацекэмда хо""махавахаданда майванда нид неры маяндор"" мида юрыбида тад ӈо"" я' тир' ни' ненэць' соя"" нив'"
/Users/air/Downloads/Ненецкие аудио/data/016_185925.96875_192912.21875.wav,"пыдара"" ӈо"" теда' ибеда"" вэва"" хуркавна ӈо"" мань сидда"" ӈани' манэтадм' сейда"" майӈгуд"""
/Users/air/Downloads/Ненецкие аудио/data/016_193519.71875_200168.46875.wav,"маябцомда"" хибяхарт няданда"" нида март"" тикы яляхана си""ми ӈамгэхэрт' нямна нида"" хонрамбаӈгу"""
/Users/air/Downloads/Ненецкие аудио/data/016_200725.34375_208808.46875.wav,"ненэся ненэся нянда"" мадм' ӈамгэри тикым' нисяхадани мань нюмми няд"" мяць хамбата"" нисями нянда"" тикым' тата"
/Users/air/Downloads/Ненецкие аудио/data/016_209432.84375_213837.21875.wav,"нерцюбта' мань нюмми няд"" мяць ӈамгэхэртм' нидаць хай"" хаӈада"""
/Users/air/Downloads/Ненецкие аудио/data/016_214360.34375000003_224147.84375.wav,"ня""маӈгуда"" маймбабцора"" ӈарка ӈэӈгу нянда"" вади"" хари мэць лаханасетыдм' тедахав' тарця по то нянда"" вади"" хари мэць нидм' лаханаӈгу"""
/Users/air/Downloads/Ненецкие аудио/data/016_224755.34375_233918.46875.wav,"тидпой"" нянда"" нисяни нямна лаханаӈгудм' тикы яля' пыдара"" мань нюмми няд"" мяць ханаӈгуда"" мань нянда"" тарем' нидм' ман"""
/Users/air/Downloads/Ненецкие аудио/data/016_234576.59375000003_239520.96875.wav,"мань пыдара"" е""эмнянда"" нисяхадани ханаӈгудм' си""ми мэневанда"" е""эмня"
/Users/air/Downloads/Ненецкие аудио/data/016_240195.96875_244772.09342017068.wav,"нумгад ӈэвахани пунрёванда"" е""эмня нисями сидда"" мэне"
/Users/air/Downloads/Ненецкие аудио/data/016_245085.9068639318_252201.875985281.wav,"мань нисяхадани я' тирт' тодамзь тедахав' я' тирм' хае нисяхани хандадм' тохоламбадида ма"""
/Users/air/Downloads/Ненецкие аудио/data/016_252618.65711252586_262268.46875.wav,"ти тедахав' тидпой"" лаханан хара явна нин лахан"" тедахав' маня"" теневава"" пыдар хусувэй ӈамгэм' теневан сит хонрана ненэць' нянанд ни тара"""
/Users/air/Downloads/Ненецкие аудио/data/016_262808.46875000006_272444.09375000006.wav,"ӈадьбя"" на"" пыдар нумгад товахаданд пунрыва"" иисус няндо' ма тедахав' пунрыда"" ти ёльцянда миӈа ӈабцакаванда"
/Users/air/Downloads/Ненецкие аудио/data/016_273186.59375000006_277725.96875.wav,"тодо' яха"" хэвара"" хусувэнда"" харта яханда хэва' ёльць' мале то"
/Users/air/Downloads/Ненецкие аудио/data/016_278265.96875_288509.09375000006.wav,"мань си""ми ӈопойӈэ хаеӈгуда"" хуркавна ӈод"" мань ӈопойдм' нидм' ӈа"" нисями нянани мэ нядни таӈгабцом' хованда"" е""эмня тюку вадини нянда"" хэтыбин"
/Users/air/Downloads/Ненецкие аудио/data/016_289065.96875_296845.34375000006.wav,"тюку я' тиркана сидда"" мая"" ӈате"" хуркавна ӈо"" пыхыдада"" мэйрамбида"" маньди я' тирм' пирда"" левась "
/Users/air/Downloads/Ненецкие аудио/data/003_1474.9194650652216_10628.46875.wav,"фарисей"" поӈгана никодимам' нюбета иудей"" ӈоб"" ӈарктадо' танявы ӈобӈгуна пи' пыда иисусан' то нянда тарем' вахалъй"""
/Users/air/Downloads/Ненецкие аудио/data/003_11370.96875_21090.96875.wav,"равви маня"" тенева пыдар нум' ӈэдаравы сидна"" тохоламбадава"" нумзяда ненэць' пыдар сертабада ненадо серод серта нида пирас"" "
/Users/air/Downloads/Ненецкие аудио/data/003_22137.21875_31199.093750000004.wav,"иисус ма мань ненэся ненэся нянд мадм' хибя яӈор' нибта соя"" тикы нум' параӈодадавам' манэць нида пирас"" "
/Users/air/Downloads/Ненецкие аудио/data/003_32245.343750000004_39687.21875.wav,"никодим нянда ма ӈармы ненэць' ханзер"" яӈор' сояӈгу ненэць' яӈор' ню' ӈэся' мю' пакалць пир"" ӈада"
/Users/air/Downloads/Ненецкие аудио/data/003_40885.34375_49643.46875.wav,"тикы' пуд нябимдей' соябта серо"" ӈа иисус ма ненэся ненэся нянд мадм' хибя икад хэбидя индкад нибта соя"""
/Users/air/Downloads/Ненецкие аудио/data/003_50200.34375_57321.59375000001.wav,"тикы нум' параӈодадаван' тюсь нида пирас"" ӈаяхад соявы ӈая индкад соявы инд"""
/Users/air/Downloads/Ненецкие аудио/data/003_58165.34375000001_66113.46875000001.wav,"мань ваде"" мэхэ"" ни нён пысаӈг"" пыдара"" тю""уд соябта"" тара мерця ханяд харва таняд пупида"
/Users/air/Downloads/Ненецкие аудио/data/003_66619.71875_75917.84375.wav,"мунда намдорпат ӈо"" пыдар ханяд ӈэвахаданда ханя' хэвахаданда ехэран хусувэй хэбидя индкад соявы ӈани' тарця "
/Users/air/Downloads/Ненецкие аудио/data/003_76542.21875_85435.34375.wav,"никодим сита хонра ханзер"" тарця ӈэсь пир"" ӈада иисус тикы вадахата ма пыдар израильм' тохоламбадананё"""
/Users/air/Downloads/Ненецкие аудио/data/003_86144.09375000001_90210.96875.wav,"ханзер"" тарцям' нир хамэдамбю"" мань ненэся ненэся нянд мадм'"
/Users/air/Downloads/Ненецкие аудио/data/003_91054.71875_98007.21875.wav,"маня"" ӈамгэм' теневава"" тикым' ваде"" ӈава"" ӈамгэм' манэцава"" тикым' манэ"" лабтамбива"" пыдахавара"""
/Users/air/Downloads/Ненецкие аудио/data/003_101548.9936181408_108959.09375.wav,"я' ила' нямна ӈэда лахарёхортаха"" ни нида"" нё"" пунрю"" ханзер"" нув' нямна ӈэда лахарёхо"" ни пунраӈгуда"""
/Users/air/Downloads/Ненецкие аудио/data/003_109634.09375_115422.21875.wav,нумгад ӈэда ненэця' нюӈэ нюмдебада' хавна хибяхарт нув' няю' хэвы ненэць' яӈгу
/Users/air/Downloads/Ненецкие аудио/data/003_115995.96875_123842.84375.wav,"ханзер"" вэӈго яхана моисей ӈабтацавэй халым' тю""у' иласа тарем' ненэця' нюӈэ нюмдебада тю""у' илавы ӈэӈгу"
/Users/air/Downloads/Ненецкие аудио/data/003_124770.96875_131115.96875.wav,"ӈадьбята хусувэй нянда пунрёда ни хаӈгу"" няданда малсяда илам' ня""маӈгу"
/Users/air/Downloads/Ненецкие аудио/data/003_132044.09375_141882.21875000003.wav,"нум' тюку я' тир' терм' саць мэневанда нид ӈопой нюримда ми""мы нюхунда пунрёда хусувэй хибя ни хаӈгу"" малсяда илам' ня""маӈгу"
/Users/air/Downloads/Ненецкие аудио/data/003_142658.46875_150488.46875.wav,"нум' нюмда я' тир' терм' судева' е""эмня ӈэдаравэда ни ӈа"" нюнда сер' я' тир' терм' ӈэдаванзь ӈэдаравэда"
/Users/air/Downloads/Ненецкие аудио/data/003_151045.34375_160225.34375.wav,"нюхунда пунрёда судевы ни ӈэӈгу"" нянда ниня пунрёдахав мале судевы пыда нум' ӈопой нюнда нюмд' ниць пунра"""
/Users/air/Downloads/Ненецкие аудио/data/003_161018.46875_167768.46875.wav,"яля я' тир' теран' ӈадимясь ненэцяӈгав"" яляхад пэвдям' саць мэневандо' нид мале танаравы"""
/Users/air/Downloads/Ненецкие аудио/data/003_168392.84375_177522.21875.wav,"пыдо' сертабада серодо' вэнзукубтыць вэвам' сертабада хусувэй хибя ялям' волтамби харта серода нива ӈадима' е""эмня ялян' ни мий"""
/Users/air/Downloads/Ненецкие аудио/data/003_178349.09375_186044.09375.wav,"ненэсявна иленахав ялян' минд""нив' сертавы серода нувм' няд"" мяць ӈэвандо' е""эмня серода ӈадяӈгу"" ни"" им' "
/Users/air/Downloads/Ненецкие аудио/data/003_187107.21875_194498.46875.wav,тикы' пуд иисус тохоламбадида няць иудея ян' хая таняна нянандо' иле ненэцие хэхэдамби
/Users/air/Downloads/Ненецкие аудио/data/003_195190.34375_202699.71875.wav,"та' мальӈгана ӈо"" салимахад хахаяда енон яхана иоанн ненэцие хэхэдамбись таняна и"" ӈока ӈэвы"
/Users/air/Downloads/Ненецкие аудио/data/003_203509.71875_209432.84375.wav,"ненэця"" нянда хэхэдаӈгурманзь турмы"" та' мальӈгана иоаннм' тамна нивэдо' сяр"""
/Users/air/Downloads/Ненецкие аудио/data/003_210512.84375_219675.96875.wav,"иоанн' тохоламбада"" иудей' тэнзм' мэта ненэця' ня' нярумдава' нямна тасалкурць пэяд"" иоаннан' тэввандо' сер' хонрадо'"
/Users/air/Downloads/Ненецкие аудио/data/003_220401.59375_227421.59375000003.wav,"равви ти иордан яха' тяханяна нянанд мэвы ненэцял ненэцяӈг"" ваде"" мэр ненэцие хэхэдамби"
/Users/air/Downloads/Ненецкие аудио/data/003_228197.84375_235774.71875.wav,"тиканда хусувэй хибя нянда миӈа иоанн няндо' ма нум' тарем' таслаб"" ненэць' ӈамгэхэртм' ни ня""маӈгу"""
/Users/air/Downloads/Ненецкие аудио/data/003_236466.59375_243081.59375.wav,"ӈамгэм' вадесо"" махани пыдара"" харта"" инзеледаци"" вадини тарцяци"" мань христосадм' нидм' ӈа"""
/Users/air/Downloads/Ненецкие аудио/data/003_243604.71875_253122.21875000003.wav,"пыда тованда нерцюна нум' си""ми ӈэдарась нем' мэмбадахав нелевнда хасава нелевнда хасава' сава няхав тэри тиканда нухуя"
/Users/air/Downloads/Ненецкие аудио/data/003_253881.59375_261205.34375.wav,"нянда инзеле вабцамда намдванда сер' маймбаӈгу мань ӈо"" теда' сёнзяни мюй маймбабцохона пан"" ӈа"
/Users/air/Downloads/Ненецкие аудио/data/003_261964.71875000003_269794.71875.wav,"пыдахавада теда' тю""у' мимбата тара"" нив' маньзяван таси' мимба"" ни тара тю""уд ха""амвэхэв сямянхат ва""ӈа"
/Users/air/Downloads/Ненецкие аудио/data/003_270621.59375000006_280139.09375.wav,"я' ниня иленахав яхад пере вадетида я' ила' няримна ӈа"" нув' няд ха""амвэхэв сямянхат ва""ӈа"
/Users/air/Downloads/Ненецкие аудио/data/003_280965.96875_289319.09375000006.wav,"манэ"" мыда намдвыда вадепата ӈо"" манэ"" лабтата хибяхарт сейханда нида ня""ам"" манэ"" лабтата сейханда ня""амвэхэв"
/Users/air/Downloads/Ненецкие аудио/data/003_289825.34375_297334.71875000006.wav,"нум' ненэся ӈэвам' тид"" манэ"" лабтамби нум' ӈэдаравым' нум' хэбидя индкана пандамбида"
/Users/air/Downloads/Ненецкие аудио/data/003_298077.21875000006_306194.09375000006.wav,"ӈадьбята пыда нум' вади мэ""ӈа нисяюм' нюмда ёльце мэневанда нид ӈудахата хусувэй ӈамгэм' мал' ми""мыда"
/Users/air/Downloads/Ненецкие аудио/data/003_307088.46875_310648.20729906.wav,хибя нум' нюн' пунры тикы малсяда илӈгана иле
/Users/air/Downloads/Ненецкие аудио/data/003_311241.65943160385_318090.96875.wav,"нум' ню' мунд' ниня намданахав илам' нида манэт"" нум' няданда пили"" нензюмда "
/Users/air/Downloads/Ненецкие аудио/data/004_6848.46875_14729.09375.wav,"иисус' тохоламбадида хэхэдамбада ненэциеда иоаннхад ӈока ӈэва юн фарисейха"" тэввы"""
/Users/air/Downloads/Ненецкие аудио/data/004_15674.09375_19926.59375.wav,"ӈабцакаванда иисус нивы хэхэдаӈгу"" тохоламбадида хэхэдаӈговы"""
/Users/air/Downloads/Ненецкие аудио/data/004_20567.84375_26337.70378373351.wav,иисус тарця мунм' намда иудея яхад хая ӈани' галилея ян' нэкалӈада
/Users/air/Downloads/Ненецкие аудио/data/004_26594.0637538844_31941.593750000004.wav,самария явна хэбта таравы самария яхана ӈэда сихарьм' нюбета хардавна ӈадимя
/Users/air/Downloads/Ненецкие аудио/data/004_32565.968750000004_41864.09375.wav,"тикы харад лата я' хэвхана ӈэвы тюку я ӈавнанда иаков хасава нюхунда иосифан' ми""мэда таняна иаков' нелава танявы"
/Users/air/Downloads/Ненецкие аудио/data/004_42420.96875_51766.93728102626.wav,"иисус пэдёмда ӈэдабтамба нелава' хэван' ӈамды"" яля' ер' ёльць' ӈэвы таня' самария я' тер ӈоб"" не нерманзь то"
/Users/air/Downloads/Ненецкие аудио/data/004_52157.05832229198_59230.89297545025.wav,"иисус хонрада итами та""ма та' мальӈгана иисус' тохоламбадида ӈаврадамдо' тэмдаванзь хардан' хэвы"""
/Users/air/Downloads/Ненецкие аудио/data/004_59587.004467773346_66822.87061283327.wav,"самария я' тер не иисусан' ма пыдар иудея я' тернанё"" ханзер"" нядни самария я' терхад идм' хаӈан"
/Users/air/Downloads/Ненецкие аудио/data/004_67186.33867586002_71699.09375.wav,"иудей"" самария я' тер"" ня' поёдо' иисус нянда вахалъй"""
/Users/air/Downloads/Ненецкие аудио/data/004_72306.59375_78312.43928989318.wav,"пыдар нум' тамбада ӈамгэ' нямна теневавы ӈэб"" нанд хибя няданд идм' хамам' теневавы ӈэб"" нанд"
/Users/air/Downloads/Ненецкие аудио/data/004_78588.04046584404_86464.71875.wav,пыдар харт няданда ханаӈгунась тадтикахад пыда харта нянд иленя идм' татась не ма мань ервав
/Users/air/Downloads/Ненецкие аудио/data/004_87089.09375_93653.46875.wav,"нелава та' пирувнанда ёрява пыдар сахалкосяӈгартар яӈгунё"" тиканда ханяд иленя идм' ханаӈгур"
/Users/air/Downloads/Ненецкие аудио/data/004_94294.71875_99456.98358804072.wav,"иаков нисяхадана"" ӈаркаӈэ пыхыдамд тосар пыда няна"" тюку нелавам' тавы"
/Users/air/Downloads/Ненецкие аудио/data/004_99884.94830791192_104594.04934449983.wav,пыда хасава нюда тадтикахад харта вадавы сармикада тюку нелавахад идарӈаць 
/Users/air/Downloads/Ненецкие аудио/data/004_104776.98786429821_109937.34926160693.wav,"иисус нянда вахалъй"" хусувэй хибя тюку идм' ӈэрта яӈор' идарман' харбилаӈгу"
/Users/air/Downloads/Ненецкие аудио/data/004_110334.69743231087_114215.42497112785.wav,мань мипада икавахадани хибяри хибя ит' харвабцоходанда юраӈгу
/Users/air/Downloads/Ненецкие аудио/data/004_114509.23322389204_120381.48623906597.wav,"мань ми""манда икавами нянанда малсяда илан' сита минрена лохорта и""ӈэ ханда "
/Users/air/Downloads/Ненецкие аудио/data/004_120756.92992205555_128399.09375000001.wav,"не нянда ма ервэй тарця итами та""ма тиканда мань ит' харвабцоми яӈгод"" нив' нерманзь тюкон' вунидм' турт"""
/Users/air/Downloads/Ненецкие аудио/data/004_128939.09375000001_137031.0700870984.wav,"иисус нянда ма хань"" вэсул хай"" тадтикахад ӈани' туин не ма""нив' мань вэсу"" ми яӈгу "
/Users/air/Downloads/Ненецкие аудио/data/004_137472.83007548744_146624.09375.wav,"иисус нянда ма пыдар ненэсян вэсул ненэся яӈгу пыдар самляӈг вэсулась теда' нятахавар вэсул вуни ӈа"""
/Users/air/Downloads/Ненецкие аудио/data/004_147231.59375_154791.59375.wav,"вадид ненэся"" не нянда ма нум' ерв мань сырпа"" ни пыдар нум' вади вадетан"
/Users/air/Downloads/Ненецкие аудио/data/004_155635.34375_162470.17486061004.wav,"нисянана"" тюку хой' ниня туёцеты"" пыдахавара"" мада"" нё"" туёць' я иерусалимхана ӈа"
/Users/air/Downloads/Ненецкие аудио/data/004_162833.58926427728_170721.59375.wav,"иисус нянда ма неӈэй няни пунрю"" ёльцянда тоб"" нисяхани туё"" мара"" тюку хойхана ни ӈэӈгу"""
/Users/air/Downloads/Ненецкие аудио/data/004_171295.34375_181475.44933089224.wav,"иерусалимхана ни ӈэӈгу"" пыдара"" ехэрана ӈамгэн' туё"" ӈада"" маньзявана"" хибян' туё"" махадана"" теневава"" ӈэдаӈгова иудейхат ӈа"
/Users/air/Downloads/Ненецкие аудио/data/004_181881.01885014764_190433.32424330965.wav,"ёльцянда тоб"" ӈабцакаванда мале тэвы"" ма ненэсявна туёта"" индадм' няд"" мяць ненэсям' няд""мяць нисяхани туёта"""
/Users/air/Downloads/Ненецкие аудио/data/004_190785.29787583408_196472.84375.wav,"нисями ӈо"" нянда тарем' туёти пюрӈа нум' инд"" ӈэ""нив'"
/Users/air/Downloads/Ненецкие аудио/data/004_197130.96875_203989.7022550444.wav,"нянда туёта"" индадм' няд"" мяць ненэсям' няд"" мяць туёпато' тара не нянда ма"
/Users/air/Downloads/Ненецкие аудио/data/004_204418.0397839448_210867.21875.wav,"христосм' нюбета мессия' товахад мань теневадм' пыдахавада то""махаданда няна"" хусувэй ӈамгэм' вадета "
/Users/air/Downloads/Ненецкие аудио/data/004_211575.96875_216520.34375.wav,"тикы' пуд иисус нянда ма мань тидамнё"" нянанд теда' лаханакурӈадамнё"" "
/Users/air/Downloads/Ненецкие аудио/data/004_217110.96875_225008.46875.wav,"та' ёльцьӈгана иисус' тохоламбада"" то"" иисус' нехэна лаханакурмам' манэ"" мандо' сер' пысэйд"" иисус' ӈамгэн' харвава' нямна"
/Users/air/Downloads/Ненецкие аудио/data/004_225750.96875000003_235251.59375.wav,"ӈамгэ не' ня' лаханава' нямна ӈобкартадо' сита ни хонра"" тикы не ита ӈэсям' хае харад' няна хая ненэцяӈг"" ма"
/Users/air/Downloads/Ненецкие аудио/data/004_235943.46875_243368.46875.wav,"хаяда"" техэ малханда хурка ӈэвами явнанда ваде"" мы ненэцям' манэ"" ӈара"" христосхав ниб"" нандав' ӈа"""
/Users/air/Downloads/Ненецкие аудио/data/004_244144.71875_251654.09375.wav," хардахад ненэця"" иисусан' хая"" тикы ёльцьӈгана тохоламбадида сита хонрамби"" равви ӈамгэкодар ӈав"" ма "
/Users/air/Downloads/Ненецкие аудио/data/004_252278.46875000003_260057.84375000003.wav,"пыдахавада няндо' тарем' ма маньзяван пыдара"" ехэрана ӈаврами таня ӈадьбято' тохоламбадида помнандо' нидо' хонрамба пя"""
/Users/air/Downloads/Ненецкие аудио/data/004_260614.71875_266942.84375.wav,"нянда хибяхав ӈаварм' тэврамбавэкы иисус няндо' ма си""ми ӈэдаравэни ватом' сертабавами"
/Users/air/Downloads/Ненецкие аудио/data/004_267584.09375_273254.09375000006.wav,тадтикахад серта малевами ӈаврахаюни тихи'
/Users/air/Downloads/Ненецкие аудио/data/004_273962.84375_282636.59375000006.wav,"пыдара"" тарем' нисяда"" лахан"" тет иры' хэ""мяхад нянь' ӈуво"" сэв ма""ламбава' ёльць' тута нянда"" мадм' сыркарӈада"""
/Users/air/Downloads/Ненецкие аудио/data/004_283159.71875_292034.54855339404.wav,"нянь' ӈуво"" сэв"" вадюлава я"" ялмыд"" мале малкова' ёльць' то нянь' ӈуво"" сэв ма""ламбада недбям' ня""ма"
/Users/air/Downloads/Ненецкие аудио/data/004_292558.52026176825_301637.84375.wav,"малсяда илан' тэвва' е""эмня таром' сертаби нянь' ӈуво"" сэв моёпадаха' нянь' ӈуво"" сэв ма""ламбадаха' ӈобкана маймбаӈгуху'"
/Users/air/Downloads/Ненецкие аудио/data/004_302380.34375_310929.0182255403.wav,"тюку вада' хара явнанда ӈа тарця нюрте"" эюм' нянь' ӈуво"" сэв моёпи нябиюм' нянь' ӈуво"" сэв ма""ламби"
/Users/air/Downloads/Ненецкие аудио/data/004_311312.2467772161_315863.46875000006.wav,"мань ӈани нита"" манзара"" мавна малкурманзь сидда"" ӈэдарадм'"
/Users/air/Downloads/Ненецкие аудио/data/004_316504.71875_323051.7470340009.wav,"ӈабцакаванда нида"" варемдо' мэць манзараць пыдахавара"" нита"" манзара"" маха"" таркэйда"" "
/Users/air/Downloads/Ненецкие аудио/data/004_323500.9832045372_328438.88302602095.wav,"самария я' тер нехэв манэ"" мыда намдавыда ханяримна таняримна ваде"" яда"
/Users/air/Downloads/Ненецкие аудио/data/004_328893.75612658815_337574.4546018662.wav,"пыда ӈахат иле""мями ӈарханда ваде"" ӈадась тикым' намдвандо' сер' тикы хардахад ӈэда ӈока самария я' тер иисусан' пунрэяд"""
/Users/air/Downloads/Ненецкие аудио/data/004_337916.20743820193_345833.46875.wav,"иисусан' тэв"" махадандо' самария я' тер"" сита нянандо' мэсь хонрамби"" пыда таняна сидя яля' мэ"
/Users/air/Downloads/Ненецкие аудио/data/004_346575.96875_355249.71875.wav,"нянда инзеле"" мяхадандо' тамна ӈока ненэць' нянда пунрэяд"" пыдо' нен' ма"" тедахав' пыдар ваде"" мэрихитат вунива"" пунрю"""
/Users/air/Downloads/Ненецкие аудио/data/004_358675.34375_367467.21875.wav,"тедахав' маня"" теневава"" пыда ненэся я' тир' тер"" ӈэдаӈгода сидя яля' хэ""мяхад тикы яхад иисус галилея ян' хая"
/Users/air/Downloads/Ненецкие аудио/data/004_368024.09375_374315.6058412554.wav,"тад ӈо"" пыда харта явнанда лаханась харта яхананда нум' вади вадетам' нидо' таро"" ла"" "
/Users/air/Downloads/Ненецкие аудио/data/004_374684.41609415953_380697.2187500001.wav,иисус иерусалимхана мэванда мальӈгана хэбидя яляхана хуркари ненадо серо сертабавы
/Users/air/Downloads/Ненецкие аудио/data/004_381540.9687500001_385786.2985769987.wav,"ӈока галилея я' тер хэбидя ялян' товы"" тикан' сырмы"""
/Users/air/Downloads/Ненецкие аудио/data/004_386295.75425277743_391587.9671175272.wav,"ӈадьбято' галилея ян' товы иисусм' манэ"" мандо' сер' пыдо' маймба ядабтадо'"
/Users/air/Downloads/Ненецкие аудио/data/004_391942.4654752616_395985.96875.wav,"тикы' пуд иисус галилея яхана ӈэда кана хардакон' ӈани' тэвы"""
/Users/air/Downloads/Ненецкие аудио/data/004_396610.34375_403208.46875.wav,сяхаӈгав' тикы хардахана идм' няръяна сяркаӈэ сертадась та' мальӈгана таняна ӈопой параӈода' марцьхы мэвы
/Users/air/Downloads/Ненецкие аудио/data/004_407472.77393088734_415341.59375.wav,"иисус' иудеяхад галилеян' товам' намда пыда иисусан' то хынумба пяда капернауман' нянани ту""ма"
/Users/air/Downloads/Ненецкие аудио/data/004_415965.96875_420505.34375.wav,хаван' харвана хасава нюми савумдадва иисус нянда ма
/Users/air/Downloads/Ненецкие аудио/data/004_421062.21875_428520.96875.wav,"хибяхартара"" ненадо серо и' хэбиле"" мя серо манэ"" мадавэй' пунра нида пирас"" параӈода' марцьхы нянда ма"
/Users/air/Downloads/Ненецкие аудио/data/004_429229.71875_435979.71875.wav,"нум' ервами нюни хава' нерня ту""ма иисус нянда ма мяканд хань"" нюр илеӈгу "
/Users/air/Downloads/Ненецкие аудио/data/004_436604.09375_444315.96875.wav,"тикы ненэць' иисус' вадаха"" пунрэй"" тадтикахад хая ядаванда сер' хабида сита хо"" ма"" нюр иле"
/Users/air/Downloads/Ненецкие аудио/data/004_448112.84375_456330.96875.wav,"хабида ма"" теняна яля' ер' ӈопой часхана ӈаянда ядё ха""мыць ӈацекы' нися нюнда сяха' едясялмам' хамэдада"
/Users/air/Downloads/Ненецкие аудио/data/004_457005.96875_463806.5937500001.wav,"иисус' нянда тарем' мама' мальӈгана мяканд хань"" нюр илеӈгу та' мальӈгана нюда едясялмы"
/Users/air/Downloads/Ненецкие аудио/data/004_464397.21875_468059.0937500001.wav,"тиканда пыда мяд' терсавэй' иисусан' пунрэяд"""
/Users/air/Downloads/Ненецкие аудио/data/004_468565.34375_474015.96875.wav,"тикы сер"" иисус' иудеяхад галилеян' тэв"" махаданда нябимдей ненадо сертавы серта ӈэвы"
/Users/air/Downloads/Ненецкие аудио/data/014_5177.843750000001_13024.718750000002.wav,"сейда"" нёя няркан"" нумд' пунрыда"" няни ӈани' пунрыда"" нисяни мякана таӈга мэсь я ӈока"
/Users/air/Downloads/Ненецкие аудио/data/014_13665.96875_19470.96875.wav,"тарця нивы ӈэбта ӈа"" мань нянда"" тарем' мандадамзь мань мэсь ядамда"" хамэдаванзь хаядм'"
/Users/air/Downloads/Ненецкие аудио/data/014_20145.96875_28971.59375.wav,"таня' хэ""мяхадани ядамда"" хамэдаб"" нани нянда"" ӈани' тутадм' мэсь яханани мэванда"" е""эмня сидда"" няни ханаӈгудм'"
/Users/air/Downloads/Ненецкие аудио/data/014_29646.59375_34877.84375000001.wav,"ханя' мимахадани теневада"" сехэрым' вунира"" ехэра"" фома иисусан' ма"
/Users/air/Downloads/Ненецкие аудио/data/014_35637.21875_42775.34375000001.wav,"нум' ервава"" ханя' мимахаданд маня"" ехэрава"" тиканда маня"" ханзер"" сехэрым' теневаӈгува"" иисус нянда ма"
/Users/air/Downloads/Ненецкие аудио/data/014_43416.59375_51195.96875000001.wav,"мань минадм' ненэсядм' иландм' нисяхани хибяхарт тось нида пирас"" ӈопой мань си""ни серли' тось пиртада"
/Users/air/Downloads/Ненецкие аудио/data/014_55600.34375_62029.71875.wav,"тад нерня' сита теневада"" сита манэ"" ӈадаць филипп нянда ма нум' ервава"""
/Users/air/Downloads/Ненецкие аудио/data/014_66417.21875_72475.34375000001.wav,"иисус нянда ма филиппэ нянанда"" понхав' мэдамнё"" пыдар тамна си""ми ехэран"
/Users/air/Downloads/Ненецкие аудио/data/014_73032.21875_79666.6173547844.wav,"си""ми манэ"" мы нисями манэ"" ӈась ханзер"" теда' пыдар тарем' лаханан нисямд няна"" манэ"" лабтад"
/Users/air/Downloads/Ненецкие аудио/data/014_79973.29485225871_88169.09375.wav,"нисяханани мань мэвахани нисяни нянани мэван' нин пунрю"" нянда"" хэтыбада вадини хар""н нядни хэтыбадани ни ӈа"""
/Users/air/Downloads/Ненецкие аудио/data/014_88928.46875000001_97467.21875.wav,"тикы"" сер"" нянани мэна нисяни сертабада"" сер"" няни пунрыда"" мань нисяханани мэдм' нисями нянани мэ"
/Users/air/Downloads/Ненецкие аудио/data/014_98310.96875_106630.34375.wav,"тарцян' ниб"" нанда"" ӈо"" пунрю"" сертабада серо"" ни сер' пунрыда"" ненэся ненэся нянда"" мадм' маньзяв нисяхани миӈадм'"
/Users/air/Downloads/Ненецкие аудио/data/014_107153.46875_113582.075477865.wav,ӈадьбята няни пунрёда мань сертабада серони сертаӈгу тамна тикахат ӈарка серо сертаӈгу
/Users/air/Downloads/Ненецкие аудио/data/014_113958.09160049612_121357.31614420855.wav,"мань нюмми няд"" мяць нисяхадани ӈамгэ тикым' хамбата"" нисяни юн нюнда сер' ӈарма' е""эмня мань сертаӈгув"
/Users/air/Downloads/Ненецкие аудио/data/014_121658.76394698287_131200.34375.wav,"ӈамгэрим' нюмми няд""мяць хамбата"" мань сертаӈгув си""ми мэнебата"" мань табеку"" ни сер' ӈэӈгуда"" мань' нисями хынумдаӈгув"
/Users/air/Downloads/Ненецкие аудио/data/014_131807.84375000003_140869.71875.wav,"тиканда пыда ӈани несэй сёнзям' таӈгумдамбадам' нянда"" тата пыда нянанда"" ӈоб' мэӈгу пыда ненэся' инд"""
/Users/air/Downloads/Ненецкие аудио/data/014_141831.59375_149762.84375.wav,"я' тир' тер"" нидо' мание"" ехэрадо' ӈадьбято' пыдо' сита сейхандо' ня""ма я""ма"" пыдахавара"" теневара"""
/Users/air/Downloads/Ненецкие аудио/data/014_150471.59375_157778.46875.wav,"пыда нянанда"" мэ нянанда"" мэӈгу евакоӈэ мань сидда"" нидм' хаеӈгу"" нянда"" тутадм'"
/Users/air/Downloads/Ненецкие аудио/data/014_158385.96875000003_164072.84375.wav,"я' тир' тер"" си""ми маниева ӈавыды ни ӈа"" пыдахавара"" си""ми манэтада"""
/Users/air/Downloads/Ненецкие аудио/data/014_164680.34375000003_174029.09375000003.wav,"маньди иледм' пыдара"" ӈани' илеӈгуда"" тикы яляхана мань нисяханани мэвами пыдара"" нянани мэвамда"" мань нянанда"" мэвами хамэдаӈгура"""
/Users/air/Downloads/Ненецкие аудио/data/014_174602.84375_181437.21875.wav,"хибя табекуни ня""махая табэку"" ни сер' иле тикы си""ми мэне хибя си""ми мэне тикым' нисями мэнеӈгуда"
/Users/air/Downloads/Ненецкие аудио/data/014_181943.46875_189445.41979288653.wav,"мань ӈани' тикым' мэнеӈгув нянда хар""н пыхыдами манэ"" лабтаӈгув кариот' тер ниня ӈэдаюм' иуда иисусан' ма"
/Users/air/Downloads/Ненецкие аудио/data/014_189777.10879690078_198413.46875.wav,"нум' ервава"" пыдар харт пыхыдамд няна"" манэ"" лабтаван' харваранё"" ӈамгэ я' тир' терха"" манэ"" лабтаван' нир харва"" иисус нянда ма"
/Users/air/Downloads/Ненецкие аудио/data/014_199020.96875_207154.71875.wav,"хибя си""ми мэне тикы вадини нёракута нисями сита мэнеӈгу тадтикахад мани' нянда тутани'"
/Users/air/Downloads/Ненецкие аудио/data/014_207660.96875_216672.21875.wav,"нянанда илеӈгуни' си""ми ниня мэненахав вадини нида нёракут"" хахата"" тэворта вадахав"" мань нядни ӈэда ни"" ӈа"""
/Users/air/Downloads/Ненецкие аудио/data/014_217617.21875_226341.59375.wav,"си""ми ӈэдаравы нисяхадани ӈа"" нянанда"" мэвахани тикы вадини хэтыбин сёнзямда"" таӈгумдамбадахав хэбидя инд"""
/Users/air/Downloads/Ненецкие аудио/data/014_226965.96875_236027.84375.wav,"нисяни мань нюмми няд"" мяць ӈэдараванда сидда"" хусувэй ӈамгэн' тохолаӈгу нянда"" ваде"" мы вадини мал' тензибте сидда"" нядаӈгу"
/Users/air/Downloads/Ненецкие аудио/data/014_236753.46875_246220.34375.wav,"таӈгабцом' нянда"" хаебидм' мань таӈгабцоми нянда"" тамбидм' я' тир' тер"" тотрев' тикым' нянда"" нив тамбю"""
/Users/air/Downloads/Ненецкие аудио/data/014_249983.46875_256564.71875.wav,"пыдара"" намдадаци"" мань мадамзи"" мань няданда"" хаядм' тадтикахад нянда"" ӈани' тутадм'"
/Users/air/Downloads/Ненецкие аудио/data/014_257374.71875_263719.71875.wav,"си""ми мэневы ӈэбта"" нисяхани хэвахани маймбаӈгудаць ӈабцата нисями мань нядни ва""ӈа"
/Users/air/Downloads/Ненецкие аудио/data/014_264344.09375_272022.21875000006.wav,"теда' вади"" ни серӈэ хэвандо' нерня нянда"" хэтын тиканда тарем' ӈэб"" нанда няни пунраӈгуда"""
/Users/air/Downloads/Ненецкие аудио/data/014_272545.34375_281472.21875.wav,"нянанда"" лаханавани ёльць' тянёмя я' тир' ерв мале сехэрэмда тальня' нэкалӈада тарем' ӈод"" пыда мань нянани ӈамгэхэртада яӈгу"
/Users/air/Downloads/Ненецкие аудио/data/014_282012.21875000006_291479.09375.wav,"я' терхав"" теневабато' тара мань нисями мэнев ханзер"" мань нисями няни табекоса мань тарем' ӈадм' юркыда"" тюкоход хэхэва"""
/Users/air/Downloads/Ненецкие аудио/data/013_4030.34375_10442.843750000002.wav,пасха хэбидя яля хахаялмась иисус тюку я' тиркад нисяханда хэванда ёльця' товам' тенева
/Users/air/Downloads/Ненецкие аудио/data/013_10999.71875_15690.96875.wav,я' тиркана мэна харта ненэциеда мэнейда техэ' малханда мэнейда
/Users/air/Downloads/Ненецкие аудио/data/013_16568.46875_25400.656871226834.wav,"пэвсюмняӈы ӈаворма' ёльцьӈгана ӈа кариот' тер симон' хасава нюн' иудан' иисусм' хусараванзь иӈудм' мале ми""ӈа"
/Users/air/Downloads/Ненецкие аудио/data/013_25804.407051247705_34219.71875.wav,"иисусхав тенева нисяда пыда ӈудахата хусувэй ӈамгэм' мал' ми""мыда нумгад ӈэвахаданда нум' ня' хэвахаданда ӈани' тенева"
/Users/air/Downloads/Ненецкие аудио/data/013_34776.59375_39872.84375.wav,"пэвсюмняӈы ӈаворма' ёльцьӈгана толь' тяхад юркы"" тю""уй паныда ека"
/Users/air/Downloads/Ненецкие аудио/data/013_40581.59375_48479.09375.wav,"тэцям' ня""ма ёнэнда тяха' сярада тадтикахад халтаӈго хыдям' икана тердехэя тохоламбадита ӈэ халтамба пя"
/Users/air/Downloads/Ненецкие аудио/data/013_49154.09375_57591.59375.wav,"ӈэдо' ёнэнда тяхана ӈэвы тэцяӈгана тэ""яда симон пётарт' иисус хахая тэвва' сер' пётр нянда ма"
/Users/air/Downloads/Ненецкие аудио/data/013_58199.09375_66282.21875.wav,"нум' ервав ханзер"" пыдар ӈэни халтамбаӈгуд иисус нянда ма теда' мань сертабадини пыдар нид хамэдамбю"""
/Users/air/Downloads/Ненецкие аудио/data/013_67277.84375_74787.21875000001.wav,"пуна хамэдаӈгуд пётр ӈани' нянда ма ӈэни хуна сяхаӈгарт' нид халтаӈгу"" иисус нянда ма"
/Users/air/Downloads/Ненецкие аудио/data/013_75428.46875000001_81165.96875.wav,"ӈэд ниб"" ни халта"" нядни перенар ӈоб' яӈгу симон пётр нянда ма"
/Users/air/Downloads/Ненецкие аудио/data/013_81672.21875_90514.71875.wav,"нум' ервав ӈэрини нён халта"" ӈудини ӈэвами ӈани' халтан иисус нянда ма халтавэхэв ӈэрида халта тара"
/Users/air/Downloads/Ненецкие аудио/data/013_91189.71875_97619.09375.wav,"пыхыдаха вада ӈарханда хабто пыдара"" ӈо"" варцида"" ӈопой мал' тарцяда"" нида"" ӈа"""
/Users/air/Downloads/Ненецкие аудио/data/013_98142.21875_103457.84375.wav,"сита хусаравандамда тенева ӈадьбята иисус тарем' мамы мал' нида"" варцю"" "
/Users/air/Downloads/Ненецкие аудио/data/013_104031.59375_111709.71875.wav,"ӈэдо' халта"" махаданда паныда сера юсибтэй"" няндо' ма ӈамгэм' нянда"" сертавами пыдара"" хамэдара"""
/Users/air/Downloads/Ненецкие аудио/data/013_112469.09375_116333.46875.wav,"пыдара"" си""ми сидда"" тохоламбадаӈэ нум' ервӈэ нюмдебида"""
/Users/air/Downloads/Ненецкие аудио/data/013_117143.46875_125489.33923227858.wav,"тикы вадида"" ненэся"" мань тарцядм' тадхав мань нум' ервӈэ сидда"" тохоламбадаӈэ пыдара"" ӈэда"" халтэйнанё"""
/Users/air/Downloads/Ненецкие аудио/data/013_125969.01396883148_135233.46875.wav,"пыдара"" ӈо"" ӈани нита"" ӈэ халтабта"" тара ханзер"" ӈэвамда"" мань нянда"" манэ"" лабтавась мань нянанда"" ханзер"" ӈэсадм' пыдара"" ӈани' тарем' ӈада"""
/Users/air/Downloads/Ненецкие аудио/data/013_135959.09375000003_143333.46875.wav,"ненэся ненэся нянда"" мадм' хаби ервахаданда ӈарка ни ӈа"" ӈэдаравы сита ӈэдаравэхэданда ӈарка ни ӈа"""
/Users/air/Downloads/Ненецкие аудио/data/013_144075.96875000003_153137.84375.wav,"тикым' теневахая тикы' сер' ӈэб"" нанда"" ябда илеӈгуда"" хусувэнда"" нямна мань нидм' лахан"" мань хибям' тэравахадани теневадм'"
/Users/air/Downloads/Ненецкие аудио/data/013_153981.59375_161423.46875.wav,"хэбидя падаркана тарем' пады няньми ӈаворта няни енядамда ила тикы вада"" явнандо' хэбто' тара"
/Users/air/Downloads/Ненецкие аудио/data/013_162115.34375000003_169810.34375000003.wav,"тюку вади"" хадкэва' нерня теда' нянда"" мадм' тикы сер' хадкэва' ёльцьӈгана пыдара"" мань танявахани пунраӈгу"" нида"" ам'"
/Users/air/Downloads/Ненецкие аудио/data/013_170670.96875_176661.59375.wav,"ненэся ненэся нянда"" мадм' мань ӈэдаравэми сейханда ня""мана мань си""ми сейханда ня""ма"
/Users/air/Downloads/Ненецкие аудио/data/013_177218.46875_181150.34375.wav,"мань си""ми сейханда ня""мана си""ми ӈэдаравэми сейханда ня""ма "
/Users/air/Downloads/Ненецкие аудио/data/013_181707.21875_190922.5572308133.wav,"тикы вадида хэт"" махаданда иисус сёнзянда мюй нерцькабтире тидпой"" ма ненэся ненэся нянда"" мадм' ӈобла"" си""ми хусараӈгу "
/Users/air/Downloads/Ненецкие аудио/data/013_191201.41983046217_196675.34375.wav,"тохоламбадида хибя' нямна лаханавамда нись хамэда"" индо' хэбиле няхато' сырӈа"""
/Users/air/Downloads/Ненецкие аудио/data/013_197384.09375_201822.21875.wav,"иисус' мэнена ӈоб"" тохоламбадада иисус' лэмбаран' тильтё ӈамды"
/Users/air/Downloads/Ненецкие аудио/data/013_202328.46875_209837.84375.wav,"симон пётр хурка мунзипой"" иисус' хэвхана ӈамдёдан' тарем' мандараха хибям' ваде"" мамда хонрад "
/Users/air/Downloads/Ненецкие аудио/data/013_210377.84375_214647.21875.wav,"пётр' хонрамбада иисус' лэмбаран' ӈани' тильтей"" тадтикахад хонрада"
/Users/air/Downloads/Ненецкие аудио/data/013_215220.96875000006_223849.22742650018.wav,нум' ервав пыдар вадетар хибя иисус ма хибян' палабтавы няньни ютекм' митав тикы ти мэна 
/Users/air/Downloads/Ненецкие аудио/data/013_224257.39550987622_233800.34375.wav,"иисус нянянда ютекм' палабтахая кариот' тер симон' хасава нюн' иудан' ми""ӈада иуда' нянь' ютекм' ня""ма"" махаданда сёнзянда мю' сатана пакалъй"""
/Users/air/Downloads/Ненецкие аудио/data/013_234306.59375_242642.84375000006.wav,"тадтикахад иисус нянда ма сертавндар мер' сертад тикахана мэвэхэт ӈобкартадо' ӈамгэ тарем' нянда лаханавамда нида хамэда"""
/Users/air/Downloads/Ненецкие аудио/data/013_243300.96875_248785.34375.wav,"есьто' ларас пили"" иудахана ӈэсетвы ӈадьбято' пыдо' ибедо' тарем' ядэрӈа"""
/Users/air/Downloads/Ненецкие аудио/data/013_249359.09375000003_257054.09375.wav,"иисус иудан' хэбидя яля' ед' тарана ӈамгэм' тэмдавнзь лахананакы тикахавахад харвобта маӈгбадаха"" ӈавори ми""манзь лахананакы "
/Users/air/Downloads/Ненецкие аудио/data/013_257644.71875000003_267668.46875000006.wav,"иуда нянь' ютекм' ня""махая таминда тарпы"" мале пиӈэ хэвы иуда' тарп"" махад иисус вахалъй"" тадхав ненэця' нюӈэ нюмдебада юнда ӈарамда"
/Users/air/Downloads/Ненецкие аудио/data/013_268174.71875_277371.59375000006.wav,"нум' юн нянанда ӈани' ӈарамда нум' юн нянанда ӈарамб"" тиканда нум' сита нянанда ӈаркта тадри' сита ӈаркта"
/Users/air/Downloads/Ненецкие аудио/data/013_281995.34375_292964.09375.wav,"иудейха"" ваде"" мы вадавнани си""ми иб"" пюртада"" мань минзь яхани тось нира"" пират"" тика вадини ӈани' теда' нянда"" хэтыбин нянда"" едэй табеком' тадм'"
/Users/air/Downloads/Ненецкие аудио/data/013_293520.96875_303713.46875.wav,"нида"" мэнейда"" мань ханзер"" сидда"" мэнесадм' тарем' нида"" мэнейда"" нида"" мэнебата"" тикахана мань тохоламбадини ӈэвамда"" ненэця"" мал' тумдабаӈгудо' "
/Users/air/Downloads/Ненецкие аудио/data/013_304236.59375_310362.21875.wav,симон пётр иисусан' ма нум' ервав пыдар ханя' хандан иисус нянда ма
/Users/air/Downloads/Ненецкие аудио/data/013_310919.09375_317449.71875000006.wav,"мань минзь яхани пыдар тось теда' нир пирас"" вад' пумнани ханян ту"" пётр нянда ма нум' ервав"
/Users/air/Downloads/Ненецкие аудио/data/013_318074.09375000006_322575.14600135793.wav,"ӈамгэ теда' пумнанд тось нив пирас"" пыдар е""эмнянд илми митадм' "
/Users/air/Downloads/Ненецкие аудио/data/013_322841.6637636844_332215.34375000006.wav,"иисус нянда ма иламд е""эмняни митан ненэся ненэся нянд мадм' харад' хоркы' тёревдавэй' нядни няхар"" мэва' таялтын"
/Users/air/Downloads/Ненецкие аудио/data/006_2309.09375_8350.34375.wav,тикы' пуд иисус галилея то' тяха' хая няби нюмда тивериада то ӈэвы
/Users/air/Downloads/Ненецкие аудио/data/006_9059.093750000002_17429.09375.wav,"хуркари ненадо серо иисус' хаӈгуртаха"" сертабавам' манэсо"" махадандо' ӈока ненэць' пумнанда хаяць иисус хой' ни' тана"" махаданда"
/Users/air/Downloads/Ненецкие аудио/data/006_17952.21875_23959.71875.wav,"тохоламбадита ня' таня' ӈамдыд"" иудей"" хэбидя яля пасха хахаялмы"
/Users/air/Downloads/Ненецкие аудио/data/006_24651.59375_33359.09375.wav,"иисус саӈомда ӈэдараванда сер' нянда миндя ӈока ненэцям' манэ"" ӈа филиппан' ма сиддо' ӈавлава' е""эмня ханяд нянё тэмдаӈгува"""
/Users/air/Downloads/Ненецкие аудио/data/006_34034.09375000001_42285.96875.wav," иисусхав ӈамгэм' харта сертавахаданда теневась сюри сита хорпа тарем' хонрамбида филипп нянда вахалъй"""
/Users/air/Downloads/Ненецкие аудио/data/006_42859.71875_48394.71875.wav,"сидя юр"" динарийхана тэмдавы няняхад хусувэмдо' тянёмбовна ӈавлахарта ни томд"""
/Users/air/Downloads/Ненецкие аудио/data/006_49221.59375_54250.34375000001.wav,иисус' ӈопой тохоламбадада симон пётр' папа андрей иисусан' ма
/Users/air/Downloads/Ненецкие аудио/data/006_54908.46875_63987.218750000015.wav,"тюкохона ӈопой хасава ӈацекы' ячменьхад сертавы самляӈг нянькоцяда сидя халякоцяда таня"" тикыко"" е таӈок ненэцие ӈавла нена"" тянё"" нё"" иисус ма"
/Users/air/Downloads/Ненецкие аудио/data/006_64544.09375_73665.52733400154.wav,"ненэця"" таня ӈамдыдамд"" таняна ӈув"" ӈока"" ӈэвы"" ненэця"" тикан' ӈамдыд"" тикахана мэни"" поӈгана хасавари самляӈг ёнар"" ӈэвы"
/Users/air/Downloads/Ненецкие аудио/data/006_74181.24006488993_82330.34375000001.wav,"тадтикахад иисус няньм' ня""махая нумд' сава вади хэт"" махаданда няньм' ӈамдёдаха"" ми""ӈада халям' ӈани' тарем' мэда"
/Users/air/Downloads/Ненецкие аудио/data/006_82853.46875_92725.34375.wav,"ӈаворман' харванаха"" харвабцондо' пирувна ми""ӈа ӈаворць ёльце"" мяхадандо' иисус тохоламбадахата ма хаёда ӈавар"" ма""лэйда"" ӈамгэхэрт тэри нёя хаю"""
/Users/air/Downloads/Ненецкие аудио/data/006_93450.96875_101323.51141707084.wav,"ӈавар' хаё"" ми ма""лэйдо' ячменьхад сертавы самляӈг мардавы няньхад юкад вата сидя паӈгалмы едм' терде"""
/Users/air/Downloads/Ненецкие аудио/data/006_101624.43323752464_110424.34618985651.wav,"иисус' сертавы тикы ненадо серм' манэ"" мандо' сер' ненэця"" тарем' ма"" пыда ненэсянда я' тир' ни' товандаӈэ ваде"" мы тикы нум' вади вадета "
/Users/air/Downloads/Ненецкие аудио/data/006_110769.26899392769_118425.96875.wav,"иисусхав хамэдада пыдо' ныхыри' сита параӈодадандо' сертаван' харва"" ӈадьбята пыда ӈани' ӈопой ялнда пэхэ"" хая"
/Users/air/Downloads/Ненецкие аудио/data/006_118999.71875_126762.21875.wav,"нумда пэвсюмзь иисус' тохоламбада"" то' няю' хая"" ӈано' мю' тихия то' тяхана ӈэда капернауман' нэкалӈадо'"
/Users/air/Downloads/Ненецкие аудио/data/006_127335.96875_136229.09375.wav,"нумда пэвсюмб"" ӈод"" иисус няндо' тамна ни ту"" мерцяда сахама ита манзада пыдо' мат' самляӈг' мян' километр' пирувна ӈанута"""
/Users/air/Downloads/Ненецкие аудио/data/006_136785.96875_141942.23516008657.wav,"та' ёльцьӈгана ид' нимня миндям' ӈаномдо' хахаялтембада иисусм' манэць сейдо' хая"""
/Users/air/Downloads/Ненецкие аудио/data/006_142359.98900301693_151703.46875.wav,"пыдахавада няндо' вахалъй"" манней сейда"" нёя пин"" пыдо' ӈанондо' мю' тибтеван' харвадонзь лакри' ӈанодо' мале минханда яндо' варан' тэввы"""
/Users/air/Downloads/Ненецкие аудио/data/006_152226.59375_161153.46875.wav,"тад нябимдей яляхана то' няби вархана нувы"" ненэця"" ӈопойри ӈано' хавна ӈани ӈаном' манэ"" мэдо' яӈгу ӈано' мю' иисус тохоламбадаха"" ната ниць ти"""
/Users/air/Downloads/Ненецкие аудио/data/006_161744.09375000003_166587.21875.wav,"тохоламбадида харто' ӈанута хаяць тивериадахад ӈани"" ӈано"" тоць"
/Users/air/Downloads/Ненецкие аудио/data/006_167177.84375000003_173202.21875.wav,"нум' ерв' тикы я' хэвхана нумд' сава вади вадесо"" махаданда ненэця"" нянё ӈавормыць"
/Users/air/Downloads/Ненецкие аудио/data/006_173877.21875_181842.21875.wav,"ненэця"" иисусм' тохоламбадита ня' таняна нидо' ху"" пыдо' ӈану"" мю' тияд"" капернауман' иисусм' пюрць нэкалӈадо'"
/Users/air/Downloads/Ненецкие аудио/data/006_182483.46875_188642.84375000006.wav,"няби то' вархана иисусм' хо""махадандо' хонрамба пядо' равви пыдар сяха' тюкон' тэвын"
/Users/air/Downloads/Ненецкие аудио/data/006_189165.96875_196408.95331932267.wav," иисус няндо' ма ненэся ненэся нянда"" мадм' пыдара"" ненадо серо манэ"" манда"" нид си""ми вунида"" пюр"""
/Users/air/Downloads/Ненецкие аудио/data/006_196907.49189855348_202733.46875.wav,"нянё ӈаво"" махаданда"" малеванда"" нид си""ми пюрӈада"" тиманда ӈавар' е""эмня нида"" манзара"""
/Users/air/Downloads/Ненецкие аудио/data/006_203357.84375_209989.71875.wav,"та' екававна малсяда илам' минрена ӈавар' е""эмня манзарада"" ненэця' нюӈэ вадета тикы ӈаварм' нянда"" тата"
/Users/air/Downloads/Ненецкие аудио/data/006_210765.96875_214579.71875.wav,"нум' нися тикы' е""эмня нянда пидте"" мямда ӈабтась "
/Users/air/Downloads/Ненецкие аудио/data/006_215322.21875_222966.59375.wav,"тадтикахад ненэця"" иисусм' хонра"" нум' сякана сава серм' сертавана"" е""эмня ханзер"" ӈэб"" на"" тара иисус няндо' ма"
/Users/air/Downloads/Ненецкие аудио/data/006_223489.71875_227674.71875.wav,"пыда ӈэдаравэхэнда пунрёбта"" тикахана нум' сякана сава серм' сертабида"" "
/Users/air/Downloads/Ненецкие аудио/data/006_228299.09375000006_233732.84375000003.wav,"ненэця"" тиканда нянда ма"" нянд пунравана"" е""эмня ӈамгэ ненадо серм' манэ"" лабтаӈгун"
/Users/air/Downloads/Ненецкие аудио/data/006_234306.59375_241664.09375.wav,"ӈамгэм' сертаӈгун нисянана"" вэӈго яхана маннам' ӈаворӈаць тикы'нямна хэбидя падаркана тарем' пады"
/Users/air/Downloads/Ненецкие аудио/data/006_242220.96875000006_247266.59375000003.wav,"пыда няндо' ӈавараӈэ нумгад ӈэда няньм' ми""ӈа иисус няндо' маси"""
/Users/air/Downloads/Ненецкие аудио/data/006_247772.84375_257324.09375000003.wav,"ненэся ненэся нянда"" мадм' моисей нумгад ӈэда няньм' нянда"" нись та"" нисями нумгад ӈэда ненэся няньм' нянда"" тамби"
/Users/air/Downloads/Ненецкие аудио/data/006_257864.09375_263061.59375000006.wav,"нум' тамбада няньхав нув' няд ха""морта я' тирк"" илам' мипи "
/Users/air/Downloads/Ненецкие аудио/data/006_263601.59375_272815.34375.wav,"пыдо' нянда ма"" нум' ервава"" хусувэхэ"" на тарця няньдава"" мипю"" иисусхав няндо' ма""нив' маньзяван ила' нянядм'"
/Users/air/Downloads/Ненецкие аудио/data/006_273372.21875_281421.59375.wav,"няни турта ни ӈорцяӈгу"" тад ӈани' няни пунрёда сяхаӈгарт' ит' харвабцода яӈгуда мань нянда"" маӈгава мадамзи"""
/Users/air/Downloads/Ненецкие аудио/data/006_281927.84375_286438.31735110626.wav,"си""ми манэкава манэ"" ӈадаци"" хуркавна ӈод"" няни нида"" нё"" пунрю"""
/Users/air/Downloads/Ненецкие аудио/data/006_286781.2468793237_293436.59375000006.wav,"нисяни няни тамбада хусувэй ненэць' няни тута няни турти"" ханяӈэхэртамдо' мань нидм' питарт"""
/Users/air/Downloads/Ненецкие аудио/data/006_294044.09375_300929.09375.wav,"хар""н ини сер' ӈэвани е""эмня мань нув' няд вунисядм' ха""ам"" си""ми ӈэдаравэни ватом' сертаванзь тодамзь"
/Users/air/Downloads/Ненецкие аудио/data/006_301435.34375_311037.21875.wav,"си""ми ӈэдаравэни ватода тарця тавэхэданда мань ӈамгэхэртм' ёпа""ни ни тара"" пудана яляхана мань мал' яӈор' илебтеб"" ни тара"
/Users/air/Downloads/Ненецкие аудио/data/006_311594.09375_318276.59375.wav,"нисяни вато тарця хусувэй хибя нюмда мание нянда пунрёда малсяда илам' ня""маӈгу"
/Users/air/Downloads/Ненецкие аудио/data/006_322410.96875_330409.71875.wav,"иисус' тарця вади хэт"" махад мань нумгад ха""амвы нянядм' иудей"" помнандо' пыда нямнанда лаханорць пэяд"" пыдо' ма"""
/Users/air/Downloads/Ненецкие аудио/data/006_331017.21875000006_339809.09375000006.wav,"тюкохова иосиф' хасава ню иисуснё"" небяхаюда нисяхаюда маня"" теневаӈахаюна"" нё"" пыда ханзер"" тарем' лахана мань нумгад ха""мыдамзь"
/Users/air/Downloads/Ненецкие аудио/data/006_340484.09375_349782.21875.wav," иисус няндо' вахалъй"" помнанда"" хараси"" нёда"" лаханор"" си""ми ӈэдаравэни нисяни хахаялтева' хавна няни хибяхарт тось нида пирас"""
/Users/air/Downloads/Ненецкие аудио/data/006_350507.84375_356835.96875.wav,"няни тонахавм' мань пудана яляхана илебтеӈгув нум' вади вадети"" падарка"" на тарем' падыси"""
/Users/air/Downloads/Ненецкие аудио/data/006_357595.34375000006_364496.3679128253.wav,пыдо' сиддо' мал' нум' тохолаӈгу хусувэй хибя нисями намдорта няданда тохолковы няни турӈа
/Users/air/Downloads/Ненецкие аудио/data/006_368867.84375_377372.84375.wav,"пыдарида нисям' манэ"" мэда ненэся ненэся нянда"" мадм' няни пунрёдахана малсяда ил' таня мань ила' нянядм'"
/Users/air/Downloads/Ненецкие аудио/data/006_378014.09375_385709.09375.wav,"нисянада"" вэӈго яхана маннам' ӈавормы"" ӈэбто' ӈо"" хуркавна ӈо"" пыдо' хаць тикы няньхав нумгад ха""морта нянь"
/Users/air/Downloads/Ненецкие аудио/data/006_386282.84375_394484.09375.wav,"тикы нянё ӈаворта ни хаӈгу"" тикы иленя няньхав нумгад ха""амвы мань ӈэ""нидам' хусувэй хибя тикы няньм' ӈаворта"
/Users/air/Downloads/Ненецкие аудио/data/006_395429.0937500001_399884.09375.wav,"иланда малсяӈгу нянда"" мипада няньми мань пыхыдами"
/Users/air/Downloads/Ненецкие аудио/data/006_400491.5937500001_408557.84375.wav,"тикы нянь хусувэй я' тер' илева' е""эмня ӈадьбя"" ни мипадами тикы вадита пуд иудей"" помнандо' няхато' пэбтэйд"" тарем' лаханорӈа"""
/Users/air/Downloads/Ненецкие аудио/data/006_409334.09375_415105.34375.wav,"пыда ханзер"" харта пыхыдамда няна"" ӈамзь тась пир"" ӈада тикы вадахато' иисус тарем' ма"
/Users/air/Downloads/Ненецкие аудио/data/006_415645.34375000006_424595.0297030441.wav,"ненэся ненэся нянда"" мадм' ненэця' нюӈэ вадета' пыхыдм' нибта"" ӈав"" вэямда нибта"" ӈэр"" нянанда"" ил' яӈгу"
/Users/air/Downloads/Ненецкие аудио/data/006_425040.09979571705_432790.34375.wav,мань пыхыдами ӈавортахана мань вэями ӈэрпадахана малсяда ил' таня тикым' пудана яляхана мань илебтеӈгув
/Users/air/Downloads/Ненецкие аудио/data/006_433364.09375000006_437633.46875.wav,мань пыхыдами ненэся ӈавар мань вэями ненэся ӈэрпада ӈамгэ
/Users/air/Downloads/Ненецкие аудио/data/006_438291.59375_443792.84375.wav,"мань пыхыдами ӈаворта мань вэями ӈэрпада мюняни мэ мань ӈо"" нянанда мэдм'"
/Users/air/Downloads/Ненецкие аудио/data/006_444315.96875_451235.3226213697.wav,"ханзер"" иленя нисями си""ми ӈэдараса ханзер"" мань нисяхадани иледм' тарем' си""ми ӈавараӈэ мэта нядни илеӈгу"
/Users/air/Downloads/Ненецкие аудио/data/006_451524.9828569238_458541.59375.wav,"тюку нянь нумгад ха""мыць нисяната"" ӈавормы' то""лаха ни ӈа"" тикым' ӈаворпато' ӈод"" пыдо' хуркавна ӈо"" хаць"
/Users/air/Downloads/Ненецкие аудио/data/006_459199.7187500001_468267.3494261338.wav,"тюку няньм' ӈавортахав ӈоб' илеӈгу тикы вадида иисус капернаумхана ӈэда ма""люӈгалава мякана ненэцие тохоламбаванда сер' ваде"" ядась"
/Users/air/Downloads/Ненецкие аудио/data/006_468580.6132687864_476310.96875.wav,"тарця вади намда тохоламбадита ӈокаюм' пелядо' тарем' лаханаць тикы вадета вадида намдорма' то""лаха ни"" ӈа"""
/Users/air/Downloads/Ненецкие аудио/data/006_479601.59375_487769.09375.wav," иисусхав нибта ӈо"" намдор"" тохоламбадита ӈамгэм' ваде"" мэхэт теневась пыда няндо' тарем' ма сёнзяхата"" вэваковна тэвыд"""
/Users/air/Downloads/Ненецкие аудио/data/006_488376.59375_496645.34375000006.wav,"ненэця' нюӈэ вадетам' ӈахат мэ""маханда тананаӈэ манэпата"" тикахана ханзер"" ӈэӈгуда"" илам' тамбада тикы инд"" ӈэ""нив'"
/Users/air/Downloads/Ненецкие аудио/data/006_497219.09375_506432.84375.wav,"пыхыдахав ӈамгэхэрт ни ӈа"" нянда"" хэтвы вадини инд"" ӈэ""нив' ил' ӈэ""нив' ӈабцакавата поӈгананда"" ниня пунрёдида"" таня"" "
/Users/air/Downloads/Ненецкие аудио/data/006_507023.46875_516540.96875000006.wav,"иисус ӈули"" нюрте"" эхэд хибя нянда ниня пунрёдахад сита хусаравандахад теневась иисус ма ӈадьбя"" ни мань нянда"" тарем' мадамзь"
/Users/air/Downloads/Ненецкие аудио/data/006_517064.09375_526665.96875.wav,"нисяни тарем' табековдавэй' хибяхарт няни тось нида пирас"" тикы' пуд тохоламбадита поӈгад ӈокаюм' пелядо' сита хае"" сян' нянанда ни"" ядэр"""
/Users/air/Downloads/Ненецкие аудио/data/006_527307.21875_536284.7187500001.wav,"иисус юкад вата сидямда хонра пыдара"" ӈани' хэван' нида"" харва"" симон пётр вахалъй"" нум' ервава"" маня"" хибян' хандава"""
/Users/air/Downloads/Ненецкие аудио/data/006_536824.7187500001_544789.8554934253.wav,"малсяда ила' вада"" пыдар нянанд ӈа""нё"" маня"" пыдар хэбидя ӈэваханд нумгад товахаданд пунрэйна"" хамэдава"" "
/Users/air/Downloads/Ненецкие аудио/data/006_545188.0391416141_552383.46875.wav,"иисус няндо' ма юкад вата сидяӈэ мал' мань сидда"" нисядам' тэра"" хуркавна ӈо"" ӈопойра"" ӈа"
/Users/air/Downloads/Ненецкие аудио/data/006_552940.34375_561985.3437500001.wav,пыда кариот' тер симон' хасава ню иуда' нямна лаханась иуда юкад вата сидяхад ӈопойдонзь пыда иисусм' хусараванзь хамекусь
/Users/air/Downloads/Ненецкие аудио/data/001_5937.21875_14543.468750000002.wav,"сямянхат ӈули"" нюрте"" э' вада танявы вада нумгана мэвы пыда нум' ӈэвы вада нюрте"" эхэд нумгана мэвы"
/Users/air/Downloads/Ненецкие аудио/data/001_15083.468750000002_22390.34375.wav,"хусувэй ӈамгэ няданда ӈадимы хусувэй ӈадимы ӈамгэ пыдасиципой"" ӈадимзь нивэда пирас"" вадахана ил' танявы"
/Users/air/Downloads/Ненецкие аудио/data/001_22947.21875_32464.718750000004.wav,"тикы ил' ненэцие"" яляӈэ таравы тикы яля пэвдяхартахана ялэмды пэвдя сита пирда"" ле ни пирас"" нум' ӈэдаравы"
/Users/air/Downloads/Ненецкие аудио/data/001_33224.09375_40007.84375.wav,"ӈопой хасава танявы нюмда иоанн ӈэвы пыда яля' нямна ненэсям' ваде"" манзь товы"
/Users/air/Downloads/Ненецкие аудио/data/001_40800.96875_47787.21875.wav,"тиканда хусувэй хибя сита намд"" махаданда ялян' пунраӈгу"" ни"" им' пыдахавада яля нивы ӈа"""
/Users/air/Downloads/Ненецкие аудио/data/001_48428.46875_56764.71875.wav,"хуркавна ӈо"" пыда яля' нямна ненэсям' ваде"" манзь нум' ӈэдаравэда яляхав ненэся яляхав хусувэй ненэцям' ялэмдамбада"
/Users/air/Downloads/Ненецкие аудио/data/001_57372.21875_65573.46875.wav,"мале та' мальӈгана я' тир' ни' ӈадимдавы пыда я' тиркана танявы я' тир"" няданда ӈадимы ӈэбта ӈод"""
/Users/air/Downloads/Ненецкие аудио/data/001_66164.09375_74179.71875.wav,"я' тир' тер"" сита ни"" хамэда"" пыда харта ӈамгэхэта то харта ненэциеда сита сейхато' ня""маван' ни"" харва"""
/Users/air/Downloads/Ненецкие аудио/data/001_78550.34375000001_89046.59375.wav,"тикы ненэцяӈг"" пыда нум' ню"" ӈэсь ватодамдо' ми""ӈа пыдо' ненэця' паӈгхад пыхыд' харвабцоход ненэця' ватоход соявы"" ни"" ӈа"" нумгад соявы"""
/Users/air/Downloads/Ненецкие аудио/data/001_89890.34375_96859.71875.wav,"вада ненэцяӈэ хая поӈгана"" илелъй"" пыда тихинда сянавасавэй ненэсясавэй"
/Users/air/Downloads/Ненецкие аудио/data/001_97754.09375_105145.34375.wav,"маня"" юнанда танявам' манэ"" ӈаваць тикы юнда ӈопой ню ӈэванда е""эмня нисянда ми""мы"
/Users/air/Downloads/Ненецкие аудио/data/001_106275.96875_115523.46875.wav,"иоанн пыда нямнанда ненэсям' ваде"" ӈась ненэцяӈг"" сёнда ӈардан' лахана ваде"" мэми тикы ти мэна"
/Users/air/Downloads/Ненецкие аудио/data/001_116316.59375_123235.34375.wav,"мань тарем' мадамзь пудни тованда нядни ва""ӈа соявани нерня мале ӈаха"" на танясь "
/Users/air/Downloads/Ненецкие аудио/data/001_124382.84375_128601.59375.wav,"маня"" малмбой' няданда ӈэда сянавам' етри' панаць ня""марпива"""
/Users/air/Downloads/Ненецкие аудио/data/001_129462.21875_137511.59375.wav,"моисей' сер' ватом' ня""маваць иисус христос' сер' сянавам' ненэсям' ня""мава"" сяхаӈгарт' хибяхарт"
/Users/air/Downloads/Ненецкие аудио/data/001_138152.84375000003_146961.59375000003.wav,"нувм' нивэда манэс"" нисянда сейхана мэна ӈопой нюрида нум' няна"" нум' хурка ӈэвамда ӈадимдеда"
/Users/air/Downloads/Ненецкие аудио/data/001_147889.71875_156614.09375000003.wav,"иудей"" иерусалим маркад ханондани левит хибя ӈэвамда хонраванзь ӈэдарабто' иоанн' сыро"" мида тарцяць"
/Users/air/Downloads/Ненецкие аудио/data/001_157575.96875000003_165861.59375.wav,"иоанн хуркари таялци"" тидпой"" вахалъй"" мань христосадм' нидм' ӈа"" пыдо' сита хонра"" тиканда хибян"
/Users/air/Downloads/Ненецкие аудио/data/001_166620.96875_175733.46875.wav,"илиян ӈэдакэн пыда ма нидм' ӈа"" ӈани' хонрадо' тикы нум' вади вадетан пыда ӈани' ма нидм' ӈа"""
/Users/air/Downloads/Ненецкие аудио/data/001_176796.59375_184778.46875.wav,"пыдо' нянда вахалъяд"" тиканда хибян сидна"" ӈэдаравэхэ"" на"" ӈамгэм' хэтаӈгува"" харт нямнанд ӈамгэм' вадетан"
/Users/air/Downloads/Ненецкие аудио/data/001_185369.09375_194532.21875.wav," нум' вади вадета исайя' вади"" мана иоанн тарем' вахалъй"" мань вэӈго яхана тюрыта вабцадм' нум' ерв' сехэрым' тидхалера"" "
/Users/air/Downloads/Ненецкие аудио/data/001_195629.09375_203779.71875.wav,"тикы товы"" ненэцие"" поӈгана фарисей"" танявы"" пыдо' сита хонра"" христосан ниб"" нанд ӈа"" илиян ниб"" нанд ӈа"""
/Users/air/Downloads/Ненецкие аудио/data/001_204522.21875_213094.71875000003.wav,"тикы нум' вади вадетан ниб""нанд ӈа"" ӈамгэ хэхэдаӈгурӈан иоанн няндо' вахалъй"" маньзяван икана хэхэдаӈгурӈадм'"
/Users/air/Downloads/Ненецкие аудио/data/001_213989.09375_221903.46875.wav,"поӈгананда"" хибяхав ну пыдара"" ехэрара"" пыдахавада пудни тованда маньзяв нянани те""мехэртада ека ни серос"" "
/Users/air/Downloads/Ненецкие аудио/data/001_222730.34375_230712.21875.wav,"тикы"" сер"" иордан яха' тяхана ӈэда вифанияхана ӈэвы"" тикы яхахана сяхари' иоанн хэхэдаӈгурмы"
/Users/air/Downloads/Ненецкие аудио/data/001_231505.34375_240803.46875.wav,"нябимдей яляхана иоанн нянда миндя иисусм' манэць вахалъй"" нум' ху' сую ти мэна я' тир' хэбяхам' пыда ха""авраванда"
/Users/air/Downloads/Ненецкие аудио/data/001_241613.46875_250759.71875.wav,"пыда нямнанда мань тарем' лаханадамзь пудни тованда нядни ва""ӈа пыда соявани нерня мале ӈаха"" на танясь мань сита ехэрадамзь"
/Users/air/Downloads/Ненецкие аудио/data/001_251265.96875_258910.34375000003.wav,"израиль' тер"" сита хамэдавандо' е""эмня ӈадьбя"" ни икана хэхэдаӈгованзь тодамзь иоанн манэ"" мыда вадець лахана"
/Users/air/Downloads/Ненецкие аудио/data/001_259669.71875000003_267617.84375.wav,"хэбидя индад' голубьм' нюбета нув' сармикадрев' нув' няд ниндя ха""мавам' тадтикахад нинянда хаёвам' манэ"" ӈадамзь"
/Users/air/Downloads/Ненецкие аудио/data/001_268731.59375_273473.46875.wav,"мань сита ехэрадамзь си""ми икана хэхэдаӈго ӈэдаравы няни тарем' мась"
/Users/air/Downloads/Ненецкие аудио/data/001_274064.09375000006_280257.21875.wav,"хэбидя индад' хибя ни' ха""мавам' тадтикахад нинянда хаёвам' пыдар манэтар"
/Users/air/Downloads/Ненецкие аудио/data/001_280915.34375000006_289977.21875.wav,"тикы хэбидя индкана хэхэдаӈгода мань манэ"" ӈавась ӈадьбя"" ни тидпой"" мадм' тикы нум' ню"
/Users/air/Downloads/Ненецкие аудио/data/001_291546.59375_301266.59375.wav,"тад нябимдей яляхана иоанн ӈани' сидя тохоламбадамда няць ну иисус хэвувнанда ядвы сита манэ"" манда сер' иоанн ма"
/Users/air/Downloads/Ненецкие аудио/data/001_302532.21875_312336.59375.wav,"нум' ху' сую ти мэна тикы вадида намда сидя тохоламбадахаюда иисус' пумна ялъяха' иисус пуня' сылы"""
/Users/air/Downloads/Ненецкие аудио/data/001_313129.71875_322664.09375.wav,"пумнанда яднаха"" манэць хонарку ӈамгэн' харвади' пыди' маӈаха' равви хамэдита сидна""тохоламбадава"""
/Users/air/Downloads/Ненецкие аудио/data/001_323423.46875000006_332485.34375.wav,"пыдар ханяна илен иисус ма тоди' манэтари' пыдо' ӈобкана хая"" ханяна илевамда пыди' манэ"" ӈади'"
/Users/air/Downloads/Ненецкие аудио/data/001_335843.46875_345850.34375000006.wav,"та' мальӈгана ялей тет час ӈэвы нябиюм' иоанн' вади намдавы тадтикахад иисус' пумна ял""мы"" андрей пыда симон пётр' папа ӈэвы"
/Users/air/Downloads/Ненецкие аудио/data/001_346508.46875_354507.21875000006.wav,"нюрте"" э' андрей хасава нямда симонм' хо нянда ма мани' мессиям' хони' тикы грек' вадавна христос"
/Users/air/Downloads/Ненецкие аудио/data/001_355367.84375_363012.2187500001.wav,андрей хасава нямда иисусан' тэврада иисус нянда сылаванда сер' ма пыдар симонан иоанн' хасава нюн
/Users/air/Downloads/Ненецкие аудио/data/001_363602.84375_372310.34375.wav,тад нерня' нюмл кифа ӈэӈгу тикы грек' вадавна пётр нябимдей яляхана иисус галилея ян' хэсь таслада
/Users/air/Downloads/Ненецкие аудио/data/001_372951.59375_382334.09375.wav,"филиппам' хованда сер' нянда ма пумнани ту"" филиппхав вифсаида хардахад ӈэвы андрейха' пётарк' ӈани' таняд ӈэвэхэ'"
/Users/air/Downloads/Ненецкие аудио/data/001_383295.96875_391395.96875.wav,"филипп нафанаилм' хо""махаданда ма маня"" моисей ватохонанда падвым' нум' вади вадети"" падвым' хова"""
/Users/air/Downloads/Ненецкие аудио/data/001_392459.09375_399951.59375.wav,пыда иисус иосиф' хасава ню назаретхад ӈа нафанаил ма назаретхад ӈамгэ сава таняӈгу
/Users/air/Downloads/Ненецкие аудио/data/001_401166.59375_408405.96875.wav," филипп нянда ма ту"" манэтарава иисус нянда миндя нафанаилм' манэць нямнанда вахалъй"""
/Users/air/Downloads/Ненецкие аудио/data/001_409165.34375_416674.71875.wav,"ненэся израиль' терхав ти пыда хэдта яӈгу нафанаил нянда ма ханяд си""ми теневан"
/Users/air/Downloads/Ненецкие аудио/data/001_417315.96875_427322.84375.wav," иисус ма""нив' филипп' сит хаё"" мя' нерня смоковницам' нюбета ӈодя' пя' ӈылна мэнаханд сит манэ"" ӈадамзь нафанаил нянда ма равви"
/Users/air/Downloads/Ненецкие аудио/data/001_427964.09375_433971.59375.wav,"пыдар нум' нюн пыдар израиль' параӈодан иисус тикы вади намда тарем' вахалъй"""
/Users/air/Downloads/Ненецкие аудио/data/001_434815.34375_444265.34375000006.wav,"смоковницам' нюбета пя' ӈылна мэ""мамд нянд вадесо"" махадани няни пунрэйн ненэй манэ"" мандахабид тамна неры"" иисус тамна тяха' лахана"
/Users/air/Downloads/Ненецкие аудио/data/001_445075.34375_454187.84375.wav,"ненэся ненэся нянда"" мадм' пыдара"" нув' няра' сидя' ня' няӈгармам' манэтада"" ненэця' нюӈэ нюмдебада' ни'"
/Users/air/Downloads/Ненецкие аудио/data/001_454727.84375_458929.71875.wav,"нум' юне ядэлани"" тю""уд ха""мормам' танаӈгавам' манэтада"" "
/Users/air/Downloads/Ненецкие аудио/data/007_2663.4687500000005_6224.09375.wav,тад пуна иисус галилея явна ядэрӈась
/Users/air/Downloads/Ненецкие аудио/data/007_7118.46875_13159.71875.wav,"иудея яхана иудей"" сита хадаван' харваць ӈадьбята пыда танямна ядэрман' нись харва"""
/Users/air/Downloads/Ненецкие аудио/data/007_17361.59375_25950.96875.wav,"иисус' хасава нида нянда ма"" тюкоход хэбат тара иудея ян' хэбат сава таняна тохоламбадид сертабада серод манэт"" ни"" им'"
/Users/air/Downloads/Ненецкие аудио/data/007_26457.218750000004_31452.21875.wav,"хусувэй ненэць' харта пыхыдамда манэ"" лабтава' е""эмня сертабадида ниданё"" такалпю"""
/Users/air/Downloads/Ненецкие аудио/data/007_31975.34375_39788.46875.wav,"тарця серо сертабадаӈэ я' тир' ненэцяӈг"" пыхыдамд манэ"" лабтамбадава харта хасава нихиртада нянда ниць пунрю"""
/Users/air/Downloads/Ненецкие аудио/data/007_40311.59375_44040.96875000001.wav,иисус няндо' тарем' ма маньзяв ёльцями тамна товдавэй
/Users/air/Downloads/Ненецкие аудио/data/007_44580.96875_50605.34375.wav,"пыдахавара"" ӈоб' ёльцяра"" таня пыдара"" сидда"" я' тир' ненэця"" волтамба ни"" пирас"""
/Users/air/Downloads/Ненецкие аудио/data/007_51162.21875_55684.71875.wav,"маньзяв си""ми серото' вэнзу"" ӈэвам' ваде"" мани нид сэхэда"""
/Users/air/Downloads/Ненецкие аудио/data/007_56309.09375_62316.59375.wav,"пыдара"" хэбидя ялян' хаяда"" маньзяв тюку хэбидя ялян' нидм' тут"" ёльцями тамна товдавэй "
/Users/air/Downloads/Ненецкие аудио/data/007_63025.34375000001_72019.71875000001.wav,"тикы вадида хэт"" махаданда галилеяхана хаи хасев"" нита хэбидя ялян' хэ""мяхад иисус хуркавна ӈо"" талерка хэбидя ялям' манэ"" манзь хая"
/Users/air/Downloads/Ненецкие аудио/data/007_72610.34375_81807.21875.wav,"иудей"" хэбидя яляхана иисусм' пюрӈа"" тарем' хонарку"" пыда ханяна мэ ненэцие"" помна пыда нямнанда ӈэда хуркари"" лахарё"" ядэрӈа"""
/Users/air/Downloads/Ненецкие аудио/data/007_84625.34375_95492.84375.wav,"пыда сава ненэць' ханяӈыдо' тарем' лаханорӈа"" ниӈо"" ненэцие хараси"" сиякаха"" тэво"" ла иудейха"" сейто' пинава' нид хибяхарт ӈаркавна нямнанда нись лахан"""
/Users/air/Downloads/Ненецкие аудио/data/007_96117.21875_103373.46875.wav,"хэбидя яля' няби пеляхана иисус хэбидя хардавна ӈадимя ненэцие тохоламба пя иудей"" тэри пысаӈга"" ма"""
/Users/air/Downloads/Ненецкие аудио/data/007_103896.59375_109836.59375.wav,"тохолко"" мада яӈгуси"" ханяд хэбидя падарм' теневада тикы вадахато' иисус тарем' вахалъй"""
/Users/air/Downloads/Ненецкие аудио/data/007_110511.59375_118920.43203696149.wav,"тохолир"" ми нядни ни ӈа"" си""ми ӈэдаравэхэдни ӈа нум' вато' сер' ӈэван' харванахав мань тохолир"" ми нумгад ӈэвамда ӈули"" ӈэбта"
/Users/air/Downloads/Ненецкие аудио/data/007_119075.36738217119_125327.84375.wav,"мань хар""н нядни ӈэда вади ӈэвам' хамэдаӈгуда харта няданда лахананахав харта юндамда пюрӈа"
/Users/air/Downloads/Ненецкие аудио/data/007_125850.96875_132398.46875.wav,"сита ӈэдаравы' юнм' пюртахав ненэся сиякада яӈгу нянда"" моисей ватом' нися та"""
/Users/air/Downloads/Ненецкие аудио/data/007_133039.71875000003_139418.46875000003.wav,"хуркавна ӈо"" хибяхартара"" тикы вато' сер' ниню"" иле"" ӈамгэ си""ми хадаван' харвада"" ненэця"" нянда ма"""
/Users/air/Downloads/Ненецкие аудио/data/007_140245.34375000003_145594.71875.wav,"нянанд ӈылека ни мы"" хибя сит хадаван' харва иисус тикы вадахато' тарем' ма"
/Users/air/Downloads/Ненецкие аудио/data/007_146100.96875000003_155297.84375.wav,"ӈопой сертавы серкадани пыдара"" мал' пысаӈгада""нё"" моисей нянда"" матнава мэсыдм' тась ӈабцакаванда тикы мэсы"" моисейхартахад ни ӈа"""
/Users/air/Downloads/Ненецкие аудио/data/007_155804.09375000003_161305.34375000003.wav,"нисянато'нися нисяхат ӈа пыдахавара"" еврей"" ныланава яляхартахана матнада"" нё"""
/Users/air/Downloads/Ненецкие аудио/data/007_162014.09375_167819.09375.wav,"пыдара"" моисей' ватом' мадавоӈгаданда"" еврей"" ныланава яляхана ненэця"" мана матнада"" нё"""
/Users/air/Downloads/Ненецкие аудио/data/007_168595.34375_175362.21875.wav,"ӈамгэ еврей"" ныланава яляхана хаӈгуртам' ӈарханда савумдавани е""эмня мань няни я""авлыда"""
/Users/air/Downloads/Ненецкие аудио/data/007_176155.34375_184272.21875.wav,"тю""уримна ӈавори' нямна судеӈго ӈэвадэйда"" тадхав ненэся судвана судеӈго пэйда"" ханяӈы"" иерусалим' тер"" тарем' ма"""
/Users/air/Downloads/Ненецкие аудио/data/007_185082.21875_191815.34375.wav,"тикы хадаван' харванадо' ни ӈа"" ти пыда тид"" лахана пыдо' ӈамгэхэртм' нянда ни"" хэтыбю"""
/Users/air/Downloads/Ненецкие аудио/data/007_192726.59375_198615.96875.wav,"сита ерв"" ненэся христосӈэ таславэкы"" пыда ханяд ӈэвахаданда маня"" теневава"" нё"""
/Users/air/Downloads/Ненецкие аудио/data/007_199358.46875_208049.09375000006.wav,"христос' тоб"" нанда ханяд товахаданда хибяхарт ехэраӈгу иисус хэбидя хардахана ненэцие тохоламбаванда сер' ӈаркавна тарем' лахана"
/Users/air/Downloads/Ненецкие аудио/data/007_208724.09375_217380.96875.wav,"си""ми теневавэда"" нё"" ханяд товахадани теневавэда"" нё"" ӈабцакаванда мань хар""н ини сер' товэдм' нидм' ӈа"" си""ми ӈэдаравэми ненэся"
/Users/air/Downloads/Ненецкие аудио/data/007_217920.96875_224738.46875.wav,"пыдахавара"" сита ехэрада"" маньзяв ханяв тенев"" мань няданда ӈэ""нидам' пыда си""ми ӈэдарась "
/Users/air/Downloads/Ненецкие аудио/data/007_225480.96875_233901.59375.wav,"тиканда ненэця"" иисусм' ня""маван' харвадонзь ӈопой ӈобкартадо' ӈудамда нянда ила я""мась тад ӈо"" ӈэсь ӈо"" ёльцянда тамна товдавэйсь"
/Users/air/Downloads/Ненецкие аудио/data/007_234728.46875_245055.96875.wav,"ненэцие"" мандалкад ӈокаюм' пелядо' нянда пунрэйдаць пыдо' тарем' лаханаць христос' тоб"" нанда тюку ненэця' сертавы серкад тамна ӈока ненадо серо сертаӈгудакы"
/Users/air/Downloads/Ненецкие аудио/data/007_245562.21875000003_249252.38626711036.wav," иисус' нямна ӈэда ненэцие"" лахарё"" фарисей"" хаха"" тэвыд"""
/Users/air/Downloads/Ненецкие аудио/data/007_249650.17755888795_256564.71875.wav,"ӈарка"" ханондана"" фарисей"" иисусм' ня""маванзь манзаранидо' ӈэдара"" иисус няндо' тарем' ма"
/Users/air/Downloads/Ненецкие аудио/data/007_257610.96875000003_265154.09375.wav,"нянанда"" мэвани ёльць' тянёмя тадри' си""ми ӈэдаравэхэни хандадм' си""ми иб"" пюрп"" нанда"" си""ми нида"" хоӈгу"""
/Users/air/Downloads/Ненецкие аудио/data/007_265744.71875_275245.34375.wav,"мэсь яхани тось нира"" пират"" тадтикахад иудей"" помнандо' гарем' ма"" пыда ханя' хэванзь пэрпата маня"" сита ховоӈгадна"" тарем' лахананакы"
/Users/air/Downloads/Ненецкие аудио/data/007_276105.96875000006_281809.71875.wav,"еллин ненэцие"" поӈгана иленя няха"" на"" ханданакы еллин ненэцие тохоламбаӈгудакы"
/Users/air/Downloads/Ненецкие аудио/data/007_282400.34375_289748.87726958364.wav,"пыда тарем' лаханабта си""ми пюрп"" нанда"" си""ми нида"" хоӈгу"" мэсь яхани тось нира"" пират"" тикы вадида ханзер"" хамэдаб"" сава"""
/Users/air/Downloads/Ненецкие аудио/data/007_290156.4396001043_299697.21875000006.wav,"хэбидя яля' пудана яляхана сямян ӈарка яляхана иисус нулкая ӈарка"" явана вахалъй"" хибя идарман' харва няни тоя идарӈая"
/Users/air/Downloads/Ненецкие аудио/data/007_300287.84375000006_307139.09375.wav,"хэбидя падаркана падвы вади"" сер' няни пунрёда сёнзяхаданда иленя ид' яха"" хурнаӈгу"" "
/Users/air/Downloads/Ненецкие аудио/data/007_307746.59375000006_312201.59375.wav,"иисус нянда пунравы"" ненэцие"" хэбидя индадм' ня""мава' нямна лаханась"
/Users/air/Downloads/Ненецкие аудио/data/007_312842.84375000006_318192.21875.wav,"иисус' юн тамна ӈармадавэйсь ӈадьбята хэбидя инд"" ненэцяӈг"" ниць тэв"""
/Users/air/Downloads/Ненецкие аудио/data/007_318749.09375000006_326106.59375.wav,"ненэцие"" мандал' поӈгана мэни"" ханяӈыдо' иисус' вади намда тарем' ма"" пыда ненэся тикы нум' вади вадета"
/Users/air/Downloads/Ненецкие аудио/data/007_326882.84375_333632.84375.wav," ханяӈэхэв"" тамна тарем' лахана"" тюкохов христос тамна ӈани ханяӈэхэв"" тарем' лаханорӈа"""
/Users/air/Downloads/Ненецкие аудио/data/007_334257.21875000006_342205.34375.wav,"галилея яхавахад христос тось пиртада хэбидя падаркана тарем' нися паду"" христосхав давид' паӈгхад ни ӈэӈгу"""
/Users/air/Downloads/Ненецкие аудио/data/007_342829.71875000006_350929.71875.wav,"вифлеем хардахад давид' иле мэ""мы яхад ни тут"" та' ёльцьӈгана ненэцие"" мандал"" иисус' нямна тасалкодахандо'"
/Users/air/Downloads/Ненецкие аудио/data/007_351537.21875_359080.34375.wav,"вадидо' тодо' я""мана хая"" ханяӈы"" ненэцяӈгав"" сита ня""маван' харва"" ӈопой ӈобкартадо' нянда ӈудамда ила я""ма"
/Users/air/Downloads/Ненецкие аудио/data/007_359940.96875_369644.09375.wav,"манзаранидо' ӈарка ханонданаха"" фарисейха"" то""махадандо' няби"" сиддо' хонрамба пя"" ӈамгэ нира"" тэвра"" манзаранидо' ма"""
/Users/air/Downloads/Ненецкие аудио/data/007_370352.84375_376444.7187500001.wav,"тикы ненэця' тотрев' хуна сяхаӈгарт' ӈобкарт хибяхарт тарем' нись лахан"" фарисей"" няндо' тарем' ма"""
/Users/air/Downloads/Ненецкие аудио/data/007_377052.21875_382576.2041397787.wav,"пыдахартара"" ӈани' нельтерейда"" ненэцие"" ӈарктахат фарисейхат нянда пунрана таня"
/Users/air/Downloads/Ненецкие аудио/data/007_382844.0373130314_388194.64302105707.wav,"тикы ненэцие"" мандалкав"" ӈамгэхэртм' ватохона ни"" хамэдамбю"" пыдо' мэтравы"" "
/Users/air/Downloads/Ненецкие аудио/data/007_388509.151845498_395783.46875.wav,"фарисей"" поӈгана никодимам' нюбета ненэць' танявы пыда ӈахат иисусан' ханцеты пыда фарисейха"" тарем' ма"
/Users/air/Downloads/Ненецкие аудио/data/007_396323.46875_405486.59375000006.wav,"ненэцям' тасалковдавэй' ватохонана"" судеба серо"" ӈа нюрте"" э' няданда вадида намд"" махад ӈамгэм' серта"" мамда тасла ни тара"""
/Users/air/Downloads/Ненецкие аудио/data/007_409924.71875_419475.9687500001.wav,"хэбидя падарм' сомбовна манэт тикахана манэтар нум' вади вадета галилеяхад ни тут"" тикы вади"" пуд мал' мядо"" манато' хая"""
/Users/air/Downloads/Ненецкие аудио/data/012_3068.46875_7000.343750000001.wav,"пасха' мат"" яля' нерцюна иисус вифаниян' то"
/Users/air/Downloads/Ненецкие аудио/data/012_7540.34375_13047.344939470791.wav,"таняна иисус' илебтевы лазарь илевы таняна иисус' е""эмня лата тольм' хамэдавы"""
/Users/air/Downloads/Ненецкие аудио/data/012_13354.658302623497_19386.59375.wav,"марфа ненэцие манзая"" ӈа иисус' хэвхана мэна ненэцие"" поӈгана мэвы ӈобто' лазарь ӈэвы"
/Users/air/Downloads/Ненецкие аудио/data/012_19892.84375_28431.59375.wav,"марияхав тацьда мирета нардм' нюбета юрм' литр' пелям' иисус' ӈэхэ"" масарӈада тадтикахад харта ӈэбтхананда тэ""йда"
/Users/air/Downloads/Ненецкие аудио/data/012_29039.093750000004_38219.09375.wav,"тикы' пуд мята мюй ё""йда юр' ӈабтхана паны"" ӈоб"" тохоламбадада кариот' тер иуда вад' иисусм' хусараванда тарем' ма"
/Users/air/Downloads/Ненецкие аудио/data/012_39029.09375_45188.46875000001.wav,"тюку юрм' няхар"" юр"" динарийхана мирдаць савасянё"" недва"" мы есь маӈгбадаха"" митертыдаць "
/Users/air/Downloads/Ненецкие аудио/data/012_45981.59375_52832.84375.wav,"тикы вадида маӈгбади сянзь хэтвыда ни ӈа"" пыда талей ӈэвы нянанда ма""ламбади"" есь"" ларасаком' минармы"
/Users/air/Downloads/Ненецкие аудио/data/012_56072.84375_63008.46875000001.wav,"иисусхав маси"" нёр пэр"" пыдахавада ё""йда юре мань си""ми сюрпава яля' е""эмня лэтмбавыда"
/Users/air/Downloads/Ненецкие аудио/data/012_63666.59375_72930.96875.wav,"маӈгбадахав"" ӈоб' нянанда"" мэӈгу"" маньзяв нянанда"" пили"" нидм' мэӈгу"" иудей"" поӈгад ӈока ненэця"" иисус' тикахана мэвам' намда"""
/Users/air/Downloads/Ненецкие аудио/data/012_73774.71875_79673.46596645298.wav,"пыдо' иисусрин' ни"" ту"" яӈор' илебтевэхэнда лазарян' сырманзь ӈани' то"""
/Users/air/Downloads/Ненецкие аудио/data/012_80051.50023346819_87584.07364139655.wav,"лазарь' илело"" мам' манэсо"" махадандо' иудей"" поӈгад ӈока ненэця"" иисусан' турӈа"" тадтикахад нянда пунраӈга"""
/Users/air/Downloads/Ненецкие аудио/data/012_87804.81738584152_98344.71875.wav,"ӈадьбято' ӈарка ханондана"" лазарьм' ӈани' хадаван' харбиладо' нябимдей яляхана хэбидя ялян' товы"" ӈарка"" я ненэцие"" мандал"" иисус' иерусалиман' товам' намда"""
/Users/air/Downloads/Ненецкие аудио/data/012_99239.09375_107440.34375.wav,"пыдо' пальмам' нюбета пи"" мали ханахая иисус' нерняд ялъяд"" тарем' тюры"" ӈа"" осанна"
/Users/air/Downloads/Ненецкие аудио/data/012_111996.59375_120535.34375.wav,"израиль' параӈода' ялэда сава"" ӈэя"" хэбидя падаркана тарем' пады сион' не ню сеяр нёя пин"" параӈодар ти"
/Users/air/Downloads/Ненецкие аудио/data/012_121210.34375_130609.71875000001.wav,"нянд миндя илебей ха ямб юно' ниня пыда ӈамды тикы вади"" сер' иисус илебей ха ямб юном' хо ниндя ӈамды"""
/Users/air/Downloads/Ненецкие аудио/data/012_131250.96875_136529.22162157323.wav,"тохоламбадида нюрте"" э' тикым' нидо' хамэда"" иисус' юнда ӈарво"" марихид"
/Users/air/Downloads/Ненецкие аудио/data/012_136836.56862683105_143539.19325880177.wav,"тикы нямнанда падвы ӈэвам' тадтикахад тикы вади"" сер' ханзер"" ненэцие"" сита пэрмам' тензибте"""
/Users/air/Downloads/Ненецкие аудио/data/012_143920.29064917748_152378.46875.wav,"иисус' лазарьм' пэмбкад ханзь илебтева' мальӈгана тикахана нянанда мэвы"" ненэця"" манэ"" мэмдо' ӈани ненэцяӈг"" ваде"" ӈадо'"
/Users/air/Downloads/Ненецкие аудио/data/012_152918.46875000003_159473.19861542145.wav,"иисус' ненадо серм' сертавам' намдвандо' сер' ӈока ненэця"" ӈадьбято' сита неранда няд ядабтаць"
/Users/air/Downloads/Ненецкие аудио/data/012_159649.61027034963_167717.84375.wav,"фарисейхав"" помнандо' тарем' лаханорӈа"" манэ"" ӈара"" ӈамгэхэртм' нива"" сапдамбю"" хусувэй я' тир' ненэць' пумнанда яда"
/Users/air/Downloads/Ненецкие аудио/data/012_168544.71875000003_173961.59375000003.wav,"хэбидя яляхана нумд' туё"" манзь товы"" поӈгана ханяӈыдо' еллин ненэця"" ӈэвы"""
/Users/air/Downloads/Ненецкие аудио/data/012_174535.34375_183580.34375000006.wav,"пыдо' галилея яхана ӈэда вифсаида' тер филиппан' то"" сита хынумба ма"" ервэй маня"" иисусм' манэ"" ман' харвава"" "
/Users/air/Downloads/Ненецкие аудио/data/012_184424.09375000006_192152.84375.wav,"филиппхав андреян' хая тикым' нянда ваде"" ӈада тикы' пуд андрейха' филиппха' тикы вади иисусан' ваде"" яди'"
/Users/air/Downloads/Ненецкие аудио/data/012_192709.71875_201315.96875.wav,"иисусхав нянди' ма""нив' ненэця' нюӈэ нюмдебада' юнда ӈарк"" ма' ёльць' то ненэся ненэся нянда"" мадм'"
/Users/air/Downloads/Ненецкие аудио/data/012_201872.84375_207104.09375.wav,"нянь' ӈув' сэв' ян' мантэ"" махаданда ниб"" нанда ха"" ялнда ӈопой ӈэӈгу"
/Users/air/Downloads/Ненецкие аудио/data/012_207981.59375_212100.04535602656.wav,"хахаваб"" нанда ӈока нянь' ӈуво"" сэв тэвраӈгу"
/Users/air/Downloads/Ненецкие аудио/data/012_212412.0831498665_218859.6156208516.wav,харта иламда сяндахав харта иламда ёта тюку я' тиркана харта иламда сэхэданахав
/Users/air/Downloads/Ненецкие аудио/data/012_218938.92029450447_225970.34375.wav,"малсяда иланд' тэвванда ӈэсонд' иламда лэтмбаӈгуда хибяхав е""эмняни манзарана пумнани тобта тара"
/Users/air/Downloads/Ненецкие аудио/data/012_226510.34375_234779.09375.wav,"мэсь' яханани мань манзаранами ӈани' мэӈгу хибя мань е""эмняни манзара тикым' нисями тю""у' мэӈгуда "
/Users/air/Downloads/Ненецкие аудио/data/012_235437.21875000003_242069.09375.wav,"сёнзяни мюй хэӈгосялма мань ха""мандадм' мань нисяв ёльцянда таль' си""ми ӈэдара"""
/Users/air/Downloads/Ненецкие аудио/data/012_242862.21875_252582.21875.wav,"тарем' ӈо"" тикы' е""эмня тикы ёльцянд' мань тодамзь мань нисяв нюмл ӈаркамда"" тадтикахад нув' нярахад вабц со"
/Users/air/Downloads/Ненецкие аудио/data/012_253712.84375_261644.09375000003.wav,"ӈаркамдавась ӈани' ӈаркамдаӈгув тикахана нувы"" ненэця"" тарця вади намд"" махадандо' тарем' ма"" тикы хэхэ' мун"""
/Users/air/Downloads/Ненецкие аудио/data/012_262420.34375_270537.21875.wav,"ханяӈэхэбидо' тарем' лахана"" нув' юне ядэлана нянда лаханась иисус тикы вадаха"" тарем' ма"
/Users/air/Downloads/Ненецкие аудио/data/012_271397.84375_278282.84375000006.wav,"тикы вабц мань е""эмняни нись су"" пыдара"" е""эмнянда"" сось тедахав' тюку я' тирм' судева' ёльць'"
/Users/air/Downloads/Ненецкие аудио/data/012_278907.21875_288188.46875.wav,"теда' я' тир' ерв хэвня' питармы ӈэӈгу мань' яхад тю""у' пее"" раб"" нани ненэцие мал' няни хахаялтеӈгун "
/Users/air/Downloads/Ненецкие аудио/data/012_288914.09375_295512.21875000006.wav,"тикы вадида иисус' ханзер"" хаванда нямна ӈаць ненэця"" нянда ма"" маня"" ватоход тарця вади намдава"""
/Users/air/Downloads/Ненецкие аудио/data/012_296085.96875_304320.96875.wav,"христос ӈоб' иле пыдар ханзер"" нум' нюӈэ нюмдебадам' тю""у' илавандаӈэ ваде"" ӈар нум' нюӈэ нюмдебада хибя"
/Users/air/Downloads/Ненецкие аудио/data/012_304860.96875000006_314294.09375.wav," тиканда иисус няндо' ма яля' нянанда"" танява ӈули"" тянё пэвдя сидда"" талмадавоӈгад яля' таняван' ядэрӈада"""
/Users/air/Downloads/Ненецкие аудио/data/012_315053.46875000006_319575.96875.wav,"тиканда пэвдяхана ядэртахав ханя' ядвахаданда ехэра"" нив'"
/Users/air/Downloads/Ненецкие аудио/data/012_320183.46875000006_328857.21875.wav,"яля' нянанда"" таняван' ялян' пунрыда"" яля' нюда"" ӈада"" тикы вадида хэт"" махаданда иисус хэвняку' хая тэри"
/Users/air/Downloads/Ненецкие аудио/data/012_329430.96875000006_337227.21875.wav,"нядандо' юху иисус' сяӈокари ненадо серо няндо' манэ"" лабтаб"" ӈод"" пыдо' хуркавна ӈо"" нянда ни"" пунрю"""
/Users/air/Downloads/Ненецкие аудио/data/012_337767.21875000006_346980.96875000006.wav,"нум' вади вадета исайя тарем' мамы нум' ервав хибя маня"" нядана"" намдвэхэ"" пунраса хибян' нум' ерв' ӈуда ӈадимза"
/Users/air/Downloads/Ненецкие аудио/data/012_347689.71875_355874.09375000006.wav," тюку мэ""мы вадида явнандо' хэбто' тара пыдо' иисусан' пунра нидонзь пирас"" тад ӈо"" исайя ӈани' тарем' мась"
/Users/air/Downloads/Ненецкие аудио/data/012_356397.21875000006_365475.9687500001.wav,нум' ненэцие сэвсялмдевыда сейдо' пэӈэ сертавыда сэвханандо' маниенадо' яӈгу сейханандо' хамэдамбададо' яӈгу
/Users/air/Downloads/Ненецкие аудио/data/012_370217.84375_378689.09375.wav,"тюку вадида исайя иисус' юнм' манэсо"" махаданда иисус' нямна ваде"" мыда ерво"" поӈгад ӈока ненэць' иисусан' пунрабто' ӈод"""
/Users/air/Downloads/Ненецкие аудио/data/012_379195.34375_385871.4400254808.wav,"фарисейха"" сейто' пинава' нид ма""люӈгалава мякад сиддо' питармоӈгад тид"" нивы"" лахан"""
/Users/air/Downloads/Ненецкие аудио/data/012_386178.93790611095_392762.84375.wav,"тад ӈо"" пыдо' ненэця' юнм' нум' юнхад саць мэневэдо' иисусхав ӈаркавна вахалъй"""
/Users/air/Downloads/Ненецкие аудио/data/012_393488.46875_398449.7187500001.wav,"няни пунрёда няни ни пунрю"" си""ми ӈэдаравэхэни пунры"
/Users/air/Downloads/Ненецкие аудио/data/012_399006.59375_407504.05363328574.wav,"си""ми маниена мань си""ми ӈэдаравэми мание хусувэй няни пунрёда пэвдяхана хаёвоӈгад мань я' тирт' яляӈэ тодамзь"
/Users/air/Downloads/Ненецкие аудио/data/012_412000.34375_418345.34375.wav,"мань нив судеӈгу"" маньди я' тирм' судеванзь нидамзь ту"" я' тирм' ӈэдаванзь тодамзь"
/Users/air/Downloads/Ненецкие аудио/data/012_418868.46875_427892.3321013421.wav,"си""ми волтамбадахав вадини сейханда ниня ня""марпадахав харта сита судевндада таня мань тюку хэтвы вадами пудана яляхана сита судеӈгу"
/Users/air/Downloads/Ненецкие аудио/data/012_428194.73373618274_438624.5938502295.wav,"тад ӈо"" тюку вадини хар""н нядни нин хэтыбю"" си""ми ӈэдаравы нисяхадани хэтыбадани пыда няни ӈамгэм' хэтвани нямна ӈамгэм' ваде"" мани нямна табеком' тась"
/Users/air/Downloads/Ненецкие аудио/data/012_439048.1678436185_446577.21875.wav,"мань тенева пыда табекода малсяда ил' тадхав ханзер"" нисями няни лаханаса мань тарем' нянда"" лаханадм' "
/Users/air/Downloads/Ненецкие аудио/data/015_2916.59375_9514.71875.wav,мань ненэся виноград пядм' нисяхавами виноград пи вадабада мань нядни переня
/Users/air/Downloads/Ненецкие аудио/data/015_13379.093750000004_22221.59375.wav,"ӈодям' ва дабадахав тамна ӈока ӈодянда ӈэва' е""эмня хусувэй пя' таркам' нярумдамбида пыдара"" нянда"" ваде"" мы вадаха"" нани"
/Users/air/Downloads/Ненецкие аудио/data/015_22795.34375_31199.093750000004.wav,"мале нярумдавэда"" нянани мэда"" мань ӈо"" нянанда"" мэӈгудм' ӈодя' пя' таркада виноград пяхана ниб"" нанда ӈа"""
/Users/air/Downloads/Ненецкие аудио/data/015_32144.093750000004_38505.96875.wav,"харта ӈодям' ӈадимде нида пирас"" нянани ниб"" нанда"" мы"" пыдара"" ӈани' тарцяда"" ӈэӈгуда"""
/Users/air/Downloads/Ненецкие аудио/data/015_39045.96875_44969.09375.wav,"мань виноград пядм' пыдахавара"" пя' таркада"" хибя нянани мэ мань тикахана мэдм'"
/Users/air/Downloads/Ненецкие аудио/data/015_45492.21875_51752.84375.wav,"нянани мэнахав ӈока ӈодям' тамби тад ӈо"" пыдара"" маньсиципой"" ӈамгэхэртм' серта нида"" пирас"""
/Users/air/Downloads/Ненецкие аудио/data/015_52292.84375_57254.09375.wav,нянани ниня мэнахав хэвня' мовы пя' таркадарев' сэбэймда
/Users/air/Downloads/Ненецкие аудио/data/015_57810.96875_63177.21875.wav,"тарця пи"" таркахаби ненэця"" ма""лахая тун' моёпасетыдо' тухуна параӈга"""
/Users/air/Downloads/Ненецкие аудио/data/015_63750.96875000001_72610.34375.wav,"пыдара"" мань нянани мэбта"" вадини нянанда"" ӈэбто' тикахана ӈамгэн' харвада"" тикым' хаӈада"" тарцядамда"" ня""маӈгуда"""
/Users/air/Downloads/Ненецкие аудио/data/015_73217.84375_80575.34375.wav,"ӈока ӈодям' тэврана ӈэбта"" тадтикахад мань тохоламбади"" ни ӈэб"" нанда"" тикахана нисяни юнм' ӈармдаӈгура"""
/Users/air/Downloads/Ненецкие аудио/data/015_81233.46875_84996.59375.wav,"ханзер"" нисями мань си""ми мэне мань тарем' сидда"" мэнедм'"
/Users/air/Downloads/Ненецкие аудио/data/015_85519.71875000001_91224.79142323756.wav,"пыдара"" мань мэнебцохонани мэда"" нисяни табеку нёракуць мэнебцохонанда мэдм'"
/Users/air/Downloads/Ненецкие аудио/data/015_91641.63314859149_96285.96875.wav,"пыдара"" ӈо"" мань табекони нёракуп"" нанда"" мань мэнебцохонани мэӈгуда"""
/Users/air/Downloads/Ненецкие аудио/data/015_96977.84375_103419.45225749431.wav,"маймбабцоми нянанда"" ӈэва' е""эмня сейда"" маймбабцохона пан"" ма' е""эмня тюку вадини хэтыбин"
/Users/air/Downloads/Ненецкие аудио/data/015_103738.50970038341_112874.09375.wav,"мань табекоми тарця мань сидда"" ханзер"" мэнедм' нида"" тарем' мэнейда"" ӈани нита е""эмня иламда митя' мэнебцоход ӈарка мэнебцо яӈгу"
/Users/air/Downloads/Ненецкие аудио/data/015_113397.21875_119269.71875.wav,"мань нянда"" табэдамбада табекуни нёракуквабта"" сава нини ӈэ""нида"" ам'"
/Users/air/Downloads/Ненецкие аудио/data/015_119944.71875_126416.54001132309.wav,"сидда"" мань мале хабиӈэ нидм' нюмдебю"" тад ӈо"" хабихав ерванда ӈамгэм' пэрмахад ерме"
/Users/air/Downloads/Ненецкие аудио/data/015_126802.28173313958_132837.21875.wav,"нисяхадани намдавы сямян ӈамгэм' нянда"" мале ваде"" ян ӈадьбя"" ни сидда"" сава нядни ваде"" ӈадм'"
/Users/air/Downloads/Ненецкие аудио/data/015_133529.09375000003_142725.8270851624.wav,"пыдара"" си""ми нидаць тэра"" мань сидда"" тэрадамзь я' тирмна хэсь ӈоди тамбаванда"" е""эмня ӈодита"" ӈоб' танява' е""эмня сидда"" ӈабтадамзь"
/Users/air/Downloads/Ненецкие аудио/data/015_143244.4882973467_149486.54494851112.wav,"тиканда нисяхадани мань нюмми няд"" мяць ӈамгэ тикым' хамбата"" нисями нянда"" тата"
/Users/air/Downloads/Ненецкие аудио/data/015_149991.563963776_158824.71875000003.wav,"нянда"" тарем' табекудм' нида"" мэнейда"" я' тир' тер"" сидда"" сэхэдабто' теневабата"" сава неранда"" няд мань си""ми сэхэда пяць"
/Users/air/Downloads/Ненецкие аудио/data/015_159584.09375000003_166728.6157242192.wav,"пыдара"" я' тиркад ӈэвы ӈэбта"" я' тиркав харта ӈамгэмда мэнеӈгудась пыдахавара"" я' тиркад нида"" ӈа"""
/Users/air/Downloads/Ненецкие аудио/data/015_167120.24236266888_175075.34375.wav,"мань я' тир' терхат сидда"" тэрадамзь ӈадьбято' я' тир' тер"" сидда"" сэхэда"" нянда"" хэтвы вадини тенейда"""
/Users/air/Downloads/Ненецкие аудио/data/015_175699.71875000003_182871.59375.wav,"хаби ервахаданда ӈарка ни ӈа"" ненэця"" мань си""ми питарпиць пыдара"" сидда"" ӈани' питарпаӈгу"""
/Users/air/Downloads/Ненецкие аудио/data/015_183377.84375_188239.6509430561.wav,"пыдо' мань вадини нёраку"" мы"" ӈэбто' тиканда пыдара"" вадида"" ӈани' нёракутыдо'"
/Users/air/Downloads/Ненецкие аудио/data/015_188785.1236332129_195629.09375.wav,"пыдонди мань нюмни е""эмня тикы ӈамгэ мал' нянда"" сертаӈгудо' ӈабцакавандо' пыдо' си""ми ӈэдаравэми ехэра"""
/Users/air/Downloads/Ненецкие аудио/data/015_196304.09375_200708.46875.wav,"мань я' тирт' нивы ӈэб"" ни ту"" няндо' вадини нивы ӈэб"" ни вадес"""
/Users/air/Downloads/Ненецкие аудио/data/015_201434.09375_209078.46875.wav,"хэбяхадо' нянандо' яӈгудась тедахав' хэбяхамдо' таялць нидо' пирас"" си""ми сэхэдана нисями ӈани' сэхэдада"
/Users/air/Downloads/Ненецкие аудио/data/015_209837.84375_216452.84375000003.wav,"ӈобкарт ненэць' нивы сертабавы серо поӈганандо' нивы ӈэб""ни сертабю"" хэбяха нянандо' яӈгудась"
/Users/air/Downloads/Ненецкие аудио/data/015_216975.96875_224552.84375.wav,"тедахав' харто' сырмы ӈэбто' ӈод"" си""ми сэхэда"" нисями сэхэда"" ӈабцакавандо' пыдо' ватохонандо'"
/Users/air/Downloads/Ненецкие аудио/data/015_225126.59375_231649.50942182582.wav,"падвы тюку вада"" хуркаси"" хараси"" си""ми сэхэдалӈа"" мал' ӈадимбато' тара"
/Users/air/Downloads/Ненецкие аудио/data/015_231649.50942182582_239402.84375.wav,"сёнзям' таӈгумдамбадам' нисяхадани нянда"" ӈэдараӈгудм' пыда ненэся' инд"" нисяхадани ӈэда инд"""
/Users/air/Downloads/Ненецкие аудио/data/015_243790.34375_250709.09375.wav,"сямян нюрте"" эхэд нянани мэдаци"" ӈадьбята"" пыдара"" ӈобтарем' мань нямнани явнанда лаханаӈгуда"" "
/Users/air/Downloads/Ненецкие аудио/data/018_4823.46875_10442.843750000002.wav,"вадида хэт"" махаданда иисус тохоламбадида няць кедронм' нюбета тэл' тяха' хая"
/Users/air/Downloads/Ненецкие аудио/data/018_11219.093750000004_15893.46875.wav,"таняна ӈоди"" пи"" вадюлава танявы пыда тохоламбадита ня' таня' пакалъяд"""
/Users/air/Downloads/Ненецкие аудио/data/018_16467.21875_24538.90789893838.wav,"тикы яхана иисус тохоламбадита ня' ӈоб' ма""люрцеты"" ӈадьбята ӈо"" сита хусаравы иуда тикы ям' ӈани' теневадась"
/Users/air/Downloads/Ненецкие аудио/data/018_24902.868944009377_33974.29786141915.wav,"иуда саю"" мандалм' ӈарка ханондани"" фарисей"" манзарани няць тикы ян' то пыдо' серекабт ту' лэё мирв ня""амба то"""
/Users/air/Downloads/Ненецкие аудио/data/018_34358.88710597602_40429.71875.wav,"иисусхав хусувэй ӈамгэ нямнанда хадкэвахад тенева тарпы"" няндо' ма"
/Users/air/Downloads/Ненецкие аудио/data/018_41003.46875_48951.59375.wav,"хибям' пюрӈада"" пыдо' нянда ма"" назарет' тер иисусм' пюрӈава"" иисус няндо' ма мань тидм'"
/Users/air/Downloads/Ненецкие аудио/data/018_49862.84375_57119.09375000001.wav,"лаханани"" поӈгана сита хусаравы иуда ӈобтарем' ну иисус няндо' мано"" махад мань тидм' пыдо' пуня' мэдо'"
/Users/air/Downloads/Ненецкие аудио/data/018_58013.46875_62249.09375.wav,"пулыто' ни' ха""мыд"" иисус ӈани' хонрэйда хибям' пюрӈада"""
/Users/air/Downloads/Ненецкие аудио/data/018_63261.59375_71445.96875.wav," пыдо' ма"" назарет' тер иисусм' пюрӈава"" иисус няндо' ма мань нянда"" мадамзи"" мань тидм'"
/Users/air/Downloads/Ненецкие аудио/data/018_72002.84375000001_78195.96875.wav,"си""ми пюркавабта"" нини таня хэя"" хэтвы вадита ӈадима' е""эмня пыда тарем' мась"
/Users/air/Downloads/Ненецкие аудио/data/018_78854.09375_87460.34375.wav,"вадада тарцясь няни тавэхэтат ӈобкартамдо' нидамзь ёс"" симон пётркав' палыда танявы палымда нэкалкая"
/Users/air/Downloads/Ненецкие аудио/data/018_88034.09375000001_91645.34375.wav,ӈарка ханондана' хабим' лада тика вэняӈы хамда сапа
/Users/air/Downloads/Ненецкие аудио/data/018_92219.09375_102339.29951256684.wav,"тикы хаби нюмда малх ӈэвы иисус пётарт' ма палыр сеӈганда паклед нисяни тавы хыдяхад ӈэрмандами ӈэрпа"" ни вэвав'"
/Users/air/Downloads/Ненецкие аудио/data/018_102616.14798162409_112519.71875.wav,"тадтикахад саю"" мандал"" ёнар"" саю' ерв иудей"" манзарана"" иисусм' ня""мадо' сярадо' нюрте"" э' сита аннан' хана"""
/Users/air/Downloads/Ненецкие аудио/data/018_113160.96875_120332.84375.wav,тикы ненэць' каиафа' пухуця' нися ӈэвы каиафахав тикы по' ӈарка ханонданаӈэ таравы
/Users/air/Downloads/Ненецкие аудио/data/018_120839.09375_128002.43903485725.wav,"каиафа иудейха"" тарця и' ӈудм' хэтвы ӈока ненэцие"" екававна ӈопой ненэць' хабта сава "
/Users/air/Downloads/Ненецкие аудио/data/018_128399.87551349995_134710.34375000003.wav,"иисус' пумна симон пётр ялъй"" тадтикахад ӈани ӈопой тохоламбадада ӈани' пумнанда хая"
/Users/air/Downloads/Ненецкие аудио/data/018_135267.21875_142962.21875.wav,тикы иисус' тохоламбадахавм' ӈарка ханондана теневавэда пыда иисус' сер' ӈарка ханондана' маряд' мю' тю
/Users/air/Downloads/Ненецкие аудио/data/018_146505.96875000003_154939.38470049977.wav,"тикы' пуд ӈарка ханонданам' теневана иисус' тохоламбада тарпы"" нё' сим' лэтмбада не хабихина лаханакуро"" махаданда пётарм' тюледа"
/Users/air/Downloads/Ненецкие аудио/data/018_155233.98110190075_163566.59375.wav,"нё' сим' лэтмбада не хаби пётарт' вахалъй"" такы ненэця' ӈоб"" тохоламбадада нин ӈа"" пётр тарем' ма нидм' ӈа"""
/Users/air/Downloads/Ненецкие аудио/data/018_164089.71875_172898.46875.wav,"тецьванда нид манзарана"" хаби"" тум' пятавы"" ту' хэвхана нусь пыхыдадо' юдаби"" пётр ӈани' хэвханандо' нусь пыхыдамда юдабида"
/Users/air/Downloads/Ненецкие аудио/data/018_173522.84375000003_179361.59375.wav,ӈарка ханонданахав иисусм' тохоламбадита нямна тадтикахад ӈамгэ' нямна сиддо' тохоламбавамда хонрамби
/Users/air/Downloads/Ненецкие аудио/data/018_180002.84375_185175.6189118817.wav,"иисус нянда тарем' ма мань тидпой"" я' тир' терк"" лаханадамзь"
/Users/air/Downloads/Ненецкие аудио/data/018_185595.18206083655_192912.21875.wav,"иудей"" ӈобт' ма""люрма' яха""на ма""люӈгалава мяд' мюня хэбидя хардахана ӈоб' тохоламбасетын"
/Users/air/Downloads/Ненецкие аудио/data/018_193553.46875_201366.59375.wav,"талехэва няндо' ӈамгэхэртм' нидм' вадецету"" ӈамгэ си""ми хонрамбин ӈамгэм' вадесо"" мами намдормэхэт хонрад"
/Users/air/Downloads/Ненецкие аудио/data/018_201889.71875_212194.0837496813.wav,"ӈамгэм' вадесо"" махадани пыдо' тенева"" тикы вадида хэт"" махаданда хахая хэвхананда нувы ӈопой манзаранадо' иисусм' падухунда питарӈада тадтикахад тарем' ма"
/Users/air/Downloads/Ненецкие аудио/data/018_212583.1690832258_220547.5047814569.wav,"ӈамгэ тарем' ӈарка ханонданан' лаханан иисус нянда ма вэнзер' лаханавы ӈэб"" нани вэнзер' лахана"" мами хэтдава"
/Users/air/Downloads/Ненецкие аудио/data/018_220916.9472541319_229471.3191223556.wav,"сававна лаханавы ӈэб"" нани ӈамгэ' е""эмня си""ми ладыбин анна сяро"" мы иисусм' каиафам' нюбета ӈарка ханонданан' ӈэдарада"
/Users/air/Downloads/Ненецкие аудио/data/018_229836.60095051772_237225.96875.wav,"симон пётркав тамна ту' хэвхана нусь пыхыдамда юдаби ненэця"" сита хонра"" пыдар ӈоб"" пыда тохоламбадада нин ӈа"""
/Users/air/Downloads/Ненецкие аудио/data/018_237765.96875_248015.11150257484.wav," пётр пыхыдамда пуня' таялпа вахалъй"" нидм' ӈа"" ӈарка ханондана' ӈоб"" хабида пётарт' ма ӈоди"" пи"" вадюлава яхана иисус' хэвхана мань сит нисядм' манэс"""
/Users/air/Downloads/Ненецкие аудио/data/018_248448.81502188288_258176.93601879763.wav," тикы лаханана хаби' ня' хам' пётр палыхына сападась пётркав ӈани' таялы таминда ӈо"" тикы' пуд харад хоркы тёрей"""
/Users/air/Downloads/Ненецкие аудио/data/018_258490.02260598156_264947.0832697636.wav,"иудей"" каиафахад иисусм' рим' ерв' ервода марят' ханадо' хубтыхы ӈэвы"
/Users/air/Downloads/Ненецкие аудио/data/018_265328.6687313651_271752.21875.wav,"пыхыдадо' сяблавоӈгад пасха хэбидя яля' ӈаварм' ӈамандо' е""эмня пыдо' маряд' мю' ни"" тю"""
/Users/air/Downloads/Ненецкие аудио/data/018_272393.46875_282888.86630956706.wav,"пилат няндо' тарпы"" тарем' хонарку тюку ненэцям' ӈамгэ' е""эмня вомдартамбира"" пыдо' нянда ма""вэвако ненэць' нивы ӈэбта ӈа"" нянд вунзява"" тэвраӈгу"" "
/Users/air/Downloads/Ненецкие аудио/data/018_283294.3232964587_291651.66454747866.wav,"пилат няндо' ма нянанда"" ханара"" харта"" серота"" сер' судера"" иудей"" вахалъяд"" маня"" нянана"" хибяхартм' хада ни серос"" "
/Users/air/Downloads/Ненецкие аудио/data/018_292114.4535277462_298158.76520326774.wav,"иисус ханзер"" хавамда вадеца хэтвы вадита сер' ӈэванда е""эмня пыдо' ӈадьбято' тарем' маць"
/Users/air/Downloads/Ненецкие аудио/data/018_298638.5670352191_303944.799721252.wav,тикы' пуд пилат марьта мю' ӈани' тю иисусм' нянда хаӈада хонрада
/Users/air/Downloads/Ненецкие аудио/data/018_304460.9695752012_310244.09375000006.wav,"пыдар иудей"" параӈодан иисус нянда ма тикы вадид харт няданд хэтыбадид ни"" ӈа"""
/Users/air/Downloads/Ненецкие аудио/data/018_310784.09375_315711.59375.wav,"ӈули"" ӈани"" хибяри"" мань нямнани нянд лаханавэкы"" пилат тикы вадахата тарем' вахалъй"""
/Users/air/Downloads/Ненецкие аудио/data/018_316268.46875_321280.34375000006.wav,"мань иудейдм' пыдар янд тер"" ӈарка ханондани няць няни сит таць"
/Users/air/Downloads/Ненецкие аудио/data/018_321820.34375_327557.84375.wav,"ӈамгэм' хадкэпясан иисус ма мань параӈодадавами тюку я' тиркад ни ӈа"""
/Users/air/Downloads/Ненецкие аудио/data/018_328317.21875_335021.2874693365.wav,"тюку я' тиркад ӈэвы ӈэбта манзаранини мань си""ми иудей"" ервха"" ми""моӈгадандо' нися"" ам' пёдаӈгу"""
/Users/air/Downloads/Ненецкие аудио/data/018_335387.26526200114_345065.10924038343.wav,"тедари' мань параӈодадавами тюкоход ни пере"" пилат нянда ма пыдар параӈоданава иисус ма пыдар тарем' мананё"" мань параӈодадм'"
/Users/air/Downloads/Ненецкие аудио/data/018_345290.7632048458_352499.09375000006.wav,маньзяв ненэсям' ӈадимдеванзь соядамзь я' тирт' тодамзь ненэсяхад ӈэда хусувэй хибя мань вабцами намдорӈа 
/Users/air/Downloads/Ненецкие аудио/data/018_353055.96875000006_363214.71875.wav,"пилат нянда ма ненэся тикы ӈамгэ тикы вадида хэт"" махаданда иудейха"" ӈани' тарпаванда сер' вахалъй"" маньзяв тюку ненэцяӈгана ӈамгэхэрт вэвам' нидм' манэс"""
/Users/air/Downloads/Ненецкие аудио/data/018_363788.4687500001_369034.8634774654.wav,"пасха хэбидя яляхана пыдара"" нянда"" мань ӈоб"" ненэцям' сярвахад ӈэдарамбасетыдамнё"""
/Users/air/Downloads/Ненецкие аудио/data/018_369385.5820875051_374875.34375.wav,"тарем' харвабата"" иудей"" параӈодам' нянда"" ӈэдараӈгув тиканда ненэця"" ӈани' тёреяд"""
/Users/air/Downloads/Ненецкие аудио/data/018_375398.46875_382064.09375.wav,"пыда нёя ӈа"" вараввам' ӈэда"" вараввахав вэвако мандалёди"" ненэцие"" поӈгад ӈобто' ӈэвы"
/Users/air/Downloads/Ненецкие аудио/data/019_3540.96875_7050.968750000001.wav,тикахавахад пилат иисусм' ханада садаванзь табэдада
/Users/air/Downloads/Ненецкие аудио/data/019_7607.843750000001_17766.593750000004.wav,"саю"" ӈэтторта пя' таркахад ӈэва' ниня мэта сюртяв ӈамгэм' паӈгалӈа"" тикым' ӈэванда ни' серибтедо' нярморте"" э ембдярм' ниндя серибте"""
/Users/air/Downloads/Ненецкие аудио/data/019_18407.84375_26527.4959871426.wav,"тадтикахад някунда хэхэя тарем' лаханорӈа"" иудей"" параӈода ӈари"" тяха' мэд тикы"" ямбха"" на сяканда ладорпидо'"
/Users/air/Downloads/Ненецкие аудио/data/019_26954.510927386287_33671.29885745325.wav,"пилат ӈани' тарп"" махаданда ненэцяӈг"" ма теда' мань нянда"" тарпраӈгув нямнанда мань вэвам' нидм' хомбю"" "
/Users/air/Downloads/Ненецкие аудио/data/019_33891.145001783785_41389.364372813434.wav,"тикы' пуд иисус ӈэтторта пя' таркахад сюртявӈэ паӈгалмы ӈамгэм' ӈэванда ниня мэць нярморте"" э паным' мэць тарпы"""
/Users/air/Downloads/Ненецкие аудио/data/019_41769.77113956704_49457.84375.wav,"пилат ненэцяӈг"" ма ти тикы ненэць' ӈарка ханондана"" манзаранидо' иисусм' манэ"" мандо' сер' тарем' тюрыць пэяд"""
/Users/air/Downloads/Ненецкие аудио/data/019_50301.59375_59570.33647569824.wav,"лярць' пян' тебарт лярць' пян' тебарт пилат няндо' ма ханара"" харта"" лярць' пян' тебарӈара"" ӈари"" маньзяван вэвамда нидм' ху"""
/Users/air/Downloads/Ненецкие аудио/data/019_60072.58939368027_68402.75837093296.wav,"иудей"" пилатан' тарем' ма"" маня"" ватова"" таня тикы ватохонана"" пыда хабта тара тад ӈо"" пыда харта пыхыдамда нум' нюӈэ сертабида "
/Users/air/Downloads/Ненецкие аудио/data/019_68764.89737368759_76407.21875.wav,пилат тарця вади намдванда сер' тамна ханяцей' сейда хая пилат марьта мю' ӈани' тю иисусм' хонра ханяд ӈан
/Users/air/Downloads/Ненецкие аудио/data/019_77065.34375000001_82716.34641754867.wav," тикы вадахата иисус ӈамгэхэртм' ни хэт"" пилат нянда ма мань няни ӈамгэ нин лахан"""
/Users/air/Downloads/Ненецкие аудио/data/019_83159.99327251506_91189.61306184468.wav,пыдар ехэранакэн ӈабцакаванда сит лярць' пян' тебарць ватоми таня тадтикахад сит ӈэдара ӈани' ватоми таня 
/Users/air/Downloads/Ненецкие аудио/data/019_91456.50953003862_98036.93511798768.wav,"иисус тикы вадахата тарем' ма тю""уд тарця ватом' нивы ӈэб"" нанд ня""ам"" мань нянани ватор таросяӈгусь"
/Users/air/Downloads/Ненецкие аудио/data/019_98439.89390277784_102796.96548715989.wav,"ӈадьбята ӈарка хэбяхахав си""ми нянд ми""мэхэна ӈа"
/Users/air/Downloads/Ненецкие аудио/data/019_103124.83789218563_110950.34375.wav,"тикы иисус' вади"" пуд пилат иисусм' ӈэдаван' харбилада тарем' ӈэбта ӈод"" иудей"" нянда тарем' тюрылыд"""
/Users/air/Downloads/Ненецкие аудио/data/019_111557.84375_115574.09375.wav,"ӈэдараб"" нанд пыдар рим' параӈода' сава нян нин ӈэӈгу"""
/Users/air/Downloads/Ненецкие аудио/data/019_116215.34375_121606.67434370713.wav,хусувэй хибя пыхыдамда параӈодаӈэ сертабада рим' параӈода' тяха' няю' нятна 
/Users/air/Downloads/Ненецкие аудио/data/019_121910.05202860801_128317.70988519347.wav,"пилат тарця вади намд"" махаданда иисусм' пин' тарпрада харта судеӈголава ян' ӈамды"""
/Users/air/Downloads/Ненецкие аудио/data/019_128678.4363934047_136802.84375000003.wav,"тикы я нюмда пэ сехэры ӈэвы еврей' вадавна габбадам' нюбе"" мы тикы яля пасха' нерцюна хамекова яля ӈэвы"
/Users/air/Downloads/Ненецкие аудио/data/019_137325.96875000003_143654.09375000003.wav,"яля' ер"" ӈэвы пилат иудейха"" тарем' ма параӈодара"" ти ненэцяӈгав"" тарем' тюрыӈа"""
/Users/air/Downloads/Ненецкие аудио/data/019_144278.46875_151838.46875.wav,"ханад ханад лярць' пян' тебарт пилат няндо' хонарку параӈодамда"" лярць' пян' тебартав"
/Users/air/Downloads/Ненецкие аудио/data/019_152462.84375000003_157271.78768999485.wav," ӈарка ханондана"" ма"" рим' параӈода' хавна маня"" ӈани несэй параӈодава"" яӈгу "
/Users/air/Downloads/Ненецкие аудио/data/019_157511.77451479668_163836.59375000003.wav,"тадтикахад пилат иисусм' лярць' пян' тебарманзь саюху"" ми""ӈада саю"" иисусм' ня""махая ханадо'"
/Users/air/Downloads/Ненецкие аудио/data/019_164376.59375_171819.37486007108.wav,"иисус харта лярць' пям' мине ӈэвэйця' лым' нюбета ян' хая тикы я еврей' вадавна голгофам' нюбе"" ӈа"
/Users/air/Downloads/Ненецкие аудио/data/019_172262.85604576732_180332.9793156783.wav,"тикы яхана сита лярць' пян' тебарӈа"" нянанда тамна сидя ненэцям' тодо' хэвувнанда тебарӈа"" иисусхавм' еркы лярць' пян' тебарӈадо'"
/Users/air/Downloads/Ненецкие аудио/data/019_180611.56754035212_189898.66836095694.wav,"пилат иисус' нямна ӈэда вади пада тадтикахад лярць' пян' падвэмда ӈыдада вада"" тарця ӈэвы"" назарет' тер иисус иудей"" параӈода "
/Users/air/Downloads/Ненецкие аудио/data/019_190408.0134197606_196557.21875.wav,"иисус' ӈыдёсь' я маркад ӈаха"" на нивы ӈа"" тиканда ӈока иудей"" тикы вади толабавыдо'"
/Users/air/Downloads/Ненецкие аудио/data/019_197080.34375000006_205474.3143175148.wav,"тикы еврей' вадавна падвы рим' тер' вадавна падвы грек' вадавна падвы иудей"" ӈарка ханондана"" пилатан' тарем' ма"""
/Users/air/Downloads/Ненецкие аудио/data/019_205880.35257286445_215535.02283541564.wav,"иудей"" параӈодаӈэ нёр падыбю"" пыда харта пыхыдамда иудей"" параӈодаӈэ нюмдебавамда пад"" пилат няндо' ма мале ханзер"" падав тарем' ӈэӈгу"" нив' "
/Users/air/Downloads/Ненецкие аудио/data/019_215912.2842605271_225547.58259896943.wav,"саю"" иисусм' лярць' пян' тебаро"" махадандо' ембдярода ханэйдо' тет ян' помнандо' тяръядо' хусувэдо' ембдяро"" пелям' хана"
/Users/air/Downloads/Ненецкие аудио/data/019_225968.83355363383_234559.71875.wav,"пыдо' мюй имбытата ӈани' ханадо' тикы имбыткав сэдонзяда тю""уд паӈгалмы ямб ӈэвы помнадо' тарем' лахана"""
/Users/air/Downloads/Ненецкие аудио/data/019_235065.96875_239909.09375.wav,"тюку ӈамгэрихивм' нёхова"" ӈадас"" ханяӈэ"" на"" ӈамгэӈэ ха""мава' е""эмня матокава"" "
/Users/air/Downloads/Ненецкие аудио/data/019_240904.71875000003_251130.96875.wav,"хэбидя падаркана падда вада"" тюковна ӈадимя"" ембдярони помнандо' тяръядо' имбытани е""эмня помнандо' матота"" саю"" тикы вади"" сер' ӈа"""
/Users/air/Downloads/Ненецкие аудио/data/019_251704.71875_259922.84375000003.wav,"иисус' ӈыдёсь' лярць' пя' хэвхана небяда небянда неня клопа' пухуця мария магдала' тер мария нувы"""
/Users/air/Downloads/Ненецкие аудио/data/019_260530.34375000003_268545.96875000006.wav,"иисус' саӈон' небяда ха""мы"" хэвхананда нуна мэнена тохоламбадамда ӈани' манэ"" манда сер' небяханда вахалъй"""
/Users/air/Downloads/Ненецкие аудио/data/019_269220.96875_275879.62380753097.wav,неӈэй пыдар хасава нюр тикы ти тикы' пуд тохоламбадаханда ма небяр ти мэна 
/Users/air/Downloads/Ненецкие аудио/data/019_276248.27764207206_283395.96875.wav,"тикыринда ӈо"" тохоламбадада иисус' небям' нянанда ханада сер"" серото' сер' хая"" иисус тикахад тенева"
/Users/air/Downloads/Ненецкие аудио/data/019_283902.21875000006_292947.21875.wav,"тамна тяха' хэбидя падаркана падда вади"" тикавна ӈэвам' тарця вадаха"" на ёльцеда ит' харвадм' уксусхана панта хыдя тикахана нувы"
/Users/air/Downloads/Ненецкие аудио/data/019_293470.34375000006_301722.21875.wav,губкам' уксусхана санибтедо' иссопам' нюбета пякоця' таркан' сярахая иисус' ня' варан' тебребтедо'
/Users/air/Downloads/Ненецкие аудио/data/019_302363.46875000006_308775.96875.wav,"уксусм' ӈаманда сер' вахалъй"" явнанда хая тикы' пуд ӈэвада таси' ха""мы"" индцялма"
/Users/air/Downloads/Ненецкие аудио/data/019_309619.71875_318277.9474159699.wav,"тикы яля хамекова яля ӈэвы тиканда иудей"" ервота"" еврей"" ныланава яляхана вэ' хэвы"" лярць' пя' ниня ӈыдё волтамбавыдо'"
/Users/air/Downloads/Ненецкие аудио/data/019_318673.3448069847_322309.71875.wav,"тад ӈо"" тикы еврей"" ныланава яля ӈарка хэбидя яля ӈэвы"
/Users/air/Downloads/Ненецкие аудио/data/019_322849.71875_329843.31981385924.wav,"ӈэдо' малява' е""эмня тадтикахад лярць' пяхад сиддо' ха""аврава' е""эмня пилатм' хонра"""
/Users/air/Downloads/Ненецкие аудио/data/019_330130.2843999588_337647.6978869137.wav,"саю"" то"" нюрте"" э' иисус' хэвхана ӈыдёда ӈоб"" ненэця' ӈэ маля"" тикы' пуд нябиюм' ӈэ ӈани' малядо'"
/Users/air/Downloads/Ненецкие аудио/data/019_337883.5996502874_346204.71875000006.wav,"иисус' хэван' тэвыд"" тарем' сырпато' пыда яӈгумы тиканда ӈэда нидо' маль"" ӈоб"" саю наряхана хэвдыда си""йда"
/Users/air/Downloads/Ненецкие аудио/data/019_350558.46875000006_361054.71875.wav,"тикы серо тикахана сырмы ненэць' ненэсявна ваде"" ядась пыда тенева манэ"" мыда ваде"" мы вадида ненэся"" пыдара"" пунраванда"" е""эмня ӈо"" ваде"" мы"" ӈэ""ни"" им'"
/Users/air/Downloads/Ненецкие аудио/data/019_361662.21875_368142.21875.wav,"хэбидя падаркана тарем' пады ӈобкарт лэхэртада ни мардод"" тикы вада"" явнандо' хая"""
/Users/air/Downloads/Ненецкие аудио/data/019_368800.34375_374537.84375.wav,"хэбидя падаркана ӈэда ӈани"" вада"" тарця"" пыдо' сидермэхэндо' сырта"" "
/Users/air/Downloads/Ненецкие аудио/data/019_375280.34375_381512.218395099.wav,"тикы"" серо"" пуд аримафея' тер иосиф иисус' пыхыдм' ханава' нямна пилатм' хонра"
/Users/air/Downloads/Ненецкие аудио/data/019_381946.319181457_388219.2527697182.wav,"иосиф иисус' тохоламбада ӈэбта ӈо"" иудейха"" сейнда пинава' нид тале иисусхана тохолковы"
/Users/air/Downloads/Ненецкие аудио/data/019_388666.0212391598_399165.7275313455.wav,"пилат пуня' ни ӈа"" иосиф хая иисус' пыхыдм' ханада никодим ӈобтарем' ё""йда смирнам' алоэм' ӈобт' тахара"" ми няхар"" юд' мян' килограмам' сода то"
/Users/air/Downloads/Ненецкие аудио/data/019_399414.08462986787_403960.8146585968.wav,сяхаӈгав' никодим иисусан' пи' турмы иисус' пыхыдм' ханади'
/Users/air/Downloads/Ненецкие аудио/data/019_404238.34020793193_414136.976771984.wav,"пыди' иудей"" сюрва' мэсы"" мана пыхыдамда ё""йда тахара"" махана подадавы тохоцяха"" на юйдади' иисус' ӈыдёсь' яхана ӈоди"" пи"" вадюлава я танявы"
/Users/air/Downloads/Ненецкие аудио/data/019_414461.9150340823_421095.96875000006.wav,"ӈоди"" пи"" вадюлава яхана едэйвана сертавы пэ хой' хоркадё' пэмб"" танявы тикы яхана хибяхарт нивы сюру"""
/Users/air/Downloads/Ненецкие аудио/data/019_421720.34375_430731.59375.wav,"тикы яля иудей"" ныланава яля' хамекова яля ӈэвы тикы пэ хой' хоркадё' пэмб"" хахая ӈэвы ӈадьбяти' иисус' пыхыдм' тикан' мэди'"
/Users/air/Downloads/Ненецкие аудио/data/001_537.2187500000001_3540.96875.wav,"амиттай' хасава нюн' ионан' нум' ерв вадам' мэ""мы"
/Users/air/Downloads/Ненецкие аудио/data/001_7050.968750000001_10560.96875.wav,"нум' вато' вадес"" мань няни вэва серото' юн тэвыць "
/Users/air/Downloads/Ненецкие аудио/data/001_11590.343750000002_16230.968750000002.wav,"иона юркы"" нум' ерв' сякад таршишан' хунаванзь иоппиян' то"
/Users/air/Downloads/Ненецкие аудио/data/001_17277.21875_22643.46875.wav,"таняна таршишан' миндя ӈарка"" я ӈаном' хо мирта салда тадтикахад ӈанон' тий"""
/Users/air/Downloads/Ненецкие аудио/data/001_23892.21875_33662.84375.wav,"нум' ерв' сякад хуна ненэцие"" поӈгана таршиш' няю' нэкалӈада ӈопой нум' ерв ямд' сата мерцям' ӈэдара тикахавахад сюдбя хамба"" ӈадибелыд"""
/Users/air/Downloads/Ненецкие аудио/data/001_42674.09375_51533.46875.wav,"ӈаномдо' сибимдемба пэндъидо' ямд' моёядо' ионахав ӈано' мю' таси' пакалъй"" юсибтэй"" ӈамгэхэртахат ехэра хонарэй"""
/Users/air/Downloads/Ненецкие аудио/data/001_56275.34375000001_59852.84375000001.wav,"ӈамгэ пыдар хонын юркад"" харт нумганд туёс"""
/Users/air/Downloads/Ненецкие аудио/data/001_60612.21875_64797.21875.wav,"маси"" пыда сидна"" тензибтеӈгу маня"" вэ' нива"" ханд"""
/Users/air/Downloads/Ненецкие аудио/data/001_68762.84375_72424.71875000001.wav,"ти серебям' мохова"" хибяна"" е""эмня маянд' еремява"" манэкава"" "
/Users/air/Downloads/Ненецкие аудио/data/001_81891.59375_90143.46875.wav,"маӈгар"" хибя' е""эмня маянд' еремява"" ӈамгэ манзаям' пэртан ханяд миӈан соя"" ма яр ханяна ӈа тэнзар ӈамгэ"
/Users/air/Downloads/Ненецкие аудио/data/001_91611.14102979277_98952.21875.wav, пыда няндо' ма мань евреядм' ямг' яха' сертавэн' нумгы нумд' нум' ерван' тэядм'
/Users/air/Downloads/Ненецкие аудио/data/001_99711.59375_108655.34375.wav,"нум' ерв' сякад хунамбавамда хэт"" махаданда ӈанохона манзарана"" нерэндо' нимня сейто' хэсь нянда ма"" серм' сертан"
/Users/air/Downloads/Ненецкие аудио/data/001_116181.59375_121142.84375.wav," пыда няндо' ма си""ми ня""мада"" яв' ит' мода"" тикахана сидя хэвхы ям' хасерты"""
/Users/air/Downloads/Ненецкие аудио/data/001_122070.96875_126323.46875.wav,"сюдбя мерця' нянда"" тебва мань серни ӈэвахад тенев""нидам'"
/Users/air/Downloads/Ненецкие аудио/data/001_127892.84375_134389.71875.wav,"ӈанохона манзарана"" я' ня' лабита пэяд"" ӈопой сюдбя мерця' ханяцей' сахама' нид ханзеркарт"" мэсь я""мадо'"
/Users/air/Downloads/Ненецкие аудио/data/001_135300.96875_143890.34375.wav,"тикахана нум' ерван' хынумда пэяд"" нум' ервэй ябткоен' тюку ненэця' хава' нид сидна"" нён маядамбю"""
/Users/air/Downloads/Ненецкие аудио/data/001_144632.84375_148092.21875.wav,"серцяда вэям' хамдавана"" нид нён харамбадю"""
/Users/air/Downloads/Ненецкие аудио/data/001_148952.84375_152226.59375.wav," ионам' ня""ма ямд' модо' ям' хасеръй"""
/Users/air/Downloads/Ненецкие аудио/data/004_554.09375_6426.59375.wav,"иона тикан' ида ӈули"" вома нензюмя нум' ерван' туёць ма"
/Users/air/Downloads/Ненецкие аудио/data/004_7337.843750000001_14357.84375.wav,"нум' ервами тамна яханани мэвани мальӈгана лаханадамзи"" тикы' нид мань таршишан' хуна тасла""нисявав'"
/Users/air/Downloads/Ненецкие аудио/data/004_16028.468750000002_26893.066918579912.wav,пыдар нумӈэ сёнзяр лата сеяр сава пон' ненхасядан сянавар ӈарка ӈэдараванда маям' ӈэвадавахаданд теневадамзь
/Users/air/Downloads/Ненецкие аудио/data/004_27914.63329649188_32532.21875.wav,"ӈадьбята нумӈэ мань илми хана"" илевани екававна ханяцей' хаӈгудм'"
/Users/air/Downloads/Ненецкие аудио/data/004_34118.46875000001_38354.09375.wav,"нум' ерв хонарку нянанд та' пирувна нензюмзь серо"" ӈа"
/Users/air/Downloads/Ненецкие аудио/data/004_39822.21875000001_44412.21875.wav," иона маркад тарпы"" яля' тарп' няӈы хэвханда ӈамды"""
/Users/air/Downloads/Ненецкие аудио/data/004_46065.96875_52697.84375.wav,"тикан' ӈумгат мятамда серта тидханда ӈамдахая марад' ханзер"" хэвам' мание пэй"""
/Users/air/Downloads/Ненецкие аудио/data/004_53609.09375_58426.315920462424.wav,нум' ерв нум' ӈамдэдм' ӈэдара пыда иона' нимня мер' вады 
/Users/air/Downloads/Ненецкие аудио/data/004_59233.94009243547_65792.84375.wav,"ӈэванда тидӈэ маяӈгат хэӈгаӈэ таралъй"" иона тикан' ӈули"" маи"""
/Users/air/Downloads/Ненецкие аудио/data/004_66366.59375_73285.34375000001.wav,нябимдей яля' хув' мерувна нум' халым' ӈэдара халы ӈамдэдм' мадада тикы тыра
/Users/air/Downloads/Ненецкие аудио/data/004_74534.09375000001_80558.46875.wav,"хаер"" ӈадимзь нум' яля' тарп' няд епдя мерцям' ӈэдара хаер"" иона' ӈэвам' парадамба пя"
/Users/air/Downloads/Ненецкие аудио/data/004_82077.21875_86920.34375.wav,выдараванда нид хаван' харва ма илевани екававна ханяцей' хаӈгудм'
/Users/air/Downloads/Ненецкие аудио/data/004_88405.34375_93636.59375.wav,"ионам' нум' хонра ӈамдэд' е""эмня та' пирувна нензюмзь нянанд серо"" ӈа"
/Users/air/Downloads/Ненецкие аудио/data/004_94598.46875_99462.16596198932.wav," иона ма серо"" ӈа хавани пирувна нензюмядм нум' ерв ма"
/Users/air/Downloads/Ненецкие аудио/data/004_100011.350398931_105719.09375.wav,"пыдар ӈамдэдм' сяӈан иб"" ӈод"" тикым' пыдар манзая""махартар вадаба""махартар яӈгуси"""
/Users/air/Downloads/Ненецкие аудио/data/004_106849.71875_113397.21875.wav,"ӈопой пихина ӈадимяси"" ӈопой пихина хаси"" мань ханзер"" та' пир ӈарка ниневия марадм' нив сялилт"""
/Users/air/Downloads/Ненецкие аудио/data/004_114240.96875_124079.09375.wav,"мюнянда сятаняӈы маханяӈы ниня хамэдамбада сидя юр' ня' сидя ю"" ёнар"" ненэць' мэ"" тикы' хавна сяӈок вадабада"" сармик"" таня"""
/Users/air/Downloads/Ненецкие аудио/data/003_503.46875_6629.093750000001.wav,"ӈани' ионан' нум' ерв вадам' мэ""ӈа юркад сюдбя март' ниневиян' хань"""
/Users/air/Downloads/Ненецкие аудио/data/003_7236.593750000001_15792.21875.wav,"мань нянд ӈамгэм' хэта табэдасадм' таняӈы я' терха"" вадесан иона юркы"" нум' ерв' вада' сер' ниневиян' хая"
/Users/air/Downloads/Ненецкие аудио/data/003_16669.71875_23267.84375.wav,"нум' сякана ниневия ӈарка"" я мар"" ӈэвы ӈопой вархаданда няби варанда ӈэсонд' няхар"" яля' ядва"
/Users/air/Downloads/Ненецкие аудио/data/003_23914.840275408063_31131.59375.wav,"иона марад' помна ядэрць пэй"" ӈопой яляри' ядэрмы нид яда тёрырць лахана"
/Users/air/Downloads/Ненецкие аудио/data/003_31789.71875_37898.46875.wav,"тет ю"" яля' пиркана ниневия я' сяр' нид ёхода ниневия' тер"" нумд' пунрэяд"""
/Users/air/Downloads/Ненецкие аудио/data/003_38742.21875_45677.84375.wav,"нюдяко"" ӈацекэхэт ӈаркто' ӈэсонд' пыдо' ӈаворць ӈэвадэйд"" ӈумгад сертавы ембдярм' сера"""
/Users/air/Downloads/Ненецкие аудио/data/003_46521.59375_52005.13445622326.wav,"ниневия' параӈодан' тикы мун' тэвва' сер' пыда ервода ӈамдёрцянда нид юркы"""
/Users/air/Downloads/Ненецкие аудио/data/003_52624.9303362005_59245.34375.wav,"харта параӈода ембдярта ека ӈумгад сертавы тохока""на пыхыдамда синда ту' сибя' ни' ӈамды"""
/Users/air/Downloads/Ненецкие аудио/data/003_60366.75271202439_66754.71875000001.wav,"тикахад параӈода харта няданда марцьхэхэтата ниневия' тер"" намдава' е""эмня табеком' ӈэдара"
/Users/air/Downloads/Ненецкие аудио/data/003_67935.96875_76035.96875000001.wav,"харад' тер"" сямян вадабада сармикадо' хорова"" хув"" нёя"" ӈавор"" хадырманзь нёя"" ханас"" нёя"" идар"""
/Users/air/Downloads/Ненецкие аудио/data/003_77065.34375000001_82212.21875.wav,"ненэця"" сямян вадабада сармикадо' ӈумгад сертавы тохока""на пыхыдадо' синдая"""
/Users/air/Downloads/Ненецкие аудио/data/003_83579.09375_92995.34375.wav,"хусувэй ненэць' ныхымда нись сянзь нумд' хынумдая хусувэй вэва серм' сертаба ӈэвадэйдамд"" нёя"" вэнзумда я""авкабю"""
/Users/air/Downloads/Ненецкие аудио/data/003_94210.34375_100724.09375.wav,"хибя тенева харвабта нум' сидна"" сялилць имда несэймдаӈгуда нена ӈэвадаӈгу"" маня"" нива"" хаӈгу"" "
/Users/air/Downloads/Ненецкие аудио/data/003_101635.34375_111000.96875.wav,"серо""манато' нум' вэва серм' сертаба ӈэвадавамдо' манэ"" ӈада нум' сиддо' сялилць няндо' ӈэдараванзь ваде"" мы маям' няндо' ӈэдарамба ӈэвадэй"""
/Users/air/Downloads/Ненецкие аудио/data/002_30.96875_4334.093750000001.wav,нум' ерв сюдбя халям' ионам' палеванзь ӈэдара
/Users/air/Downloads/Ненецкие аудио/data/002_5279.09375_9295.34375.wav,"няхар"" яля' няхар"" пи' иона пыда сёнзянда мюня мэ"
/Users/air/Downloads/Ненецкие аудио/data/002_10105.34375_14324.093750000005.wav,"халя' сёнзя' мюд иона нум' ерван' нумганда туё"" ӈа"
/Users/air/Downloads/Ненецкие аудио/data/002_16180.343750000002_23149.71875.wav,"пыда ма сэхэн' еремба""ни мань нум' ервм' хаӈадамзь пыда няни лаханась"
/Users/air/Downloads/Ненецкие аудио/data/002_24094.71875_31594.517291365646.wav,"я' ӈылад тёры""ӈадамзь пыдар си""ми намдан ӈылдасядан' яв' ёрдан' пыдар си""ми мон"
/Users/air/Downloads/Ненецкие аудио/data/002_32245.343750000004_40497.21875.wav,"яв' и"" си""ми сюрте си""ми ендадод ханаби пыдар хамбад нимняни ядэрӈа"""
/Users/air/Downloads/Ненецкие аудио/data/002_41847.21875_50048.46875000001.wav,"мань мадамзь пыдар сэвхатат питларэйв"" ӈопой мань тамна пыдар хэбидя хардамд манэтав"
/Users/air/Downloads/Ненецкие аудио/data/002_50824.71875_58705.34375.wav," сёни ӈэсонд' и"" мале тэвы"" си""ми ӈылдасяда ям' сюртемби ӈэвами яв' ӈув"" пэбтерӈадо'"
/Users/air/Downloads/Ненецкие аудио/data/002_60207.21875_66231.59375.wav,"мань ид' ӈыл' пэ"" паха' ӈэсонд' таси' хаядм' я' нё пили"" пудни талы"""
/Users/air/Downloads/Ненецкие аудио/data/002_67277.84375_73437.21875.wav,нум' ервэй мань нумми ӈопой пыдар илми хась' ваӈгахад тюхулӈарась
/Users/air/Downloads/Ненецкие аудио/data/002_74820.96875_84389.09375.wav,"выдара""махадни енасяламзь мань нум' ервм' тензибтедм' мань хынумда""мами нянд пыдар хэбидя хардаханд тэвы"""
/Users/air/Downloads/Ненецкие аудио/data/002_85992.21875_90362.84375.wav,"хусувэй"" хумбанзяда сядэйха"" тэяна"" сянавамд хаеби"""
/Users/air/Downloads/Ненецкие аудио/data/002_91290.96875_98597.84375.wav,"маньзяван нянд сава вади мэць ханм' тэвраӈгудм' нянд ваторо""мини мал' сертаӈгун"
/Users/air/Downloads/Ненецкие аудио/data/002_99981.59375_107828.46875.wav,илм' ӈэдабава нум' ерв' ӈудахана ӈа нум' ерв' табековна халя ионам' я' ни' тодада
/Users/air/Downloads/Ненецкие аудио/data/000_537.2187500000001_6274.71875.wav,"ёховы хасава ню' нямна ӈэда лахарё палестинахана иудей"" пунрёбцо' мэсымана илени"" ерв"""
/Users/air/Downloads/Ненецкие аудио/data/000_6983.46875_12839.09375.wav,"тикы мэсымана ниня ӈэди"" хэбяхасавэй ненэцие"" поӈгана мэна иисусм' судебавэдо'"
/Users/air/Downloads/Ненецкие аудио/data/000_13446.593750000002_22272.21875.wav,вомдартаӈгода вадидо' пуня' пэраць иисус хара явна ӈэда лахарём' вадець пя тикы лахарё сидя хасава нясха' тика нисянди' нямна ӈа
/Users/air/Downloads/Ненецкие аудио/data/000_23200.34375_30726.593750000004.wav,"тикы хара явна ӈэда лахарёхона нисяди' нум' пыдикабт"" нюдяюм' хасава нюда иланда сехэрым' ё""мы хэбяхасавэй"
/Users/air/Downloads/Ненецкие аудио/data/000_31334.09375_36717.21875.wav,"ӈаркаюмгав хэбяхасавэй судебада иудей"" пунрабцо' мэсымана илени"" то""лаха"""
/Users/air/Downloads/Ненецкие аудио/data/000_38505.96875_47348.46875.wav,"иисус тамна тяха' лахана ӈоб"" ненэць' сидя ню да ӈэвы нюдяюм' нисяханда ма""нив' нисёве""ни толёда илебцанд пелям' тад"
/Users/air/Downloads/Ненецкие аудио/data/000_48495.96875_55785.96875.wav,"тиканда нисяда илебцамда нюхуюта помна тярӈада мале сян' яля' хэ""мяхад нюдя нюда"
/Users/air/Downloads/Ненецкие аудио/data/000_56410.34375_62350.34375.wav,"ӈавэда мал' ханахая хубта ян' хая таняна иламда са""лимдемба харта илебцамда сад""ӈада"
/Users/air/Downloads/Ненецкие аудио/data/000_63042.21875_69775.34375.wav,"ӈаворида мал' садсо""махаданда тикы я' тиӈгэвна ӈарка сэрад"" то тиканда пыда маӈгбалъй"""
/Users/air/Downloads/Ненецкие аудио/data/000_70602.21875_78060.96875.wav,"тиканда таняӈы яхана иленя ӈоб"" ненэцянд' хая илелъй"" тикы ненэць' парась' пэртяӈэ парасиета хадылава ян' ӈэдарада"
/Users/air/Downloads/Ненецкие аудио/data/000_79056.59375_86076.59375.wav,"та' пирувна ӈаворман' харваванда нид пыда парась"" ӈаворта ӈаврахана мынмда пандаван' харвадась"
/Users/air/Downloads/Ненецкие аудио/data/000_86717.84375_92134.71875.wav,"ӈопой' нянда хибяхарт мынм' ни мипю"" тадтикахад инда ӈу"" тось ма"
/Users/air/Downloads/Ненецкие аудио/data/000_93079.71875_98766.59375.wav,"нисяни недватана"" ӈаврадо' ӈока""нё"" маньзяван ӈаворци"" хавндархадм'"
/Users/air/Downloads/Ненецкие аудио/data/000_100065.96875_108081.59375.wav,"тю""у' юркхав"" нисяхани салкав"" нянда тарем' мандадм' нисёв мань нув' ет' пыдар ет хэбяхам' сертадм'"
/Users/air/Downloads/Ненецкие аудио/data/000_109769.09375_117582.21875.wav,"мале мань нюданд толё нив пирас"" недватанит ӈопойдандо' си""ми ня""ам"" юркы"" нисяханда хая"
/Users/air/Downloads/Ненецкие аудио/data/000_118324.71875_126154.71875.wav,"тамна ӈаха"" на мэнаханда нисяда сита манэ"" ӈа сялилӈада сюрмба нянда хая севолкая нюцяда"
/Users/air/Downloads/Ненецкие аудио/data/000_126964.71875_133073.46875000003.wav,"нюхувада нянда маси"" нисёв мань нув' ет' пыдар ет хэбяхам' сертадм'"
/Users/air/Downloads/Ненецкие аудио/data/000_133799.09375_138456.59375.wav,"мале мань нюданд толё нив пирас"" нисяхавада хабихита ма"
/Users/air/Downloads/Ненецкие аудио/data/000_139030.34375_144362.84375.wav,"мерку' хаяда"" сямянхат сава ембдяртамда тэврада"" тадтикахад емб""ӈара"""
/Users/air/Downloads/Ненецкие аудио/data/000_144970.34375_151635.96875000003.wav,"ӈуда' есядамда ми""ӈада"" ӈэхэта пиби серибтеда"" ӈайта хорова' суюм' тэврада"" хадара"""
/Users/air/Downloads/Ненецкие аудио/data/000_152243.46875_158622.21875.wav,"ӈавортава"" илекабтёдава"" тиканда тюку хасава нюми хабэй нисяв' ӈа"""
/Users/air/Downloads/Ненецкие аудио/data/000_159229.71875000003_165254.09375.wav,"тедахав' илелъй"" ёхоборӈась тедахав' салъй"" пыдо' илекабтэйд"""
/Users/air/Downloads/Ненецкие аудио/data/000_166874.09375_177690.96875000003.wav,"ӈарка хасава нюхувада та' мальӈгана нянь' ӈуво"" вадюлава яхана мэсь мяканда тэвотаб""нанда муно""лабцие"" хэрни ненэцие"" тарабцо' муно намда"
/Users/air/Downloads/Ненецкие аудио/data/000_178602.21875000003_182753.46875.wav,"ӈоб"" хабим' хаӈгая хонрада ӈамгэ хадкэ хаби маси"""
/Users/air/Downloads/Ненецкие аудио/data/000_183327.21875_188136.59375.wav,"няр тэвыць нисяр ӈайта хорова' суюм' нянд сензаӈэ това' е""эмня хадась"
/Users/air/Downloads/Ненецкие аудио/data/000_189014.09375_194245.34375.wav,"некаюм' нерцилы"" мят' тюван' ни харва"" нисяхавада тарп"" махаданда сита хаӈа"
/Users/air/Downloads/Ненецкие аудио/data/000_195122.84375_201214.71875.wav,"нюда нисяханда ма ти мань сяӈок по' е""эмнянд хабидрев' манзаранакэдм'"
/Users/air/Downloads/Ненецкие аудио/data/000_201805.34375_206513.46875.wav,"ӈобкарт' табекомд мада""мами яӈгу хуркавна ӈод"" пыдар сава няха""нани"
/Users/air/Downloads/Ненецкие аудио/data/000_207205.34375000006_211778.46875.wav,"илекабтёвани е""эмня муноциетана ху' суюхуртм' сяхаӈгарт' нинаси"" та"""
/Users/air/Downloads/Ненецкие аудио/data/000_212858.46875_219827.84375000003.wav,"са""ена не"" ня' илебцамд сад""мы тикы нюнд тэв""махад пыдар е""эмнянда ӈайта хорова' суюм' хадан"
/Users/air/Downloads/Ненецкие аудио/data/000_221009.09375_227742.21875.wav,нисяхавада нянда ма хасава нюв пыдар хусувэхэд нянани мэн хусувэй мань ӈамгэми пыдар ӈамгэр
/Users/air/Downloads/Ненецкие аудио/data/000_228822.21875_237023.46875.wav,"няхавар хабэйсь тедахав' илелъй"" ёхоборӈась тедахав' салъй"" ӈадьбя"" на"" маймбаб""на"" илекабтёб""на"" тара "
/Users/air/Downloads/Ненецкие аудио/data/001_503.46875_6915.968750000001.wav,"сава самария' тер' нямна ӈэда лахаре палестинахана хуркари тэнзм' мэта ненэця"" илевы"""
/Users/air/Downloads/Ненецкие аудио/data/001_7709.093750000001_15150.96875.wav,"сидя тэнздо' тарцяха' еврей"" няби"" самария' тер"" пыдо' пунрёбцодо' иле мэсыдодо' тодо' явна ӈэвы"""
/Users/air/Downloads/Ненецкие аудио/data/001_15960.968750000005_23284.71875.wav,"нидо' хэробтамбавыдо' помнандо' вэнзумдёвы"" самария' тер"" ӈэбто' ӈод"" еврей"" ӈэбто' ӈод"""
/Users/air/Downloads/Ненецкие аудио/data/001_23824.71875_28887.21875.wav,"харто' пыхыдадо' сямандо' пирувна хахаяда няхато' сава серо сертаби"""
/Users/air/Downloads/Ненецкие аудио/data/001_30068.46875_34118.46875000001.wav,иисусхав тикы хара явна ӈэда лахарёхона тарця иӈудм' ӈадимде
/Users/air/Downloads/Ненецкие аудио/data/001_34911.59375_41459.09375.wav,"сава серм' хахаяда нярихит сертабадари вуни ӈа"" хара явна ӈэда лахарё' харада тарця"
/Users/air/Downloads/Ненецкие аудио/data/001_42269.09375_50335.34375.wav,"маянд' еремы еврейм' самария' тер нядада ӈабцакаванда еврей"" серканандо' самария' тер сита нядабата вунзя тара"""
/Users/air/Downloads/Ненецкие аудио/data/001_52090.34375_59059.71875.wav,"иисус нянда ма ӈопой ненэць' иерусалимхад иерихонан' миманда сер' сехэры' мюня мартикха"" еремы"
/Users/air/Downloads/Ненецкие аудио/data/001_60004.71875_70146.59375000001.wav,"панэсавэй' няльцякая хаванда пирувна ют""махадандо' хая"" тикы сехэрэвна ханондана мимы ладормы ненэцям' манэць сехэры' няби хэвувна хая"
/Users/air/Downloads/Ненецкие аудио/data/001_71192.84375000001_79309.71875.wav,"левит ӈо"" ӈобтарем' тарем' ӈа тикы ян' тэв"" махаданда ладормы ненэцям' манэ"" манда сер' хэв' нямна хэрабтада"
/Users/air/Downloads/Ненецкие аудио/data/001_80389.71875_85199.09375.wav,"тадхав маяндорта' юседава я' хэвувна мимы самария я' тер тикан' тэвы"""
/Users/air/Downloads/Ненецкие аудио/data/001_86076.59375_90666.59375.wav,"маяндортакоем' манэсо"" махаданда сялилӈада маяндорта' няна хая"
/Users/air/Downloads/Ненецкие аудио/data/001_91527.21875_96592.33444931314.wav,мерёхота юрм' тадтикахад няръяна ябе идм' вабтахая мерю сыхыдэйда
/Users/air/Downloads/Ненецкие аудио/data/001_97078.37244078187_104200.34375.wav,"тадтикахад ха' ямб юнонда ни' тибтеда сензелава мят' тэвра""махаданда таняна ӈани' манзая""ӈада"
/Users/air/Downloads/Ненецкие аудио/data/001_105111.59375_111085.34375.wav,"нябимдей яля' сензелава мяд' ерван' сидя динарийм' мисо"" махаданда ма"
/Users/air/Downloads/Ненецкие аудио/data/001_112148.46875_117784.71875.wav,"манзаят ӈамгэхэв ватавна сад""мэнд таняб"" пуня' тэв""махадани тамна салдаӈгув"
/Users/air/Downloads/Ненецкие аудио/data/001_118746.59375_125187.95282053432.wav,"мартикаха"" еремы ненэцяӈгана пыдар ихинанд тикы няхар"" ненэцие"" ханяӈэндо' хахая ӈамгэ"
/Users/air/Downloads/Ненецкие аудио/data/001_126268.48500265878_135840.96875.wav," моисей' ватом' теневана вахалъй"" сита сялилмы хахая няда нив' ӈа"" тадтикахад иисус нянда ма хань"" пыдар ӈобтарем' тарем' ӈа"""
/Users/air/Downloads/Ненецкие аудио/data/003_520.34375_3878.46875.wav,"фарисейха' ӈэва' мирм' ма""ламбадаха' нямна ӈэда лахарё"
/Users/air/Downloads/Ненецкие аудио/data/003_5498.468750000001_11792.843750000005.wav,"фарисей"" пыхыдадо' хусувэхэ""на иудей"" пунрёбцо' мэсымана иленаӈэ пэрмыдо'"
/Users/air/Downloads/Ненецкие аудио/data/003_12518.46875_16855.34375.wav,"пыдо' нум' хэбидя падарка"" на падвы хусувэй моисей' ватом' нёдавы"""
/Users/air/Downloads/Ненецкие аудио/data/003_17699.09375_21867.21875.wav,"яля' мале сян' туёпато' таравы маӈгбадаха"" митерабто' таравы"
/Users/air/Downloads/Ненецкие аудио/data/003_22609.718750000004_29140.343750000004.wav,"хусувэй таславы мэсыдм' нёдабато' таравы тикандо' пыхыдадо' нум' сякана тид"" ӈэдаӈэ пэрмыдо'"
/Users/air/Downloads/Ненецкие аудио/data/003_30220.34375_38843.46875.wav,"манзаяхадандо' пере ӈэва' мирм' ма""ламбадахав"" ненэцие"" мандал"" поӈгана сава юнхана нивы"" мы"" пыдо' тид"" ӈэдаӈэ нивы"" толю"""
/Users/air/Downloads/Ненецкие аудио/data/003_39957.21875_47196.59375000001.wav,"ӈобӈгуна иисус ханзер"" фарисейха' ӈэва' мирм' ма""ламбадаха' туёць нуло""мам' хара явна ӈэда лахарёхона ваде"" ӈада"
/Users/air/Downloads/Ненецкие аудио/data/003_48782.84375000001_55161.59375.wav,"сидя ненэць' хэбидя хардан' туё"" манзь хаяха' ӈобъюм' фарисей нябиюм' ӈэва' мирм' ма""ламбада ӈэвы"
/Users/air/Downloads/Ненецкие аудио/data/003_56005.34375_65033.46875.wav,"фарисей нулкая харта ихинда тарем' туё"" ӈа нумӈэй мань ӈани ненэцие"" то""лаха нива ӈэвани е""эмня нянд сава вади хэтыбидм'"
/Users/air/Downloads/Ненецкие аудио/data/003_65742.21875_72407.84375.wav,"маньзяван мартик"" вэнзу"" са""е илени"" тайкуй ӈэва' мирм' ма""ламбада' то""лахадм' нидм' ӈа"""
/Users/air/Downloads/Ненецкие аудио/data/003_73605.96875_79782.21875.wav,"ӈопой си""ивхана сидя мэва' нива ӈавормам' мэ""ӈадм' недва""мы""ни юдимдей пелямдо' мипин"
/Users/air/Downloads/Ненецкие аудио/data/003_80879.09375000001_88911.59375000001.wav,"ӈэва' мирм' ма""ламбадахав ӈахакуна ну сэвхартада нув' ня' ила я""ма хуркавна ӈо"" лэмбарамда хутыба тарем' лахана"
/Users/air/Downloads/Ненецкие аудио/data/003_89535.96875000001_94379.09375.wav,"нумӈэй хэбяхасавэйдм' си""ми сялил"" нянда"" мадм'"
/Users/air/Downloads/Ненецкие аудио/data/003_94986.59375_100943.46875.wav,"ӈэва' мирм' ма""ламбада нум' сякана нябиюмгад тид""ӈэ толёвы ӈэсь мяканда хая"
/Users/air/Downloads/Ненецкие аудио/data/003_101719.71875_109009.71875.wav,харта пыхыдамда ӈарамдамбада таӈылмдавы ӈэӈгу харта пыхыдамда таӈылмдамбадахав ӈарамдавы ӈэӈгу 
/Users/air/Downloads/Ненецкие аудио/data/002_503.46875_6932.84375.wav,"ӈарка мяди""мярма' нямна ӈэда лахарё ӈарка мяди""мярман' сит хама ӈарка сер"""
/Users/air/Downloads/Ненецкие аудио/data/002_7709.093750000001_15690.96875.wav,"тад ӈо"" хуркари"" ила' саир"" саць тарана сер"" ханяӈэхэна ӈарка мяди""мярман' хэсь таб""алкосьӈэ тара пэрӈа"""
/Users/air/Downloads/Ненецкие аудио/data/002_16517.84375_20820.96875.wav,"ӈобӈгуна иисус ӈарка мяди""мярман' то ӈоб"" мяди""мярта тёрей"""
/Users/air/Downloads/Ненецкие аудио/data/002_21951.59375_28549.71875.wav,"нум' параӈодадавахана мяди""мярманда ябда вадахата иисус хара явна ӈэда лахарём' ваде"" ӈа"
/Users/air/Downloads/Ненецкие аудио/data/002_29393.46875_37881.59375.wav,"тикы лахарёхона иисус нум' параӈодадаван' хамам' ӈарка мяди""мярман' хамам' ӈоб"" то""ласаӈэ таслаӈахаюда"
/Users/air/Downloads/Ненецкие аудио/data/002_38978.46875000001_46251.59375000001.wav,"ӈока ненэць' нум' параӈодадаван' хамы тикахана мэвандахав"" тикахана мэвандаӈэ толёдари вуни"" ӈэӈгу"""
/Users/air/Downloads/Ненецкие аудио/data/002_48074.09375_55026.59375.wav,"иисусхав нянда ма ӈопой ненэць' ӈарка"" я мяди""мярмам' хамэда""махаданда ӈока ненэцие хаӈа"
/Users/air/Downloads/Ненецкие аудио/data/002_55954.71875000001_62755.34375.wav,"мяди""мярма' ёльцьӈэ хэсь хабимда хамэхэта тарем' манзь ӈэдарада тода"" ӈавар"" мале хамэды"""
/Users/air/Downloads/Ненецкие аудио/data/002_63852.21875000001_68070.96875.wav,"ӈобт' вадидо' тэввэдрев' нялыторӈа"" нюртейдо' тарем' лахана"
/Users/air/Downloads/Ненецкие аудио/data/002_69083.46875000001_75310.34375.wav,"мань ядами тэмдадамзь ями манэ"" манзь хэб"" ни тара ябткоен' няни нён нену"""
/Users/air/Downloads/Ненецкие аудио/data/002_76086.59375_84000.96875.wav,"нябиюм' ма мань самляӈг хэвас' хоровам' тэмдадамзь тикыни хорман' харвадм' ябткоен' няни нён нену"""
/Users/air/Downloads/Ненецкие аудио/data/002_84760.34375_89215.34375.wav,"няхаромдэй тарем' ма мань нем' мэдамзь ӈадьбя"" ни тось нив пирас"""
/Users/air/Downloads/Ненецкие аудио/data/002_90514.71875_97787.84375.wav,"хаби пуня' сало"" махаданда ерваханда тикы серо ваде"" яда тадтикахад мяд' ерв нензюво""махаданда хабихинда тарем' ма"
/Users/air/Downloads/Ненецкие аудио/data/002_98412.21875_106664.09375.wav,"мер' харад' ядэлававна харад' помна ядэр"" маӈгбади варюлевы сэвсяди мэдни тюкон' тэвра"""
/Users/air/Downloads/Ненецкие аудио/data/002_107524.71875_112739.09375.wav,хабида ма ервав табеконд сер' сертав тамна ӈамдёсь' я хаи
/Users/air/Downloads/Ненецкие аудио/data/002_113785.34375_123201.59375.wav,"ервада хабихинда ма мя""ни пан""ма' е""эмня сехэры"" сер' харад' хэвувна хань"" хомбада ненэциед ханзели"" нялыба тюкон' тэвран"""
/Users/air/Downloads/Ненецкие аудио/data/002_124230.96875_130829.09375.wav,"ӈадьбя"" ни нянда"" мадм' нюрте"" э' хамэхэт ханяӈэхэртадо' мяди""мярмаханани ни ӈаворт"""
/Users/air/Downloads/Ненецкие аудио/data/Старик Хув Хоба_new_11033.46875_17631.59375.wav,"хув' хоба вэсаконд пухуцяда таня хасава нюдя таня ян"" няхарподу'"
/Users/air/Downloads/Ненецкие аудио/data/Старик Хув Хоба_new_18374.09375_22845.96875.wav,"хув' хоба вэсаку' ю' хабтеда ю"" пя вандеда"
/Users/air/Downloads/Ненецкие аудио/data/Старик Хув Хоба_new_23571.59375_28009.71875.wav,сидя хасрё' ниня илесеты хора хандари пэрӈа
/Users/air/Downloads/Ненецкие аудио/data/Старик Хув Хоба_new_34354.71875_39012.21875.wav,"няхарамдэй похона тодаванда сер"" хасава нюхунда ваалй'"
/Users/air/Downloads/Ненецкие аудио/data/Старик Хув Хоба_new_40193.46875_43585.34375.wav,ханедина' суса хуняна ямда пяӈгува'
/Users/air/Downloads/Ненецкие аудио/data/Старик Хув Хоба_new_45087.21875000001_50504.09375.wav,"ханедата ядва"" пюбна' саварха ю"" хабтем' мер"" танаид"
/Users/air/Downloads/Ненецкие аудио/data/Старик Хув Хоба_new_52478.46875000001_58283.46875.wav,хуняӈы яляхана тэхэта хая ю' хабтамда танаюда
/Users/air/Downloads/Ненецкие аудио/data/Старик Хув Хоба_new_63126.59375000001_69015.96875.wav,"хув' хоба вэсаку сыра"" ер ӈэсонд мюсе пэвсюмб' ма"
/Users/air/Downloads/Ненецкие аудио/data/Старик Хув Хоба_new_71294.09375_75428.46875000001.wav,хуняна ӈэдалёртани' хув' няна мерку' юркъин
/Users/air/Downloads/Ненецкие аудио/data/Старик Хув Хоба_new_76508.46875_80136.59375.wav,"ялама"" няна юркъяха' сидя хабтемди подерӈаха'"
/Users/air/Downloads/Ненецкие аудио/data/Старик Хув Хоба_new_80828.46875_84169.71875.wav,хув' хоба вэску хане хаяха' миӈаха'
/Users/air/Downloads/Ненецкие аудио/data/Старик Хув Хоба_new_85350.96875_89299.71875000001.wav,"яля ямбан' ӈэдалыхы' илебции' яд'ми хосьтыхы"""
/Users/air/Downloads/Ненецкие аудио/data/Старик Хув Хоба_new_90059.09375_94632.21875.wav,"харевыди"" ӈэсьтыди' илебця' тэри санавыд' ӈэсьты"""
/Users/air/Downloads/Ненецкие аудио/data/Старик Хув Хоба_new_96977.84375_103761.59375.wav,ӈэдалананди' яля' ерӈэ хая таӈгарха соты' ни' танаяха'
/Users/air/Downloads/Ненецкие аудио/data/Старик Хув Хоба_new_109414.71875_113717.84375.wav,ӈохоли нултаду' няту' сэврихи' пударамда'
/Users/air/Downloads/Ненецкие аудио/data/Старик Хув Хоба_new_115017.21875_119978.46875.wav,хув' хоба вэску ма хибян ӈэб'нанд сит ехэрадм'
/Users/air/Downloads/Ненецкие аудио/data/Старик Хув Хоба_new_122256.59375_126104.09375.wav,сидя хорсе мэта ма мань харюци вэсакодм'
/Users/air/Downloads/Ненецкие аудио/data/Старик Хув Хоба_new_131031.59375000001_134777.84375000003.wav,харюци вэску ма мань хасава нюми пыдар хибян
/Users/air/Downloads/Ненецкие аудио/data/Старик Хув Хоба_new_135925.34375_139064.09375.wav,"хув' хоба вэску ма мань хув' хоба вэсакодм"""
/Users/air/Downloads/Ненецкие аудио/data/Старик Хув Хоба_new_145054.71875_149745.96875.wav,"хув' хоба вэску ма хасава нюми ӈа"" нив' ханя' миӈан харюци вэсков"
/Users/air/Downloads/Ненецкие аудио/data/Старик Хув Хоба_new_150741.59375000003_153947.84375.wav,харюци вэску ма хандата ядми пюрӈадм'
/Users/air/Downloads/Ненецкие аудио/data/Старик Хув Хоба_new_154724.09375_158250.96875.wav,пыдар ханя' миндян ӈэб'нанд
/Users/air/Downloads/Ненецкие аудио/data/Старик Хув Хоба_new_159381.59375_163650.96875.wav,"хув' хоба вэску ма мань ӈобтарем' хандата ядми пюрӈадм"""
/Users/air/Downloads/Ненецкие аудио/data/Старик Хув Хоба_new_164427.21875_168510.96875000003.wav,"илебця' ядми пыдари"" ӈобтарем' миӈади' ханеванзь"
/Users/air/Downloads/Ненецкие аудио/data/Старик Хув Хоба_new_169185.96875_172999.71875.wav,ӈобт' ӈэсоб'на' сава ӈобт ханеӈгува'
/Users/air/Downloads/Ненецкие аудио/data/Старик Хув Хоба_new_174417.21875000003_181116.59375.wav,харюци вэску ма мань ӈока тэми юӈгу ӈопой юр' тэми пыдар тэсавэн ӈэдакэн
/Users/air/Downloads/Ненецкие аудио/data/Старик Хув Хоба_new_181875.96875_189267.21875.wav,"хув' хоба вэску ма мань ӈока тэми юӈгу ӈопой ю"" хабтеми мякнанда' иленяра' ӈока"
/Users/air/Downloads/Ненецкие аудио/data/Старик Хув Хоба_new_197586.59375_201400.34375.wav,"хув' хоба вэску ма ӈопой пухуцями маня"" няхарпова'"
/Users/air/Downloads/Ненецкие аудио/data/Старик Хув Хоба_new_202041.59375_209162.84375.wav,"мат""лива' ӈэвэва"" ӈобт"" ӈэсоб""на' ханесэйм сидя ян"" тярпаӈгува"" вата ӈортава' юӈгу"
/Users/air/Downloads/Ненецкие аудио/data/Старик Хув Хоба_new_214107.21875_219237.21875.wav,"хув' хоба вэсаку ма хуний яля' ӈобт'н"" соива'"
/Users/air/Downloads/Ненецкие аудио/data/Старик Хув Хоба_new_220080.96875_224535.96875.wav,"харюци вэску' нён яно'лара' ӈобт"" ӈадимгава'"
/Users/air/Downloads/Ненецкие аудио/data/Старик Хув Хоба_new_225464.09375_231252.21875000006.wav,"хуюмгартами нёямд' яно'лара"" яно'лараб'нанд сит хадаӈгудм'"
/Users/air/Downloads/Ненецкие аудио/data/Старик Хув Хоба_new_237175.34375_242339.09375.wav,хув' хоба' пухуця вэсконда сят' сылы' ма вэску ӈамгэм' хон
/Users/air/Downloads/Ненецкие аудио/data/Старик Хув Хоба_new_243182.84375_248886.59375.wav,"хув' хоба вэску ма сидя ӈэдаланам' ходм' харюци вэсаком"" ходм"""
/Users/air/Downloads/Ненецкие аудио/data/Старик Хув Хоба_new_249662.84375_255855.96875.wav,"харюцим"" хадаӈгува' тыда мэӈгува' хуний яля' ӈобт' ӈэсодава'"
/Users/air/Downloads/Ненецкие аудио/data/Старик Хув Хоба_new_257948.46875000003_263348.46875.wav,"хув' ямдэйд' тей паӈгарха суты ни""танай"""
/Users/air/Downloads/Ненецкие аудио/data/Старик Хув Хоба_new_264276.59375_270807.21875.wav,харюци вэсаконд сидя хорседа ӈани' ӈадимяха' ӈобт' ӈэсы' паӈгарха соты' ни'
/Users/air/Downloads/Ненецкие аудио/data/Старик Хув Хоба_new_271600.34375000006_278721.59375.wav,харюци вэску нюхунда ма нина' тэсьвы' сидя тым' хадахава' сидя мяд' понд'
/Users/air/Downloads/Ненецкие аудио/data/Старик Хув Хоба_new_280375.34375_286855.34375000006.wav,харюцинда ню сидя ненэ тым' ярка хув' хоба' ӈавраӈэ нябим' ми'ӈада
/Users/air/Downloads/Ненецкие аудио/data/Старик Хув Хоба_new_287901.59375_293487.21875.wav,тет хасавар илебцие хадаба пя' няӈэдя ялэто' ямбан хане'
/Users/air/Downloads/Ненецкие аудио/data/Старик Хув Хоба_new_298229.09375_306666.59375.wav,"пэвсюмб' тобто"" хув' хоба вэску манзеты нюхда харюци' нюм' хадад харюци вэсакум' мань хадаӈгув"
/Users/air/Downloads/Ненецкие аудио/data/Старик Хув Хоба_new_308860.34375_316188.1040508083.wav,хув хоба' ню ма нями няна' сава нися' вэвавна хаян мэдва' тасеты
/Users/air/Downloads/Ненецкие аудио/data/Старик Хув Хоба_new_316767.68975981476_320436.59375000006.wav,хув' хоба' не ма пыдар нибат хада' нисяр хадаӈгуда
/Users/air/Downloads/Ненецкие аудио/data/Старик Хув Хоба_new_321634.71875000006_327119.09375000006.wav,хув' хоба' ню ма харюци' ню хада сер' ни ӈа' тосахабты
/Users/air/Downloads/Ненецкие аудио/data/Старик Хув Хоба_new_329515.34375_333244.71875.wav,ханудо ӈарханда ӈамзаӈэ хая' харюци ма
/Users/air/Downloads/Ненецкие аудио/data/Старик Хув Хоба_new_334037.84375000006_339910.34375000006.wav, хуняна ямдаб' сава яни по' хубта яхни ямдаӈгув'
/Users/air/Downloads/Ненецкие аудио/data/Старик Хув Хоба_new_341024.09375_346845.96875.wav,хув' хоба вэску ма ӈопой яля' минхарцюва' ханехарцюва'
/Users/air/Downloads/Ненецкие аудио/data/Старик Хув Хоба_new_348803.46875000006_355705.34375.wav,"пэвсюмб' хув' хоба нюхдя ма харюцит нюм"" хадад мань харюцим"" хадаӈгув"
/Users/air/Downloads/Ненецкие аудио/data/Старик Хув Хоба_new_359747.4129296321_365762.84375.wav,"нисяр хув' хоба хадаӈгуда мань е'йми харюци пухуцям"" хадаӈгув"
/Users/air/Downloads/Ненецкие аудио/data/Старик Хув Хоба_new_367652.8437500001_370960.3437500001.wav,"хув'няӈы яля тет хасвар хане хая"""
/Users/air/Downloads/Ненецкие аудио/data/Старик Хув Хоба_new_371854.71875_376731.59375.wav,сидя ню хасвар ӈобкана хаяха' харюци вэсакохо' ӈобкана хаяха'
/Users/air/Downloads/Ненецкие аудио/data/Старик Хув Хоба_new_379431.5937500001_384899.09375.wav,"хув' хоба вэску ма пыдар нердеркар' мань пили"" нердесьтыдм'"
/Users/air/Downloads/Ненецкие аудио/data/Старик Хув Хоба_new_385540.34375_395274.6676221678.wav,"ӈэдалахъя' ӈэдалахъя' хув' хоба вэскор ӈында тюлӈа харюци вэском"" пудда ӈэдалёхданда ӈэдалёхданда ядада"
/Users/air/Downloads/Ненецкие аудио/data/Старик Хув Хоба_new_395902.5521402581_400137.2187500001.wav,"хадада харюци вэску"" сидя хорсемда ӈани' хадаӈахъюда"
/Users/air/Downloads/Ненецкие аудио/data/Старик Хув Хоба_new_402381.59375_406735.34375.wav,"хув' хоба вэскор мякнда хая сидя хасва нюдя тоӈаха"""
/Users/air/Downloads/Ненецкие аудио/data/Старик Хув Хоба_new_407714.09375_416320.34375.wav,"харюци вэско"" ню ма няби юӈгу няби товыню"" хув' хоба вэсако няр юӈгу ханяна хая"
/Users/air/Downloads/Ненецкие аудио/data/Старик Хув Хоба_new_417130.34375_422462.8437500001.wav,хув' хоба вэску ма нями илебции хосаяванзь хаясь пунарка тута
/Users/air/Downloads/Ненецкие аудио/data/Старик Хув Хоба_new_424403.46875_435319.5457211122.wav,"нумда пэвсюмя харюци вэску"" ню товононда ма хув' хоба вэску няр тамна юӈгу нумда пэвсюмя хув' хоба вэску ма"
/Users/air/Downloads/Ненецкие аудио/data/Старик Хув Хоба_new_435899.65537344135_441902.8437500001.wav, пунарка ни тут' илебции хадавэкы тикыда яхабанакы хонайд
/Users/air/Downloads/Ненецкие аудио/data/Старик Хув Хоба_new_443522.8437500001_449621.7928470993.wav,"пи' ерӈэ хая харюци' ню сидя мяд' понд"" товононда ма"
/Users/air/Downloads/Ненецкие аудио/data/Старик Хув Хоба_new_450104.6858255589_454375.1062524613.wav, хув' хоба вэску няр тамна юӈгу хув' хоба вэску ма
/Users/air/Downloads/Ненецкие аудио/data/Старик Хув Хоба_new_454911.6540063054_461764.71875.wav," илебции хадавэкы пукуркана ни тут' хув'няна нумда ялэма харюци"" ню ма"
/Users/air/Downloads/Ненецкие аудио/data/Старик Хув Хоба_new_466827.21875_472227.21875.wav,"хув' хоба вэску ма пукуна ни тут"" вунина' ямдаӈгу' нява' ӈатеӈгува'"
/Users/air/Downloads/Ненецкие аудио/data/Старик Хув Хоба_new_473054.0937500001_481997.84375.wav,"хасва нюхда хув' хоба вэску ма хабтер мяд' хэван"" хадад мань нямд ӈынхана хамзядтеӈгув"
/Users/air/Downloads/Ненецкие аудио/data/Старик Хув Хоба_new_483702.21875_488224.71875.wav,хув' хоба ню харюцинда нюн' ма хабтем' хадаӈгудм'
/Users/air/Downloads/Ненецкие аудио/data/Старик Хув Хоба_new_489405.96875000006_493169.09375000006.wav,"нява"" ӈатеӈгува"" тым' хадаӈгува' ӈаебартава'"
/Users/air/Downloads/Ненецкие аудио/data/Старик Хув Хоба_new_494198.46875_504340.3437500001.wav,"хабте""ямди"" мяд"" хэван' хадади"" хув"" хобанд хасва ню ма ӈаебартани' ты"" маха хэван' ӈамдад"""
/Users/air/Downloads/Ненецкие аудио/data/Старик Хув Хоба_new_506483.46875_512777.8437500001.wav,"харюци' ню""ты"" маха"" хэван ӈамды маханда няна хув хоба вэска мя ну"
/Users/air/Downloads/Ненецкие аудио/data/Старик Хув Хоба_new_513790.34374999994_522799.3300200019.wav,"хув' хоба вэску еямда хархана ерада ӈоб' муӈг' ӈэдара хув' хоба"" ен""яда хэхдарев' пенды'"
/Users/air/Downloads/Ненецкие аудио/data/Старик Хув Хоба_new_523401.0950492481_527172.21875.wav,хув' хоба вэсконд муӈг'яда муно'монда
/Users/air/Downloads/Ненецкие аудио/data/Старик Хув Хоба_new_528707.8437499999_532352.540598871.wav,"харюцинд ню санавонда санавонда мята синд"" ха'мы"
/Users/air/Downloads/Ненецкие аудио/data/Старик Хув Хоба_new_532835.4335773306_537574.9387362861.wav,хув' хоба вэскор харюцинда нюм' ӈули' ӈэдарада харюцинд ню ма
/Users/air/Downloads/Ненецкие аудио/data/Старик Хув Хоба_new_538200.9111157709_547152.21875.wav,"ня'мнана"" ханевэва'нё"" нина"" хадаб""на хадахана"" харюцит ню ӈынамда вэрда ма"
/Users/air/Downloads/Ненецкие аудио/data/Старик Хув Хоба_new_548721.59375_553914.18864405.wav,хув' хоба вэску сит хадаӈгудм' хув' хоба вэску' ӈын'яда пенды'
/Users/air/Downloads/Ненецкие аудио/data/Старик Хув Хоба_new_554343.4268471252_561765.96875.wav,"харюцит ню ӈынм ер""мана мадада харюцит ню ӈынсяламгава харасяда ян"" сюрба нэкалӈада"
/Users/air/Downloads/Ненецкие аудио/data/Старик Хув Хоба_new_562829.0937500001_570777.21875.wav,"хув' хоба вэску нюнда ня"" харюци"" нюм"" пудда нёраку""лади маӈаха сит хадаӈгуни'"
/Users/air/Downloads/Ненецкие аудио/data/Старик Хув Хоба_new_573139.7187499999_581086.711034575.wav,"хув' хобахъюд харюцит нюм' сюрба тэва я""мади"" си'в яля' нёдади"" харюцит ню ваць ӈыдпида"
/Users/air/Downloads/Ненецкие аудио/data/Старик Хув Хоба_new_581551.7190879065_586943.46875.wav,"харюци"" ню ма хув' хоба си""м тэва ниди' пират"" мань хаядм"""
/Users/air/Downloads/Ненецкие аудио/data/Старик Хув Хоба_new_591887.84375_595887.2187500001.wav,мань яхнани ламдик харюцими таня ламдик харюцими хотадм'
/Users/air/Downloads/Ненецкие аудио/data/Старик Хув Хоба_new_597912.21875_607665.96875.wav,"харюци пухця ха хув' хоба пухця ма харюци"" нюм"" хадари' хув' хоба вэску ма тэва я'мами ӈэдарабтами"
/Users/air/Downloads/Ненецкие аудио/data/Старик Хув Хоба_new_610517.8437500001_619950.9687500001.wav,"хув' хоба вэскор харюцинда юр"" тым' тэ'днду мэйду' хув' хоба вэскор сыра' ямбан' иле ӈавраду' ни юӈгу'"
/Users/air/Downloads/Ненецкие аудио/data/Старик Хув Хоба_new_625300.3437500001_632894.0937500001.wav,ялей нумгана хув' хоба вэскор нюнда ня' мякана ӈамдёвэхэ' хув' хоба вэску хасва нюхдя ма
/Users/air/Downloads/Ненецкие аудио/data/Старик Хув Хоба_new_633923.46875_642495.96875.wav," сейми пина тыбками силкарт хув' хоба"" ню нисянда тыбка 'ям"" яля' ямбан' силпида"
/Users/air/Downloads/Ненецкие аудио/data/Старик Хув Хоба_new_647204.0937500001_654696.5937500001.wav,харюцит ню си' панувна сырӈа силарта силартан' муӈг' ӈэдара
/Users/air/Downloads/Ненецкие аудио/data/Старик Хув Хоба_new_656097.2187500001_660957.21875.wav,"сюдбя ӈын"" пендва' сер' силартам' сялво'мна путалада"
/Users/air/Downloads/Ненецкие аудио/data/Старик Хув Хоба_new_663134.0937500001_668061.5930006584.wav,"хув' хоба"" нюм' потолаӈадда хув' хобам' ӈани' путолада тикы муӈгар"
/Users/air/Downloads/Ненецкие аудио/data/Старик Хув Хоба_new_668705.4503052713_673495.3437500001.wav,"сидя хасвам"" хада'мадда пухцям"" ӈани' путолабтада тикы муӈгар"
/Users/air/Downloads/Ненецкие аудио/data/Старик Хув Хоба_new_674389.7187500001_677832.21875.wav,харюцит ню няхар' ненцям' ӈоб' муӈгхана путалабтэйда
/Users/air/Downloads/Ненецкие аудио/data/Старик Хув Хоба_new_679907.84375_687484.71875.wav,хув' хоба вэскор макода' сивна сана пяда харюцит ню макода' сивна хантаннам' ӈэхданда ня'мада
/Users/air/Downloads/Ненецкие аудио/data/Старик Хув Хоба_new_688395.9687500001_695652.21875.wav,"тад ӈобт' пёдхалъя"" ӈоб' ӈэдалёда товэнонда харюци вэску пухуцянда ня' ситты илевэхэ'"
/Users/air/Downloads/Ненецкие аудио/data/Старик Хув Хоба_new_698065.34375_706705.3437500001.wav,хув' хоба вэскомду' няхар'ӈэ пёда пяду' хув' хоба вэскомд' си'в яля пэрӈаду' мо'набта я'маду
/Users/air/Downloads/Ненецкие аудио/data/Старик Хув Хоба_new_707515.34375_713826.59375.wav,си'в яля' ӈэсоӈгана ӈыланду' мэду' хорака' сер мадебахая лядпа пяду'
/Users/air/Downloads/Ненецкие аудио/data/Старик Хув Хоба_new_714569.0937500001_719294.09375.wav,хув' хоба вэску ибэй и'лха хар' си минханда сумзеты
/Users/air/Downloads/Ненецкие аудио/data/Старик Хув Хоба_new_721403.46875_727613.46875.wav,"си'в яля хархана лядпиду' хув' хоба вэску хаван' ни харва"" харюци вэску ню ма"
/Users/air/Downloads/Ненецкие аудио/data/Старик Хув Хоба_new_728625.9687500001_732524.09375.wav,"пя"" таня' хув' хоба вэскум тун' парадахава"""
/Users/air/Downloads/Ненецкие аудио/data/Старик Хув Хоба_new_734363.46875_741383.46875.wav,"харюцит вэску пухуцянда ня' пэдара' пи тюкон' тэваба пяйди"" пи тэврахава тум' пята'"
/Users/air/Downloads/Ненецкие аудио/data/Старик Хув Хоба_new_742159.7187500001_750799.71875.wav,хув' хоба вэскомду' тун' парадамба пяду' хув' хоба вэску пара я'ма парадабдаханду' пэдаранду' пя' суса'
/Users/air/Downloads/Ненецкие аудио/data/Старик Хув Хоба_new_752537.8437500001_756689.09375.wav,хув' хоба вэску' ӈамзарида пара сейда пара я'ма
/Users/air/Downloads/Ненецкие аудио/data/Старик Хув Хоба_new_757364.0937499999_765447.21875.wav,"харюцит ню пара я'мна сейм тыбка' сюмбхана ладада ладванда сер' сей'я сидя ян"" лекэй'"
/Users/air/Downloads/Ненецкие аудио/data/Старик Хув Хоба_new_767117.84375_774357.2187500001.wav,ӈопой' ту' мурю санэй' сей' мюд тикы санана мурю ям' ӈыльня' си'ӈада
/Users/air/Downloads/Ненецкие аудио/data/Старик Хув Хоба_new_775470.9687500001_783064.7187500001.wav,"няхар' сырам' си'мононда я"" ӈыльня няхар сырэр"" ӈэсоӈгана хув' хоба вэскор хаванонда ма"
/Users/air/Downloads/Ненецкие аудио/data/Старик Хув Хоба_new_784988.46875_790135.34375.wav," я' ненцяӈэ тараван' харвадамзь я' ӈыльня' си'ми пакледа"""
/Users/air/Downloads/Ненецкие аудио/data/Старик Хув Хоба_new_791063.4687500001_795602.8437500001.wav,я' ӈыльна ӈылеканэ хантадм' нюта' ню ӈортадм'
/Users/air/Downloads/Ненецкие аудио/data/Старик Хув Хоба_new_798032.84375_805272.2187500001.wav,"хув' хоба вэску ӈылекаӈэ"" хая ӈадьбянда хаӈгава"" хув' хоба сидна"" ӈорна"
/Users/air/Downloads/Ненецкие аудио/data/Старик Хув Хоба_new_806284.7187500001_810807.21875.wav,харюци вэску хув' хобамда хадамахаданда яханда ямдэй
/Users/air/Downloads/Ненецкие аудио/data/Бедняк_new_26339.09375_29950.34375.wav,ваиленякор ялехэ' ханевари мэ'ӈа
/Users/air/Downloads/Ненецкие аудио/data/Бедняк_new_31013.46875_35308.08454753815.wav,ваиленякор нямзхэй' мэ'ӈа сидя ханесэйбциеда
/Users/air/Downloads/Ненецкие аудио/data/Бедняк_new_35802.085224658294_40412.84375.wav,ӈоб' сидя хоркыця хадаби халяком' нямзхэнд хадабанакы
/Users/air/Downloads/Ненецкие аудио/data/Бедняк_new_45475.34375_49120.34375.wav,ваиленякор ся'ны' ӈэбто поӈгацята хая'
/Users/air/Downloads/Ненецкие аудио/data/Бедняк_new_55954.71875000001_59059.71875.wav,ма ӈэми ӈамгэн' пакалй'
/Users/air/Downloads/Ненецкие аудио/data/Бедняк_new_63379.71875_67311.59375.wav,ӈэнда пакла'ма сивня сылы'
/Users/air/Downloads/Ненецкие аудио/data/Бедняк_new_76170.96875_79360.34375.wav,савовна манэ'ӈада падарта таневы
/Users/air/Downloads/Ненецкие аудио/data/Бедняк_new_84625.34375_89130.96875000001.wav,парэӈгода есьда яв' вархана лабтэйхана сюрвы'
/Users/air/Downloads/Ненецкие аудио/data/Бедняк_new_90447.21875_94699.71875.wav,ваиленякор тикы ӈэнда сим' ӈамгэковахана саркабтада
/Users/air/Downloads/Ненецкие аудио/data/Бедняк_new_102900.96875_106596.59375.wav,поӈгата ядалй' поӈгада вабта пя
/Users/air/Downloads/Ненецкие аудио/data/Бедняк_new_112215.96875_115725.96875.wav,ваиленякор пыримда ха'врада
/Users/air/Downloads/Ненецкие аудио/data/Бедняк_new_116957.84375_119995.34375.wav,поӈгата неры хадавы хоркацямда пэбтада
/Users/air/Downloads/Ненецкие аудио/data/Бедняк_new_121277.84375_127403.46875.wav,поӈгамдэ нэкалӈадэ хоркацяда ид' ӈылна пэбтё хая
/Users/air/Downloads/Ненецкие аудио/data/Бедняк_new_131942.84375_137342.84375.wav,хоркам' хадавы есӈганда пыримда икда тявна сапидада
/Users/air/Downloads/Ненецкие аудио/data/Бедняк_new_141038.46875000003_144531.59375.wav,пухуцяда ма ханьдам' нин хада'
/Users/air/Downloads/Ненецкие аудио/data/Бедняк_new_149796.59375_156360.96875.wav,пухуцяда ма поӈгам' мярбин есъи мярбин хадабадар няна' тянёнё'
/Users/air/Downloads/Ненецкие аудио/data/Бедняк_new_157474.71875000003_163650.96875.wav,ваиленяко ескед манэ'идамзь хуняна нянат тоидамзь
/Users/air/Downloads/Ненецкие аудио/data/Бедняк_new_167650.34375000003_173354.09375.wav,ӈобкана хаяха' хуняна таняна хунана хямзхэти' поӈгаха' тэвъяха
/Users/air/Downloads/Ненецкие аудио/data/Бедняк_new_175784.09375_179074.71875000003.wav,нямзхэти' поӈг вэрдади
/Users/air/Downloads/Ненецкие аудио/data/Бедняк_new_184525.34375_189284.09375.wav,тикымди манэ'ӈаха' ӈани хана юӈго
/Users/air/Downloads/Ненецкие аудио/data/Бедняк_new_192743.46875_197569.71875.wav,тад есъиди манэ'ӈаха' хоркы юӈгу ӈобт' пыри хавы
/Users/air/Downloads/Ненецкие аудио/data/Бедняк_new_202125.96875000003_207205.34375000006.wav,валеняконд пухуця ма ид' ӈылувна ядэртя хоркы' таневы'
/Users/air/Downloads/Ненецкие аудио/data/Бедняк_new_211356.59375_216537.21875.wav,пыри' хасуй явна ядармы' хэнзер' няти' ха'маха' хаӈаха'
/Users/air/Downloads/Ненецкие аудио/data/Бедняк_new_218072.84375_221380.34375.wav,тэри пыса мякди' ядӈаха'
/Users/air/Downloads/Ненецкие аудио/data/Бедняк_new_226307.84375_233057.84375.wav,ваиленякор марцьхадда пухуцямда пиняку' судасетыда таль'няку' нэкалцетыда
/Users/air/Downloads/Ненецкие аудио/data/Бедняк_new_234374.09375_238778.46875.wav,ваиленяконд' пухуця тей вэсында ӈэ' сивна ӈэда хая
/Users/air/Downloads/Ненецкие аудио/data/Бедняк_new_240415.34375_248397.21875.wav,ма ваиленяко ӈэми ям' сина си ӈэвы лабтай ӈамгэ' лабтай
/Users/air/Downloads/Ненецкие аудио/data/Бедняк_new_249392.84375000006_253004.09375.wav,ваиленяконд пуху ӈэ'набтаӈга
/Users/air/Downloads/Ненецкие аудио/data/Бедняк_new_260766.59375000003_265542.21875.wav,ваиленяконд пухуця ма парэӈгода' еся' нэвы' талехами'
/Users/air/Downloads/Ненецкие аудио/data/Бедняк_new_266267.84375_271279.71875.wav,ваиленякор ма таляба ӈавотами' парэӈгода' есь навотами'
/Users/air/Downloads/Ненецкие аудио/data/Бедняк_new_274941.59375000006_282737.84375.wav,ваиленяконд пухуця ма ӈаврами юӈгусеты хибяхэва' ханавы ӈэӈгу мань' ханавэми' ни ӈэӈгу'
/Users/air/Downloads/Ненецкие аудио/data/Бедняк_new_283412.84375000006_289740.96875000006.wav,ваиленякор ма няни ненсюмзетын пыдцеяр си'ми нён хусара'
/Users/air/Downloads/Ненецкие аудио/data/Бедняк_new_292424.09375_298752.21875.wav,ма ӈавора' мадами сит ханзер' хусараӈгудм'
/Users/air/Downloads/Ненецкие аудио/data/Бедняк_new_305097.21875_311222.84375000006.wav,лабтэйм' минеӈаха' хорва' небя нарер'яӈа
/Users/air/Downloads/Ненецкие аудио/data/Бедняк_new_320031.59375_325110.96875000006.wav,хусувэй вадам' мад' намдрар тикы тёриртам' ӈамгэӈэ пэрӈар
/Users/air/Downloads/Ненецкие аудио/data/Бедняк_new_326190.96875_332924.09375.wav,парэӈгода' идя хая салдатда садабиду' нир хамадамбю' парэӈгода' му'
/Users/air/Downloads/Ненецкие аудио/data/Бедняк_new_335590.34375000006_342120.96875000006.wav,мякди' тэвъяха' тарця юн то парэӈгода' еся талеребтеид'
/Users/air/Downloads/Ненецкие аудио/data/Бедняк_new_343724.09375_349917.21875.wav,харданда тер тянёлибтейда парэӈгода ма лабтэйми тикы' ёльцьӈгана юху
/Users/air/Downloads/Ненецкие аудио/data/Бедняк_new_351250.34375_355452.21875000006.wav,ваиленякоми ӈэва тосьты ӈэва ӈэвадай'
/Users/air/Downloads/Ненецкие аудио/data/Бедняк_new_356835.96875_361459.71875.wav,ӈамгэ сер' ӈэбта ваиленяко ярменакы
/Users/air/Downloads/Ненецкие аудио/data/Бедняк_new_362792.84375_367062.21875.wav,пухуцямда тюкон' тара' пухуцямда лахнако пяӈгудм'
/Users/air/Downloads/Ненецкие аудио/data/Бедняк_new_368226.59375_372124.71875.wav,ваиленяко' пухуцям' салдат' тюкон' нэкалӈаду' парэӈгода' мят'
/Users/air/Downloads/Ненецкие аудио/data/Бедняк_new_374554.71875_378959.09375.wav,ваиленяконд пухуця ма парэӈгода ӈамгэ вада
/Users/air/Downloads/Ненецкие аудио/data/Бедняк_new_379667.84375_384527.8437500001.wav,парэӈгода ма ӈамгэ вада ӈэӈгу вадами таня
/Users/air/Downloads/Ненецкие аудио/data/Бедняк_new_386080.34375_391379.09375.wav,пухуцяни илер' вэва сит хамзадм' пухуцями хаеӈгув
/Users/air/Downloads/Ненецкие аудио/data/Бедняк_new_392847.21875_398685.96875.wav,ваиленякомд сяндакэн ваиленякор илева' ямбан' маӈгби
/Users/air/Downloads/Ненецкие аудио/data/Бедняк_new_400103.4687500001_404592.21875.wav,тюкон'тэвбат ӈаврарим' теневаӈгун харван
/Users/air/Downloads/Ненецкие аудио/data/Бедняк_new_405857.84375_412202.84375.wav,ваиленяко' пухуця ма ненся ваданд ӈэб' ханя мазён маханя' ванидм' ӈа'
/Users/air/Downloads/Ненецкие аудио/data/Бедняк_new_412894.71875_418598.46875000006.wav,парэӈгода ма ваиленяко' пухуця хурка ӈобт' и'ӈут' ха'мыни'
/Users/air/Downloads/Ненецкие аудио/data/Бедняк_new_420285.96875000006_425601.59375.wav,ваиленяко' пухуця ма пыдар мамб'нанд мань хамадыдм'
/Users/air/Downloads/Ненецкие аудио/data/Бедняк_new_427002.21875000006_430714.71875.wav,ӈобт' ӈамдувдани' ӈэб'нани' теда' ӈамдхани'
/Users/air/Downloads/Ненецкие аудио/data/Бедняк_new_431895.96875_435743.46875.wav,ваиленяко' ӈамгэнда хайрылаӈгуни'
/Users/air/Downloads/Ненецкие аудио/data/Бедняк_new_440670.96875_445260.96875.wav,есяни лабтэй юху ваиленяко тарцям' нинякы тэвра'
/Users/air/Downloads/Ненецкие аудио/data/Бедняк_new_452449.7187500001_458357.49502064404.wav,тикэхэвм' мань тенев' нивув' хоркам ни хадамбю'
/Users/air/Downloads/Ненецкие аудио/data/Бедняк_new_458858.7124298938_466422.21875.wav,есъи манэ'манзь нянада хаядамзь есят лабтэйм' ваиленяко' талева яля нендо
/Users/air/Downloads/Ненецкие аудио/data/Бедняк_new_467924.09375000006_475079.09375.wav,нямзхэта поӈг манэсарць пяни' нямзахэй поӈган' хоркы хавы
/Users/air/Downloads/Ненецкие аудио/data/Бедняк_new_476108.46875_481148.91863422975.wav,ӈули' нендо яля хоркыта есӈга' хаяни'
/Users/air/Downloads/Ненецкие аудио/data/Бедняк_new_481640.94567374326_486402.21875.wav,ӈобт' пыри хавы тикы нендо яля ваиленяко' талоро'ма
/Users/air/Downloads/Ненецкие аудио/data/Бедняк_new_487127.84375_494949.20795843186.wav,мякни' ядалъяни' тюку надо' нимня мимба'ни' си'м тырцадасьты
/Users/air/Downloads/Ненецкие аудио/data/Бедняк_new_495243.5383892888_500104.71875.wav,нэхэдасьты тарем' яднахани' есят лабтэйм' пили' талеми'
/Users/air/Downloads/Ненецкие аудио/data/Бедняк_new_500847.21875_504525.96875000006.wav,тикы лабтэйм' тале'мадани' мякани' ядани
/Users/air/Downloads/Ненецкие аудио/data/Бедняк_new_505707.21875_511765.34375000006.wav,пихи сенцяд мюня салдатад сит сада хабармонду'синё
/Users/air/Downloads/Ненецкие аудио/data/Бедняк_new_512710.34375_518549.0937500001.wav,сит садаббату' ярӈанась мань' хэвувнанд лабтэйм' хананинзь
/Users/air/Downloads/Ненецкие аудио/data/Бедняк_new_520371.5937500001_526075.34375.wav,парэӈгода ма ӈацекэни ся'ны яля' си'ми садавы ӈэбту'
/Users/air/Downloads/Ненецкие аудио/data/Бедняк_new_527610.96875_531930.9687500001.wav,тененами юӈгу ваиленяко вада' ӈэӈгу'
/Users/air/Downloads/Ненецкие аудио/data/Бедняк_new_532656.59375_539406.59375.wav,хо'ӈара' ит' хоркым' хадавы ӈэбта хасуй ян' пырим' хадавы ӈэбта
/Users/air/Downloads/Ненецкие аудио/data/Бедняк_new_542444.0937500001_546207.21875.wav,парэӈгода ма есяни лабтэй юху пыдар ханар
/Users/air/Downloads/Ненецкие аудио/data/Бедняк_new_547185.96875_551421.59375.wav,ваиленяко ма парэӈгода есят лабтэйм' ӈавутав
/Users/air/Downloads/Ненецкие аудио/data/Бедняк_new_564517.00748696_567891.5937500001.wav,ӈэва тоба'н мэдми тасету' нинув'
/Users/air/Downloads/Ненецкие аудио/data/Бедняк_new_568769.0937500001_573394.1285537169.wav,парэӈгода ма ваиленяко ӈока вадам' нён мэс'
/Users/air/Downloads/Ненецкие аудио/data/Бедняк_new_577560.96875_581189.09375.wav,ваиленяко есяни лабтэйм' талева нендо ӈэрка
/Users/air/Downloads/Ненецкие аудио/data/Бедняк_new_588884.0937500001_594030.96875.wav,ханзер' хоркы поӈган' хаӈгу тикы вадар вадарха ни ӈа
/Users/air/Downloads/Ненецкие аудио/data/Бедняк_new_594959.09375_598165.3437500001.wav,парэӈгода ма есанд' пырим' хадасан
/Users/air/Downloads/Ненецкие аудио/data/Бедняк_new_599228.46875_604591.0303839104.wav,ваиленяко ма ханзер' пыри есэнд' еремда таминда хаӈгу
/Users/air/Downloads/Ненецкие аудио/data/Бедняк_new_605182.5427644654_609201.59375.wav,парэӈгода ма салдатни ханзер' си'мй садабса'
/Users/air/Downloads/Ненецкие аудио/data/Бедняк_new_611074.7187500001_618668.4687500001.wav,ярцадм' тёрырцадм' ваиленяко ма харт таслахарт ӈани'я' тер' садаӈгу' хибя' вада'
/Users/air/Downloads/Ненецкие аудио/data/Бедняк_new_623055.9687500001_626329.0397160276.wav,ваиленяко' пухуця ненся хоркы хадасади' поӈган'
/Users/air/Downloads/Ненецкие аудио/data/Бедняк_new_632742.2187500001_640133.46875.wav,ваиленяко' пухуця хавысь парэӈгода ма ӈацекэни ӈамгэна си'ми садаса' хасвар есь' лабтэйм' хана сада
/Users/air/Downloads/Ненецкие аудио/data/Бедняк_new_642917.84375_646850.7348982033.wav,ваиленяко' пухуця ма нендо яляна ханада
/Users/air/Downloads/Ненецкие аудио/data/Бедняк_new_651540.96875_657658.270449644.wav,ваиленяко ма парэӈгода харт неӈэ мэ'ӈар пыдар таслад сова вэва
/Users/air/Downloads/Ненецкие аудио/data/Бедняк_new_658064.3849235236_664716.5241683064.wav,"парэӈгода ма салдат"" ханяна хая' тюку нем' хасвада маӈгби ӈамгэ' е'мня хадабида"
/Users/air/Downloads/Ненецкие аудио/data/Бедняк_new_665320.3617362687_671892.21875.wav,салдат' ханяна хаяда' ваиленяконда' пухуцям' хардан нё' хэван' тебарӈара'
/Users/air/Downloads/Ненецкие аудио/data/Бедняк_new_672955.3437500001_676617.2187500001.wav,нянани хаепаван' харва ваиленяко таня илея
/Users/air/Downloads/Ненецкие аудио/data/Бедняк_new_681291.59375_685455.5836140523.wav,ваиленякор недда хонакы паскуй луцаӈэ хая
/Users/air/Downloads/Ненецкие аудио/data/Царь и Поп_new_9852.218750000002_17024.093750000004.wav,парэӈгода' хэбидя яляда тоӈов поп хуна мэцида паныда сера
/Users/air/Downloads/Ненецкие аудио/data/Царь и Поп_new_18914.09375_26237.84375.wav,"попанд небядаӈо' емба'й' сямян харад' тер"" парэӈгода' мят' хая'"
/Users/air/Downloads/Ненецкие аудио/data/Царь и Поп_new_27014.09375_30051.59375.wav,попар палкада то палкамда хамдаванзь хая
/Users/air/Downloads/Ненецкие аудио/data/Царь и Поп_new_31722.218750000004_38185.34375.wav,палкамда хамдаба пя ӈоб' ня'мна ня'мада попар манзьты
/Users/air/Downloads/Ненецкие аудио/data/Царь и Поп_new_42117.21875_47770.34375.wav,ситя ня'мвэда мине ханада ӈули' мэёвна ня'мбида
/Users/air/Downloads/Ненецкие аудио/data/Царь и Поп_new_51685.34375_54739.71875.wav,тад сылы' я мядта ӈэвы ма
/Users/air/Downloads/Ненецкие аудио/data/Царь и Поп_new_56275.34375000001_61455.96875.wav,хадава сит нидм' хадаӈгу' иле нядан сит ханадамзь
/Users/air/Downloads/Ненецкие аудио/data/Царь и Поп_new_63160.34375_67800.96875000001.wav,попар мякнанда хаёсеты я мятар ядэрцеты
/Users/air/Downloads/Ненецкие аудио/data/Царь и Поп_new_69032.84375_75310.34375.wav,сяни ханю тасьты ӈамгэ я пиркна попар нюм' хо
/Users/air/Downloads/Ненецкие аудио/data/Царь и Поп_new_76407.21875_81790.34375.wav,нюкцяди' ненэй ӈацекэку хакцярида варк' ха'
/Users/air/Downloads/Ненецкие аудио/data/Царь и Поп_new_83629.71875000001_87780.96875.wav,я' мядтар ма нюд сыдэ'маха' та'
/Users/air/Downloads/Ненецкие аудио/data/Царь и Поп_new_88759.71875_92117.84375.wav,попар имбытата ми'ӈа я мядта ма
/Users/air/Downloads/Ненецкие аудио/data/Царь и Поп_new_93062.84375_97720.34375.wav,нюми варк' хам' нюбе'ӈа хавоне пыда' нив'
/Users/air/Downloads/Ненецкие аудио/data/Царь и Поп_new_101264.09375_107457.21875.wav,попар нюмдя лэтба хаёрцеты ӈацекэку вады вахалй'
/Users/air/Downloads/Ненецкие аудио/data/Царь и Поп_new_109600.34375_114831.59375.wav," ӈаркамбой ӈацекэӈэ хаядм' небяв ӈамгэ си'н то'лха ни ӈа"""
/Users/air/Downloads/Ненецкие аудио/data/Царь и Поп_new_124534.71875_129900.96875.wav,варк' ха ӈули' ӈарка ненцяӈэ хая небяда хане ядэрцеты
/Users/air/Downloads/Ненецкие аудио/data/Царь и Поп_new_130829.09375_134389.71875.wav,варк' ха нисяханда ма небяр ханяна мэ
/Users/air/Downloads/Ненецкие аудио/data/Царь и Поп_new_135199.71875000003_143097.21875.wav,небянд хэхэни' сит то'лха не юӈгуса тароси' са'лан ӈэвэн си'м ханзер' тарцяд хон
/Users/air/Downloads/Ненецкие аудио/data/Царь и Поп_new_146219.09375_152310.96875.wav,поп ӈамгэ ёльцьгана тирцвкуць ханада сюдэйта поӈгад тирцидесьтыда
/Users/air/Downloads/Ненецкие аудио/data/Царь и Поп_new_153306.59375000003_157508.46875000003.wav,яхком' хо ӈоб' хав хо пя таневы
/Users/air/Downloads/Ненецкие аудио/data/Царь и Поп_new_158909.09375_163819.71875000003.wav,поп тяхня' тирцидеда небяда то варк пухця ма
/Users/air/Downloads/Ненецкие аудио/data/Царь и Поп_new_169675.34375000003_175885.34375.wav,хавра пя' ни' лисерй' варк' ха небяда хавха' ни' то
/Users/air/Downloads/Ненецкие аудио/data/Царь и Поп_new_178163.46875000003_184795.34375.wav,махана небямда лада ӈэванда небяда тебкада небяда ма
/Users/air/Downloads/Ненецкие аудио/data/Царь и Поп_new_185672.84375_192119.09375.wav,варк' ха темд' сэхэн' ерембат си'м нён вал' небяда хая
/Users/air/Downloads/Ненецкие аудио/data/Царь и Поп_new_194599.71875_199594.71875000003.wav,нерня' тирцидеда варк' ха парэӈгода' харад ӈадимя
/Users/air/Downloads/Ненецкие аудио/data/Царь и Поп_new_201096.59375_204623.46875.wav,поп' мяд' нивэда ехра' поп тирцидеда
/Users/air/Downloads/Ненецкие аудио/data/Царь и Поп_new_210107.84375_215799.79040644207.wav,поп' небя ма нивась мань ӈэдара' хэбидя ялена юхусь
/Users/air/Downloads/Ненецкие аудио/data/Царь и Поп_new_216421.48524445566_220485.96875.wav,варк' ха ма хайни манэс ӈамгэ' то'лха'
/Users/air/Downloads/Ненецкие аудио/data/Царь и Поп_new_221954.09375000003_228045.96875.wav,варк' ха хадананда иле манзаядда пюла парэӈгодад варк' ха ма
/Users/air/Downloads/Ненецкие аудио/data/Царь и Поп_new_230712.21875_234964.71875.wav,саваха' манзая' та' манзаранархадм' нидм' ӈэсьту'
/Users/air/Downloads/Ненецкие аудио/data/Царь и Поп_new_235960.34375_240955.34375000006.wav,маеӈо парэӈгода' ян' манзаядми пюрманзь хантадм' юнодми тада'
/Users/air/Downloads/Ненецкие аудио/data/Царь и Поп_new_247604.09375_253510.34375.wav,юно' лябтарасьты' лябтарасьты' согумда ӈылад'
/Users/air/Downloads/Ненецкие аудио/data/Царь и Поп_new_254347.02284753253_257931.59375.wav,ӈобкарт сава юном' ни ху' варк' ха ма
/Users/air/Downloads/Ненецкие аудио/data/Царь и Поп_new_259787.84375000003_263280.96875.wav,ӈамгэ хардаку харад' малхана ӈа хибяду' иле
/Users/air/Downloads/Ненецкие аудио/data/Царь и Поп_new_264040.34375000006_269946.59375000006.wav,ма' ненцие ӈамы юном' тикэн' пакалӈаваць сямян хаевэда юӈгусь
/Users/air/Downloads/Ненецкие аудио/data/Царь и Поп_new_271380.96875_277540.34375000006.wav,варк' ха ма' тара' ядэрта луца нём' нэ юномда ӈадимде
/Users/air/Downloads/Ненецкие аудио/data/Царь и Поп_new_278974.71875_286450.34375.wav,юно' ӈар вани ӈа тобда ӈано ява тебхана тебвы' варк' ха ма
/Users/air/Downloads/Ненецкие аудио/data/Царь и Поп_new_288019.71875000006_294179.09375.wav,юноми тикэня мэя нянду' тебарта' табороку' ӈэя мадаӈгая'
/Users/air/Downloads/Ненецкие аудио/data/Царь и Поп_new_295174.71875_299393.46875.wav,тарця' панэдами яд' сидя вэда еся панэдами яд'
/Users/air/Downloads/Ненецкие аудио/data/Царь и Поп_new_304742.84375_310210.34375.wav,"хаданда мякна варк хар си""ив яля' хоны си""имдей яленда юркы'"
/Users/air/Downloads/Ненецкие аудио/data/Царь и Поп_new_311189.09375000006_314682.21875.wav,юнонда хая юномда пин' тарпрада
/Users/air/Downloads/Ненецкие аудио/data/Царь и Поп_new_315357.21875_318512.84375.wav,паныда сера юнонда маха' ни' ӈамды'
/Users/air/Downloads/Ненецкие аудио/data/Царь и Поп_new_320571.59375000006_325026.59375.wav,"хардада си""ив сюртейда юнода харта янимы"
/Users/air/Downloads/Ненецкие аудио/data/Царь и Поп_new_326207.84375_334240.34375.wav,"хаданда мят' хая ӈорӈа хая сянри по' мимбта нерда няд ӈоб"" юнитана"
/Users/air/Downloads/Ненецкие аудио/data/Царь и Поп_new_335691.59375000006_340028.46875.wav,"хэвбовнанда хынрада нити' сэври' сырӈаха"""
/Users/air/Downloads/Ненецкие аудио/data/Царь и Поп_new_340872.21875_345749.09375000006.wav,варк' хар сапхалӈада нянда пыя нянанда то
/Users/air/Downloads/Ненецкие аудио/data/Царь и Поп_new_347402.84375000006_352262.84375.wav,сепханда пакледа саӈоти ха'мнам' валцийӈарь' варк' ха ма
/Users/air/Downloads/Ненецкие аудио/data/Царь и Поп_new_353376.59375000006_358405.34375000006.wav, ханяд тон няби ма маньеван недвата ядадм'
/Users/air/Downloads/Ненецкие аудио/data/Царь и Поп_new_359316.59375000006_363484.71875.wav,варк' ха ма пыяр юӈгувыню' варючи ненцянд ӈэдакэн
/Users/air/Downloads/Ненецкие аудио/data/Царь и Поп_new_365340.96875_370251.59375.wav,ма пыяв танесиню' варк' ха ма юӈгу тад пыясиком нюбес'
/Users/air/Downloads/Ненецкие аудио/data/Царь и Поп_new_370960.3437500001_374385.96875.wav,ма нянат тоходм' варк' ха ма ту'мо
/Users/air/Downloads/Ненецкие аудио/data/Царь и Поп_new_387160.34375_392104.71875.wav,варк' ха нянда ха ӈуданда сапъида ӈудананда нянда ха' то'
/Users/air/Downloads/Ненецкие аудио/data/Царь и Поп_new_392847.21875_397614.3662994388.wav,"варк' ха ма манзьвани тайку"" ядэртани' пыдар ханяд ядэртан"
/Users/air/Downloads/Ненецкие аудио/data/Царь и Поп_new_398117.6430730688_402820.34375.wav,ненця' ма мазён недвоцед якоцядми пюрӈадм' нянати' тутадм'
/Users/air/Downloads/Ненецкие аудио/data/Царь и Поп_new_410822.049936205_416995.34375.wav,ма яӈгова юӈгувы' ню' варк' ха ма таминда хасикор нюбес'
/Users/air/Downloads/Ненецкие аудио/data/Царь и Поп_new_418564.71875000006_422496.5937500001.wav,ӈэдалэид сян по мимбту та нултаду'
/Users/air/Downloads/Ненецкие аудио/data/Царь и Поп_new_423610.34375_428520.96875.wav,таб мядикоцям' серта' нойком' сидеро'ӈа хуняна варк' ха ма
/Users/air/Downloads/Ненецкие аудио/data/Царь и Поп_new_430326.59375_436941.59375.wav,пыясику пыдар хаёдан хаи ӈавор пиремби сидерта сивна сырӈа ма
/Users/air/Downloads/Ненецкие аудио/data/Царь и Поп_new_437852.84375_442695.96875.wav," ту ям' ӈэвыню' ӈылэва' ту ям' нимня ӈоб"" еся пул"
/Users/air/Downloads/Ненецкие аудио/data/Царь и Поп_new_443387.84375_448214.09375.wav,"пул' нимня ӈоб"" пу'лорёдакоця икар табор' ӈэбтав'"
/Users/air/Downloads/Ненецкие аудио/data/Царь и Поп_new_450694.7187500001_455419.71875.wav,"пухуцяко ӈэвы сядокада си'в тибя махакода ӈоб"" терва"
/Users/air/Downloads/Ненецкие аудио/data/Царь и Поп_new_456398.46875_460836.59375.wav,"нёнда сим'талада ва""авнда ниня мэ пухцяку ма нэд"
/Users/air/Downloads/Ненецкие аудио/data/Царь и Поп_new_461798.46875_466431.92355902493.wav,нидя ӈэдарамбю' пыясику пухцяко нёнда сим' харта тахабтада ма
/Users/air/Downloads/Ненецкие аудио/data/Царь и Поп_new_467015.0484438656_472952.84375000006.wav, мэкцядми та' ед' пиребархан пыясику ма мы' юӈгу
/Users/air/Downloads/Ненецкие аудио/data/Царь и Поп_new_475011.59375_480101.79766252043.wav,пыясим' нэкалӈада пыясикор лясэдэй' пухцяко лохомбада ед' вабта
/Users/air/Downloads/Ненецкие аудио/data/Царь и Поп_new_480684.922547361_485760.96875.wav,пыясику' ни вабтада пухцяко ма нюми тута нё' сим' тахабтэдм'
/Users/air/Downloads/Ненецкие аудио/data/Царь и Поп_new_494787.8213668471_501336.59375.wav,пэвсюмы' няна няюда тоӈа' хуркари ханёв тавэ' варк' ха ма
/Users/air/Downloads/Ненецкие аудио/data/Царь и Поп_new_511073.46875_514857.66207822313.wav,тэри хадена маӈа' ӈамгэр хадкэ пыяси ма
/Users/air/Downloads/Ненецкие аудио/data/Царь и Поп_new_515112.77921534085_520422.21874999994.wav,ӈамгэми хадкэӈгу хаӈгулыв' тюку я хабця' ӈэвы сёнзями есьмя
/Users/air/Downloads/Ненецкие аудио/data/Царь и Поп_new_526142.8437500001_533277.0402596894.wav,"мыд ханяна ӈа"" ӈамзид' ӈамзид' мыд ӈамзь хаӈгулын пыяси ма ханяд ӈамдын"
/Users/air/Downloads/Ненецкие аудио/data/Царь и Поп_new_533787.274533925_537735.96875.wav,маӈа' ханяна ханасид пыяси ма ӈульцей' ехрам
/Users/air/Downloads/Ненецкие аудио/data/Царь и Поп_new_540402.21875_546458.7182688857.wav,варк' хахъюд ӈавор' сертаӈа' ӈорӈа' хонэид' юркыд' ӈорӈа'
/Users/air/Downloads/Ненецкие аудио/data/Царь и Поп_new_546458.7182688857_549683.46875.wav,варк' ха ма хасику пыдар хаёданакэн
/Users/air/Downloads/Ненецкие аудио/data/Царь и Поп_new_551556.59375_555522.2187500001.wav,хасику хаи итамда мэ едамда пиреба пя
/Users/air/Downloads/Ненецкие аудио/data/Царь и Поп_new_556416.59375_560685.96875.wav,"саӈода сидер' сивна хэвы ӈоб"" пу'лорёдэм' манэ'ӈа"
/Users/air/Downloads/Ненецкие аудио/data/Царь и Поп_new_561344.09375_568701.59375.wav,"пухцяку ӈэвы сядоцяда си'в терва махакода ӈоб"" терва нёда син' то ма"
/Users/air/Downloads/Ненецкие аудио/data/Царь и Поп_new_578909.9664837172_586319.0937500001.wav,хасику ма юӈгу хасикум' ня'мада лата ни' лясабтада едм' хасику' ни' вабтада
/Users/air/Downloads/Ненецкие аудио/data/Царь и Поп_new_588023.4687500001_593762.451185061.wav,еды' хасикум' хыдяць ӈамада ӈорць ёльцей' хасикум' мода
/Users/air/Downloads/Ненецкие аудио/data/Царь и Поп_new_594187.0817410245_600213.1776038168.wav,синий ӈавор мэйда пин' выркада нё' сим' нэбё хаеда
/Users/air/Downloads/Ненецкие аудио/data/Царь и Поп_new_600565.9018893131_605944.71875.wav,хасикор санэй' хроватьда ни' пэсьняна няхъюда тоӈа'
/Users/air/Downloads/Ненецкие аудио/data/Царь и Поп_new_606552.2187500001_610754.09375.wav,варк' ха ма хасику ханяна хаян ӈани' хаӈгулын
/Users/air/Downloads/Ненецкие аудио/data/Царь и Поп_new_612222.2187500001_616053.9349713305.wav,хасику' мунда юӈгу варк' хар тумда пята ӈавор пя
/Users/air/Downloads/Ненецкие аудио/data/Царь и Поп_new_616599.054321643_619793.6348726404.wav,ма ӈавор' ханяна ӈа' хасику ма ехрадм'
/Users/air/Downloads/Ненецкие аудио/data/Царь и Поп_new_620418.9188332931_625939.6161039734.wav,варкэ ха ма тикыд ӈамзь хаӈгулын хасику ма ӈамгэд ӈамдын
/Users/air/Downloads/Ненецкие аудио/data/Царь и Поп_new_626308.3733115377_631982.84375.wav,ӈобкарт мынм' ӈамдавэдм' нянади' ӈавортадм'
/Users/air/Downloads/Ненецкие аудио/data/Царь и Поп_new_632624.0937499999_637990.34375.wav,няхъюда ӈаворӈа маӈа' хасику нор' хонэйд' юркыд' варк' ха ма
/Users/air/Downloads/Ненецкие аудио/data/Царь и Поп_new_640150.34375_644959.7187500001.wav,мань хабцянди' мэнэтадм' хаӈгоб'нув' хасику' хая'
/Users/air/Downloads/Ненецкие аудио/data/Царь и Поп_new_645786.5937500001_654309.3251670881.wav,"варк' хар пям' ни пэс идм' ни та' сидерта сивна сылы' сидерта сивна сылы' ӈоб"" пу'лорёдакоця"
/Users/air/Downloads/Ненецкие аудио/data/Царь и Поп_new_654309.3251670881_659286.5937500001.wav,"пухця ӈэвы сядоцяда си'в терва махакода ӈоб"" терва"
/Users/air/Downloads/Ненецкие аудио/data/Царь и Поп_new_669529.71875_674254.7187499999.wav,нюми яӈгорханё' тюку яля' варк' ха тюкона мэӈгусь юӈгу
/Users/air/Downloads/Ненецкие аудио/data/Царь и Поп_new_675081.5937500001_682388.4687500001.wav,синий ӈамзи ӈуданда харана мэйда варк' ха нерда тэса ма
/Users/air/Downloads/Ненецкие аудио/data/Царь и Поп_new_684447.21875_688403.3118698612.wav,ӈамзи ханя' минеид минеид ӈобт' тебӈа'
/Users/air/Downloads/Ненецкие аудио/data/Царь и Поп_new_688884.2995319017_692817.2187499999.wav,варк' хахъют пухцяхъют енедати' хэрна' хасуй хэлха'
/Users/air/Downloads/Ненецкие аудио/data/Царь и Поп_new_693694.71875_699189.8167750192.wav,варк хар пухуцякум ладорӈада вэясавэй палкасавэй хая нялода хая
/Users/air/Downloads/Ненецкие аудио/data/Царь и Поп_new_699622.7056708556_703549.71875.wav,варк' ха ӈамзида мэ итамда мэ пядамда мэ
/Users/air/Downloads/Ненецкие аудио/data/Царь и Поп_new_705997.1768706028_710839.1193351437.wav,тоӈа' варк' ха ма хабцянди' ховась
/Users/air/Downloads/Ненецкие аудио/data/Царь и Поп_new_710839.1193351437_714332.8437499999.wav,пыясикухуюд ӈобт' сылая' варк' ха ма
/Users/air/Downloads/Ненецкие аудио/data/Царь и Поп_new_718230.9687500001_723816.59375.wav,есям' тахара'мита ӈум' иням' сертади' ю' тибя ӈэя
/Users/air/Downloads/Ненецкие аудио/data/Царь и Поп_new_726010.34375_732608.4687500001.wav,си'в яля' хуна няхъюда тарцям' сертавэхэ' инянда мал мякданда пере
/Users/air/Downloads/Ненецкие аудио/data/Царь и Поп_new_733587.2187500001_736891.0638945655.wav,варк' хар хая я' сивна пакалй'
/Users/air/Downloads/Ненецкие аудио/data/Царь и Поп_new_743914.71875_750887.3637143467.wav,варк' хар сиде сох' ӈэва' нимня ӈадимя няби сох' ӈэва' ни' танэй'
/Users/air/Downloads/Ненецкие аудио/data/Царь и Поп_new_751592.8437500001_757885.9229034581.wav,сырӈа сененяӈы пухцяда хась пя ма
/Users/air/Downloads/Ненецкие аудио/data/Царь и Поп_new_758382.9434875667_763810.3437500001.wav,ябтов варк' харк' хо'ӈари' не нюхъюда маӈа'
/Users/air/Downloads/Ненецкие аудио/data/Царь и Поп_new_764468.46875_769480.34375.wav,ненцие' ӈамзи ӈамгэ ӈамзид мани' ӈамгэ серми' хабат ха'
/Users/air/Downloads/Ненецкие аудио/data/Царь и Поп_new_772180.34375_775200.9687500001.wav,варк' ха лата' ни тэса ха'мы'
/Users/air/Downloads/Ненецкие аудио/data/Царь и Поп_new_775859.09375_780330.96875.wav,пухцякомэ сян лабсада едяда юӈгу пухцякор ма
/Users/air/Downloads/Ненецкие аудио/data/Царь и Поп_new_781090.3437500001_785697.21875.wav,нюдя невами неданд ханад харт неданд вадабавы
/Users/air/Downloads/Ненецкие аудио/data/Царь и Поп_new_787064.09375_793307.8437500001.wav,мяд нябиняна' ӈамдедаха нехэ пыясит неӈэ ханахаюн'
/Users/air/Downloads/Ненецкие аудио/data/Царь и Поп_new_794944.71875_800479.7187500001.wav,ӈортакы хая няхар' нем' хана тэвыд'
/Users/air/Downloads/Ненецкие аудио/data/Царь и Поп_new_804741.0029168664_811887.2187500001.wav,хасиконда нем' нянда хэван' сярада пыда немдя хасиконда не' ӈыл' сярада
/Users/air/Downloads/Ненецкие аудио/data/Царь и Поп_new_815160.9687500001_818586.59375.wav,няхъюда товэнонди' пыясир маманонда
/Users/air/Downloads/Ненецкие аудио/data/Царь и Поп_new_821235.96875_825437.5740927248.wav, некоцяков мань немей хасикор маманонда
/Users/air/Downloads/Ненецкие аудио/data/Царь и Поп_new_825870.4629885613_830297.8437500001.wav,мань некоцями тайкуй нянди' не ӈадимя маӈа'
/Users/air/Downloads/Ненецкие аудио/data/Царь и Поп_new_831074.09375_838701.59375.wav,няни некоцяков няюта няхад савов пыясикор хасиконда ма ӈамгэм' ӈатен
/Users/air/Downloads/Ненецкие аудио/data/Царь и Поп_new_840642.21875_843949.7187500001.wav,иням' я' си' варан' няхар' сапади'
/Users/air/Downloads/Ненецкие аудио/data/Царь и Поп_new_844641.5937500001_849889.7187500001.wav,варк' ха ханяна хэвамда ехэра саболт' мантэй'
/Users/air/Downloads/Ненецкие аудио/data/Царь и Поп_new_850952.84375_854547.21875.wav,мал' табсавэй варк' хар ибедолы'
/Users/air/Downloads/Ненецкие аудио/data/Царь и Поп_new_855171.59375_858310.3437500001.wav, хавдархадм' сиде писендам' намда
/Users/air/Downloads/Ненецкие аудио/data/Царь и Поп_new_860267.8437500001_865414.71875.wav,теда' ӈамдами' небяр хос' пыда ӈэвамда ӈамда
/Users/air/Downloads/Ненецкие аудио/data/Царь и Поп_new_867912.21875_873092.8437500001.wav,варк' хар идя ядэлы небями лад'мами ӈадимдарха
/Users/air/Downloads/Ненецкие аудио/data/Царь и Поп_new_874240.34375_878880.96875.wav,небями мась си'ми нён хай' небями танесь
/Users/air/Downloads/Ненецкие аудио/data/Царь и Поп_new_879539.0937500001_883943.46875.wav,"теда' ладвы ӈамгэхэд тута лада хаевась"""
/Users/air/Downloads/Ненецкие аудио/data/Царь и Поп_new_884736.5937500001_888314.09375.wav,ӈамгэ' ёльцыгана ситя хорпада таневонда
/Users/air/Downloads/Ненецкие аудио/data/Царь и Поп_new_893106.59375_901712.84375.wav,"тю""уку' нэкалӈада сэвта си' табкоця хата си' табкоця нянзсетыда"
/Users/air/Downloads/Ненецкие аудио/data/Царь и Поп_new_902624.0937500001_906404.09375.wav,маханда ни' мода варк ха сылы' ма
/Users/air/Downloads/Ненецкие аудио/data/Царь и Поп_new_907534.71875_912884.09375.wav, хадавэми небями ӈэвы ма небянда илева илевэн
/Users/air/Downloads/Ненецкие аудио/data/Царь и Поп_new_914250.96875_919347.21875.wav,небяда ма иледм' небян' нисян' ниня намдорма сава ӈэвы
/Users/air/Downloads/Ненецкие аудио/data/Царь и Поп_new_920325.96875_925780.3691892632.wav,теда' сит тэвраӈгудм' сэвси' ирир тута сит пюрта
/Users/air/Downloads/Ненецкие аудио/data/Царь и Поп_new_926357.5543837118_930096.59375.wav,папают ня' парумбидм' папаюд танеӈа'
/Users/air/Downloads/Ненецкие аудио/data/Царь и Поп_new_932594.09375_938534.09375.wav,варк' хар ну сэвси ирида то пыянда малан' санэй'
/Users/air/Downloads/Ненецкие аудио/data/Царь и Поп_new_939209.09375_944136.59375.wav,ирида ма хибян варк' ха ма варк хадм
/Users/air/Downloads/Ненецкие аудио/data/Царь и Поп_new_944760.96875_950093.46875.wav,ирида ма пэвэни' ни' ӈамдад' ӈортакэхэ' хонэйд'
/Users/air/Downloads/Ненецкие аудио/data/Царь и Поп_new_952506.59375_956370.96875.wav,варк' хар хуняна ядалй' сеней мякнда тэвы'
/Users/air/Downloads/Ненецкие аудио/data/Царь и Поп_new_957450.96875_963441.59375.wav,няти' ӈамгэриди' юӈгу' юно'ярида хаёвы варк' хар ӈэдалэй'
/Users/air/Downloads/Ненецкие аудио/data/Царь и Поп_new_964352.84375_968841.59375.wav,явна ни мий' нумна ни мий' сид' ё' помна миӈа
/Users/air/Downloads/Ненецкие аудио/data/Царь и Поп_new_969719.09375_976722.21875.wav,хасикуйда ӈылнанда хаи' сян яля' миӈа парэӈгода хардан' тэвы'
/Users/air/Downloads/Ненецкие аудио/data/Царь и Поп_new_981210.96875_987100.34375.wav,"надналы ӈацекэӈэ хая харад' малхана ӈоб"" пэтана луца таневы"
/Users/air/Downloads/Ненецкие аудио/data/Царь и Поп_new_988416.5937500002_993111.73557757.wav,варк' хар луца' тыбка' ӈылна сакадарӈа луца вэсако ма
/Users/air/Downloads/Ненецкие аудио/data/Царь и Поп_new_993640.8220058148_998187.21875.wav,тюку ӈацекым' нивхава' сап' пухуцяда ма ӈамгэм' ня'ӈан
/Users/air/Downloads/Ненецкие аудио/data/Царь и Поп_new_999824.09375_1004790.2708936561.wav,вэсако луцар ма ӈамгэ енар' нятадм' ӈацекэ'е товы
/Users/air/Downloads/Ненецкие аудио/data/Царь и Поп_new_1005142.9951791525_1009527.21875.wav,пухуця ма мяд' ня' мод евако ӈацекы ӈэдакы
/Users/air/Downloads/Ненецкие аудио/data/Царь и Поп_new_1010252.84375_1013847.21875.wav,мят' мод мода варк' ха тикана иле
/Users/air/Downloads/Ненецкие аудио/data/Царь и Поп_new_1016631.59375_1021795.34375.wav,сырам' тэвабасьты вэсаку няню' ӈавора'ми тасьты
/Users/air/Downloads/Ненецкие аудио/data/Царь и Поп_new_1022639.09375_1025963.4687500002.wav,тикыду' ӈамзь хонасетыд' вэсаку ма
/Users/air/Downloads/Ненецкие аудио/data/Царь и Поп_new_1026925.3437499999_1031717.8437500001.wav,"сидя ехрана луца тэввэхэ' няхар' нем' тавэхэ"""
/Users/air/Downloads/Ненецкие аудио/data/Царь и Поп_new_1032325.3437500002_1037505.9687500002.wav,хэбидя ялям' мэта' сямян харад' тер' мал ма'лаӈгуд'
/Users/air/Downloads/Ненецкие аудио/data/Царь и Поп_new_1039328.4687500002_1044880.3437500001.wav,ялэма парэӈгода' мят' хая' няхар' не тикэня мэ'
/Users/air/Downloads/Ненецкие аудио/data/Царь и Поп_new_1045977.21875_1051225.34375.wav,пыда недя вабтбадаӈэ тара пыяси ма
/Users/air/Downloads/Ненецкие аудио/data/Царь и Поп_new_1052609.09375_1057739.0937500002.wav,варк' ха хабцьӈгана хась недя тикэня мэ
/Users/air/Downloads/Ненецкие аудио/data/Царь и Поп_new_1063122.2187500002_1066294.71875.wav,варк ха недя пыда нянда тэвы' ма
/Users/air/Downloads/Ненецкие аудио/data/Царь и Поп_new_1067290.34375_1075373.46875.wav,няби ӈудананд сяркар ня' мад сяркам' ня'мада ӈамада няӈганда ха'мы'
/Users/air/Downloads/Ненецкие аудио/data/Царь и Поп_new_1077314.0937500002_1084232.84375.wav,парэӈгода ма нюрхами нив' ӈаэ варкэ ха нэлсуй ма
/Users/air/Downloads/Ненецкие аудио/data/Царь и Поп_new_1085009.09375_1089227.84375.wav, лахнакув тане' сяркам' табтаэ ханяв мэс'
/Users/air/Downloads/Ненецкие аудио/data/Царь и Поп_new_1090695.96875_1097040.96875.wav,"""варк' ха поп' варкхад ховы ню варк' ха манзаядда пюсь хэвы"
/Users/air/Downloads/Ненецкие аудио/data/Царь и Поп_new_1098272.8437500002_1101681.59375.wav,пиня' миндянда сиде юнитанам' ховы
/Users/air/Downloads/Ненецкие аудио/data/Царь и Поп_new_1103520.96875_1107705.9687500002.wav,нябинда хаву матормы нябинда пыи матормы
/Users/air/Downloads/Ненецкие аудио/data/Царь и Поп_new_1108600.34375_1112245.34375.wav,ӈавраду' юӈгулавы' пыясику мякнанда хаёвы
/Users/air/Downloads/Ненецкие аудио/data/Царь и Поп_new_1112987.84375_1118624.0937500002.wav,"пухуцяку нёнда сим' тахабтавы мамы ""пыяси мэдми та'мо"""
/Users/air/Downloads/Ненецкие аудио/data/Царь и Поп_new_1122269.09375_1127669.0937500002.wav,пыяси ни мис' пыясим' нэкалӈада ядембада едан' мэда
/Users/air/Downloads/Ненецкие аудио/data/Царь и Поп_new_1128580.34375_1133625.96875.wav,ти' иняна ӈэда ӈамзи хана пыясир хаӈгулы'
/Users/air/Downloads/Ненецкие аудио/data/Царь и Поп_new_1134756.59375_1141776.59375.wav,пэвсюмы' няна варк' ха' тоӈа' маӈа' пыясику хан
/Users/air/Downloads/Ненецкие аудио/data/Царь и Поп_new_1142755.34375_1147058.4687500002.wav,пыясику' мунда юӈгу пыясику хаӈгулавы' пыясир ма
/Users/air/Downloads/Ненецкие аудио/data/Царь и Поп_new_1147885.3437500002_1153554.524748361.wav,хабця' я ӈэвы сёнзями нив' есяв' варк' ха ма
/Users/air/Downloads/Ненецкие аудио/data/Царь и Поп_new_1154003.4465662655_1159815.96875.wav,мыд ханяна ӈа' пыяси ма ехэрадм' ӈорӈа'
/Users/air/Downloads/Ненецкие аудио/data/Царь и Поп_new_1160474.09375_1168337.84375.wav,хуняна хасикор хаёвы хасикор ӈобтарем' пухуцякор парадавэда
/Users/air/Downloads/Ненецкие аудио/data/Царь и Поп_new_1172894.09375_1178631.59375.wav,варк' ха товы ма хасику хан хасику' мунда юӈгу
/Users/air/Downloads/Ненецкие аудио/data/Царь и Поп_new_1179458.46875_1184778.912498028.wav,ӈаврад ханяна ханасид хасику ма ехэрадм' ӈамгэрт' ним' ӈав'
/Users/air/Downloads/Ненецкие аудио/data/Царь и Поп_new_1185307.9989262726_1191068.4687500002.wav,тюкор хабця' я ӈэвы варк' хар ма ӈамгэрт хабця юӈгу ӈор'
/Users/air/Downloads/Ненецкие аудио/data/Царь и Поп_new_1193329.7187500002_1196839.7187500002.wav,хуняна юркыд' варк' харэ мякнанда хаёвы
/Users/air/Downloads/Ненецкие аудио/data/Царь и Поп_new_1197852.2187500002_1202813.46875.wav,варк' ха пям' нивы мэ' яв' ӈоб пу'ларёда
/Users/air/Downloads/Ненецкие аудио/data/Царь и Поп_new_1203927.21875_1211925.96875.wav,"пухуця ӈэвы сядоцяда си'в терва махакода ӈоб"" терва мят' тювы"
/Users/air/Downloads/Ненецкие аудио/data/Царь и Поп_new_1212600.9687500002_1215923.6600987324.wav,пухуцяр ӈамзи мал' ӈуданда харан' мэвыда
/Users/air/Downloads/Ненецкие аудио/data/Царь и Поп_new_1221089.09375_1227575.1242371206.wav,варк' хар пухуцям' ладорӈада ладта ӈэдарада едда пире
/Users/air/Downloads/Ненецкие аудио/data/Царь и Поп_new_1227959.914366753_1233930.96875.wav,няхъюда товыэ' варк' ха ма хабцяди' мэвась
/Users/air/Downloads/Ненецкие аудио/data/Царь и Поп_new_1234605.96875_1239810.488669061.wav,няхъюда ӈобтари' сылавэхэ' варк' хар си'в яля' хонёвы
/Users/air/Downloads/Ненецкие аудио/data/Царь и Поп_new_1240419.7397076457_1247380.34375.wav,няхъюда иням' паӈгалмэ' есям' тахар'миць инянда вэ' мякад перевы
/Users/air/Downloads/Ненецкие аудио/data/Царь и Поп_new_1249911.59375_1257167.8437500002.wav,няюта ня' мамы инями си'в лабдеӈгув си'в лабдеб'нан тодм'
/Users/air/Downloads/Ненецкие аудио/data/Царь и Поп_new_1258365.96875_1263884.09375.wav,варкэ хар я' сивня таси' ха'мвы' варк' хар сидя сохм' ховы
/Users/air/Downloads/Ненецкие аудио/data/Царь и Поп_new_1264778.4687500002_1273199.0937500002.wav,няби сох' ни' танавы' сылы' тяхняна сиде не синяна ӈоб' пухцяко хаван' харва
/Users/air/Downloads/Ненецкие аудио/data/Царь и Поп_new_1275561.5937500002_1283264.8687713838.wav,ма ябт хорм хорӈари' хорӈари' тедав' пир'ми маӈа'
/Users/air/Downloads/Ненецкие аудио/data/Царь и Поп_new_1287002.8437500002_1291879.7187500002.wav,варк' хар лата' ни ха'мвы' пухуцяком' си'в лабцвэда
/Users/air/Downloads/Ненецкие аудио/data/Царь и Поп_new_1293972.21875_1297296.59375.wav,пухуцяко ма не нюми недат ханад
/Users/air/Downloads/Ненецкие аудио/data/Царь и Поп_new_1298190.96875_1302325.3437500002.wav,тяний нехваюд пыясикот неӈэ ханаюн'
/Users/air/Downloads/Ненецкие аудио/data/Царь и Поп_new_1303236.59375_1307792.8437500002.wav,варк' хар няхар' нем' ханавы янду' син' тэввыда
/Users/air/Downloads/Ненецкие аудио/data/Царь и Поп_new_1313478.216823789_1318154.09375.wav,нянда ӈыл' хасиконда нем' сярвы тикэд пыда немдя сярвы'
/Users/air/Downloads/Ненецкие аудио/data/Царь и Поп_new_1318862.84375_1325207.8437500002.wav,пуняна сярда варк' хар инямда си'в лабидевэда няхъюда товэхэ'
/Users/air/Downloads/Ненецкие аудио/data/Царь и Поп_new_1327637.8437500002_1330905.5619661263.wav,пыясир ма некоцями мань неми ӈэӈгу
/Users/air/Downloads/Ненецкие аудио/data/Царь и Поп_new_1331354.483784031_1336024.71875.wav,хасикор ма мань некоцяковпыясир ма ӈамгэм' ӈатен
/Users/air/Downloads/Ненецкие аудио/data/Царь и Поп_new_1336649.0937500002_1340918.46875.wav,пыясику хасику нянди иням' сапвэди'
/Users/air/Downloads/Ненецкие аудио/data/Царь и Поп_new_1341930.96875_1346099.09375.wav,варк' хар ханямна хэвамда ехэравы сиде письндам' намдавы
/Users/air/Downloads/Ненецкие аудио/data/Царь и Поп_new_1349102.84375_1354878.2213231449.wav,ӈамзада ӈаркамбой мым' хони' тюкова варк' ха ӈэрханю'
/Users/air/Downloads/Ненецкие аудио/data/Царь и Поп_new_1355054.5834658928_1361404.7187500005.wav,небяр хос' мань лэтбахарцюв няби небямда хосая хая
/Users/air/Downloads/Ненецкие аудио/data/Царь и Поп_new_1362349.7187500002_1368070.34375.wav,ӈэмда хорпада таневонда маманонда ӈэсьты илерта илебтов'
/Users/air/Downloads/Ненецкие аудио/data/Царь и Поп_new_1369099.7187500002_1375849.7187500002.wav,табкоци хадана сапкавыда тикэд нянзвыда варк' хамда марць' ни' мовэда
/Users/air/Downloads/Ненецкие аудио/data/Царь и Поп_new_1378245.9687500002_1382380.34375.wav,сылы' варк небяда ӈэвы тэвы' ма
/Users/air/Downloads/Ненецкие аудио/data/Царь и Поп_new_1383342.2187500005_1389450.96875.wav, мань папакоют ня' парумбидм' сэвси ирир тута сэвси ирида товэ
/Users/air/Downloads/Ненецкие аудио/data/Царь и Поп_new_1390159.71875_1396678.2303157556.wav,пыянда малан' танэй' сэвси ма хибян ма варк' хадм'
/Users/air/Downloads/Ненецкие аудио/data/Царь и Поп_new_1396678.2303157556_1404570.9687500002.wav,вэсаку ма пыдар ӈэвэнню' сит пюс хэцялмадм' мякди' тэвъяха' хонэяд'
/Users/air/Downloads/Ненецкие аудио/data/Царь и Поп_new_1407642.2187500002_1411675.34375.wav,"варк' хар хуняна ядалй"" сеней мякнда тэвы'"
/Users/air/Downloads/Ненецкие аудио/data/Царь и Поп_new_1412670.9687500002_1417176.5937500002.wav,няти' ӈамгэриди' юӈгу' юно'ярида хаёвы
/Users/air/Downloads/Ненецкие аудио/data/Царь и Поп_new_1417986.59375_1423875.96875.wav,варк' хар ӈэдалэй' явна ни мий' нумна ни мий' сид' ё' помна миӈа
/Users/air/Downloads/Ненецкие аудио/data/Царь и Поп_new_1424753.46875_1431250.3437500002.wav,хасикуйди ӈылнанда хаи' сян яля' миӈа парэӈгода хардан' тэвы'
/Users/air/Downloads/Ненецкие аудио/data/Царь и Поп_new_1434068.4687500002_1439130.9687500002.wav,юномда ядэрта луцан' ми'мы варк' ха ӈацекэӈэ хэвы
/Users/air/Downloads/Ненецкие аудио/data/Царь и Поп_new_1443164.09375_1446994.7187500002.wav,нэлсуй ма ти мал ядэромини вадеян
/Users/air/Downloads/Ненецкие аудио/data/Царь и Поп_new_1449239.0937500002_1454470.3437500002.wav,попха' ярӈа' парэӈгода вэсаку ярӈа сяркы та'
/Users/air/Downloads/Ненецкие аудио/data/Царь и Поп_new_1455229.71875_1462929.2002877796.wav,нэлсуй панэцида махняку' екэйда ненця' ми'мы еся ӈудада мяд' мюй ялэмда
/Users/air/Downloads/Ненецкие аудио/data/Царь и Поп_new_1463378.1221056841_1466384.09375.wav,ма варк' ха ханзер' хаӈгу
/Users/air/Downloads/Ненецкие аудио/data/Царь и Поп_new_1468780.3437500002_1475733.5447467123.wav,пыясику хасику хунарэйха' варк' ха' не ма хасвами ханзер' хаӈгу
/Users/air/Downloads/Ненецкие аудио/data/Царь и Поп_new_1476310.729941161_1484727.2187500002.wav,нумда нарэйма пыясикум' хасикум' нехъюди' ӈано' мю' мое'ида маӈгая
/Users/air/Downloads/Ненецкие аудио/data/Царь и Поп_new_1487916.5937500002_1493637.5543945618.wav, мэн' харвана нини таня' сюдбя' вэсаку' сюдбя ӈон' то
/Users/air/Downloads/Ненецкие аудио/data/Царь и Поп_new_1493974.2457579905_1498817.84375.wav,ма ӈамзь мэ'мида' то' сяха' ӈамдыда'
/Users/air/Downloads/Ненецкие аудио/data/Царь и Поп_new_1499678.46875_1505044.71875.wav,варк' хар яхда тэвы' варк' хар са'лаку иванӈэ хая
/Users/air/Downloads/Ненецкие аудио/data/Три ханты_new_12771.59375_19943.243118193084.wav,няхар' хабит ӈопой небяду' таня няхар' хабир пя хард' мэ'ӈа то'я' сяд' ниня'мэ'
/Users/air/Downloads/Ненецкие аудио/data/Три ханты_new_24803.46875_29460.968750000004.wav,то'яду' сё лыруй ӈэвы то'я саляна параӈгода' хард'
/Users/air/Downloads/Ненецкие аудио/data/Три ханты_new_30945.96875_36075.96875.wav,тикы парэӈгода то'я' парэӈгодам' нибе'ӈа няхар' хабир есяду'
/Users/air/Downloads/Ненецкие аудио/data/Три ханты_new_36750.96875_42471.59375.wav,тан'лаваӈэ мэ'ӈаду' няхар' хабир есяду' тан'лаваӈэ мэ'ӈаду' есяду' ӈока
/Users/air/Downloads/Ненецкие аудио/data/Три ханты_new_43973.46875_52917.21875.wav,нусиду' тёнду' тёны' ӈамгэртаду' ни юӈгу' ӈопой недю' юӈгу'
/Users/air/Downloads/Ненецкие аудио/data/Три ханты_new_54182.84375_59549.09375.wav,нюдя хаби ӈопой паӈглярта хабим' нюбе'ӈа няби' нюбиди' юӈгу'
/Users/air/Downloads/Ненецкие аудио/data/Три ханты_new_62307.4729927644_68999.09375.wav,ся'ны ӈэбту ӈопой паӈглярота хаби ӈэвады няхъюда ханеӈаха'
/Users/air/Downloads/Ненецкие аудио/data/Три ханты_new_70439.91055364413_78433.41042736963.wav,яля' ямбан' ирида ядэрӈа есява' ӈока нохова' ӈока ӈамгэртава' ни юӈгу'
/Users/air/Downloads/Ненецкие аудио/data/Три ханты_new_78433.41042736963_82988.46875000001.wav,ӈопой тэва' юӈгу нева' юӈгу мал' несива'
/Users/air/Downloads/Ненецкие аудио/data/Три ханты_new_84000.96875_88430.4590818271.wav,не мэӈгува маня' хаб'нана' нева' нюм' хоӈгу
/Users/air/Downloads/Ненецкие аудио/data/Три ханты_new_88430.4590818271_96150.96875.wav,сидя хабихами хонрахми' нумда пэвсюмзь сидя хаби тоӈаха'
/Users/air/Downloads/Ненецкие аудио/data/Три ханты_new_96865.56063674584_105364.71875.wav,ӈаволаб'нанду' хыдямду ӈобкана ня'мгу' сярканду' хыдям' ӈобкана ня'мгу' сидя ӈарка хабир маӈаха'
/Users/air/Downloads/Ненецкие аудио/data/Три ханты_new_106950.96875_116232.21875.wav, ханзер' ӈа нюдя хаби яно'лараин хыдяни' ня'мыни' ир ядэрӈа едяр ӈадимя
/Users/air/Downloads/Ненецкие аудио/data/Три ханты_new_117025.34375_124484.09375.wav,нюдя хаби ма ӈамгэртава' ни юӈгу' ӈамгэртава' ни юӈгу' ими ядэрӈа ӈопой нева' юӈгу
/Users/air/Downloads/Ненецкие аудио/data/Три ханты_new_125125.34375_130273.22792867784.wav,хуна мальӈгана хаб'нана' нева' нюм' таӈгу нюва' е'йдана' тараӈгу нив'
/Users/air/Downloads/Ненецкие аудио/data/Три ханты_new_130840.25858202983_139418.46875000003.wav,сидя ӈарка хаби маӈаха' ини' тарем' нивы ӈа' ненся ӈо' не сава ӈэвы
/Users/air/Downloads/Ненецкие аудио/data/Три ханты_new_140346.59375_147990.96875.wav,хась еремба'на' е'йдана' ӈамгэ тараӈгу не пюла тара хуюм' вэкана танебта
/Users/air/Downloads/Ненецкие аудио/data/Три ханты_new_150437.84375_155753.46875.wav,"ӈоб"" паӈглярота хаби ма не ӈа'на вани мэ'"
/Users/air/Downloads/Ненецкие аудио/data/Три ханты_new_157204.71875_163887.21875000003.wav,то'ена' парэӈгода' не ню таня то'я' парэӈгода' не ню сюрба мири'ӈа
/Users/air/Downloads/Ненецкие аудио/data/Три ханты_new_173837.45539475963_181538.46875.wav,парэӈгода' не ню' миртя ти луца' ӈэдакы' ӈысма'нэдакы' то'я' вархана нёраку'ла'
/Users/air/Downloads/Ненецкие аудио/data/Три ханты_new_182567.84375_191528.46875.wav,ненця' то'я' салбана вынхала вынхала вынхала хаӈга' небяду' ма'нив'
/Users/air/Downloads/Ненецкие аудио/data/Три ханты_new_193047.21875_199560.96875.wav,"то'я парэӈгода' не нюм' ӈавитара' си'в я' тер' мал' вынхалы"""
/Users/air/Downloads/Ненецкие аудио/data/Три ханты_new_201180.96875_211035.96875.wav,"ӈопой паӈглерота хаби ма сидя хаби емб'яди' то'я' парэӈгода не нюм' нись ня'м' ниня' ӈэвадаӈгу"""
/Users/air/Downloads/Ненецкие аудио/data/Три ханты_new_211964.09375_217549.71875.wav,маендорцыва' похо'на маянзи' таӈга илева' сидя хаби емб'яха'
/Users/air/Downloads/Ненецкие аудио/data/Три ханты_new_218309.09375_225160.34375.wav,паныди' нянэйӈэ салмга' нюдя хаби тад ембпата паныда нянэйӈэ вэса'
/Users/air/Downloads/Ненецкие аудио/data/Три ханты_new_225936.59375_234863.46875.wav,"то'янду' варувна парэӈгода' мят' ядалъид' то' сэркана ӈоб"" сюрбада нем' ня'мра"
/Users/air/Downloads/Ненецкие аудио/data/Три ханты_new_236179.71875_240938.46875000003.wav,сюрба выдаравы' то'я' сэркана хуна таня ӈамды'
/Users/air/Downloads/Ненецкие аудио/data/Три ханты_new_241799.09375000006_247823.46875.wav,"то'я парэӈгода' не ню тад сюрббата то' тяхний хэван"" хадрида хан'ӈа"
/Users/air/Downloads/Ненецкие аудио/data/Три ханты_new_248532.21875000003_253814.09375.wav,ӈопой паӈгляр' ма ӈарка хаби парэӈгода' не нюм' недат хот
/Users/air/Downloads/Ненецкие аудио/data/Три ханты_new_254894.09375_260935.34375000003.wav,"сюрба пяд ӈарка хабир сюрбы' парэӈгода"" не нюм"" ня'мра пяда"
/Users/air/Downloads/Ненецкие аудио/data/Три ханты_new_262116.59375_267752.84375.wav,ӈарка хаби ядни' пуняцей' ӈадимя ся'ня ня'мувнада
/Users/air/Downloads/Ненецкие аудио/data/Три ханты_new_268360.34375_273439.71875.wav,ӈарка хаби ма нивэв пирас' ёнэй хаби пыдар ня'мад
/Users/air/Downloads/Ненецкие аудио/data/Три ханты_new_275093.46875_281134.71875.wav,ёнэй хабир парэӈгода' не нюм' сюрба пяда выдарани' пуняцей ӈадимя
/Users/air/Downloads/Ненецкие аудио/data/Три ханты_new_282197.84375_290365.34375.wav,нем' ся'ня ся'ня ня'мувнада ёнэй хаби то ма мань выдарадм'
/Users/air/Downloads/Ненецкие аудио/data/Три ханты_new_291225.96875_296153.46875.wav,ня'ма нивэв пирас' нюдя хаби парэӈгода' не нюм' пыдар ня'мад
/Users/air/Downloads/Ненецкие аудио/data/Три ханты_new_297486.59375_305924.09375.wav,ӈопой паӈглерта хаби то'я' сэрт' ха'мы' ӈопой паӈглярта то' сэрт' ха'мванда сер' сэрт' ха'мы'
/Users/air/Downloads/Ненецкие аудио/data/Три ханты_new_306717.21875_311897.84375.wav,ӈопой паӈглярта си'в тибя ӈэвы хавхэй пя' лэт
/Users/air/Downloads/Ненецкие аудио/data/Три ханты_new_313652.84375000006_320470.34375000006.wav,тад сюрбабта ӈопой паӈглярта пядрев падалй' то'я парэӈгода' не нюм' нёдалӈада
/Users/air/Downloads/Ненецкие аудио/data/Три ханты_new_321904.71875_330240.96875000006.wav,"сюдэта нэкалӈада ма ӈока ненцям' хадан сюрба тарор юӈгувы ӈоб"" паӈгляр' нивэкэр намд'"
/Users/air/Downloads/Ненецкие аудио/data/Три ханты_new_331810.34375_336029.09375.wav,пыдами тям' таӈок' ненця' хэвханда мандалъид'
/Users/air/Downloads/Ненецкие аудио/data/Три ханты_new_336771.59375_346103.46875000006.wav,немдё ня'ма' ма' илева' ямбан' хаӈгна' хаӈга' тароси' неӈэ мэсь хамзава'
/Users/air/Downloads/Ненецкие аудио/data/Три ханты_new_348668.46875000006_354528.0531147612.wav,нуни' поӈгад мялбада ӈэбта ӈудида сякалцеты ӈамзида намзьтыда
/Users/air/Downloads/Ненецкие аудио/data/Три ханты_new_354782.886240514_364007.84375.wav,"исялбада забе'нер ӈоб"" паӈглерота' хэван' то тыралӈада ӈопой паӈглерота хаби ха"
/Users/air/Downloads/Ненецкие аудио/data/Три ханты_new_366424.4085633286_373896.59375.wav,"немада хая юркы' ӈоб"" лахнана маманода мамзинё' то'я' парэӈгода не нюм' нёра' пя'"
/Users/air/Downloads/Ненецкие аудио/data/Три ханты_new_375145.34375000006_381000.96875.wav,"ӈоб"" паӈглерота хаби тю'уку' сылы' няхар' хаби' небя тю'укува миӈа"
/Users/air/Downloads/Ненецкие аудио/data/Три ханты_new_383483.4920386952_389522.8437500001.wav,"ӈудида тоӈэ пявы ӈэрида ляӈгабты ӈоб"" паӈглерота ня'ма пубтада"
/Users/air/Downloads/Ненецкие аудио/data/Три ханты_new_390450.96875_397082.84375000006.wav,"небяду' хая ӈоб"" паӈглерота хабир мяканда хая няхъюда мякна мэвэхэ' ма"
/Users/air/Downloads/Ненецкие аудио/data/Три ханты_new_398044.71875_405047.84375.wav,небяри' хая лэрё хая сейда хая ӈэдарабтав
/Users/air/Downloads/Ненецкие аудио/data/Три ханты_new_405672.21875_412185.96875.wav,нув' сармикадрев' тирць хая небяри хо'ари' небянди' мади'
/Users/air/Downloads/Ненецкие аудио/data/Три ханты_new_422614.71875_426976.9387082908.wav,сидя ӈарка хаби хаяха' ӈопой паӈглерота хаби мякна хаи
/Users/air/Downloads/Ненецкие аудио/data/Три ханты_new_427415.6370177974_433364.09375000006.wav,си'вхава яля хоны ма сидя ӈарка хаби небямди' ниди' хоӈгу'
/Users/air/Downloads/Ненецкие аудио/data/Три ханты_new_434174.09375000006_438342.21875.wav,хоб'ни сава ӈэдакы нини пумнади' пяхарцюн
/Users/air/Downloads/Ненецкие аудио/data/Три ханты_new_440080.34375000006_447623.46875.wav,ӈопой паӈглерота хабит тад ядалмонда то'я парэӈгода' харад си'в сюртейда
/Users/air/Downloads/Ненецкие аудио/data/Три ханты_new_449378.46875_454862.84375.wav,"си'лмденада ӈоб"" недармакам' хо тикы ядлавам' нёдалӈада"
/Users/air/Downloads/Ненецкие аудио/data/Три ханты_new_456263.46875_462507.2187500001.wav,"нерда няна ӈоб"" тодабць' тодабця' хэвхана ядэрта луце'е есь ядабавы"
/Users/air/Downloads/Ненецкие аудио/data/Три ханты_new_463452.21875_467611.8959370333.wav,"хуркари тарцяри есь ядаби ӈоб"" паӈглерота хаби ма"
/Users/air/Downloads/Ненецкие аудио/data/Три ханты_new_467966.22918701934_473070.96875.wav,ирикэй ӈаво ядабинэй вэсаку луца' мунда юӈгу
/Users/air/Downloads/Ненецкие аудио/data/Три ханты_new_474387.2187500001_478926.59375000006.wav,"ӈоб"" паӈглерота хаби ма ирикэй еся' ядцяндами яд'мо"
/Users/air/Downloads/Ненецкие аудио/data/Три ханты_new_479601.59375_485085.96875.wav,"вэсаку луца' мунда юӈгу есяримда хутыби ӈоб"" паӈглерота хаби луцам"" волтада"
/Users/air/Downloads/Ненецкие аудио/data/Три ханты_new_485693.46875_492519.3888316447.wav,"тодаця' ерт' ӈоб"" санэй' санэй' тодаця' ер' яляӈэ хая"
/Users/air/Downloads/Ненецкие аудио/data/Три ханты_new_492823.1030459185_496679.0937500001.wav,вэсаку луца тум' манэ'ӈа ма есями мурюмы
/Users/air/Downloads/Ненецкие аудио/data/Три ханты_new_497489.09375000006_501994.71875000006.wav,мурюмы есям' ня'марцяӈганэ ня'мада еся'ед' ладада
/Users/air/Downloads/Ненецкие аудио/data/Три ханты_new_505964.4494044971_512659.7187500001.wav,"вэску луца ма ӈоб"" паӈглерота хаби пыдар ӈэвэннё' сит хацядм' хада'"
/Users/air/Downloads/Ненецкие аудио/data/Три ханты_new_513351.5937500001_518380.34375000006.wav,"ӈоб"" паӈглерота хаби ма еся ядцядами яд'нидда мурута"
/Users/air/Downloads/Ненецкие аудио/data/Три ханты_new_519274.7187500002_526446.5937500001.wav,ядцяни саӈгумда няхар' ю'пуд ӈэя сидя еся харнакадами яд'
/Users/air/Downloads/Ненецкие аудио/data/Три ханты_new_527239.7187500001_535415.1591180825.wav,саӈгумди' няхар' ю' пуд ӈэя еся панэдами яд' саӈгумрида няхар' ю' пуд ӈэя
/Users/air/Downloads/Ненецкие аудио/data/Три ханты_new_535415.1591180825_539474.0937500001.wav,еся савадами яд' саӈгумда няхар' ю' пуд ӈэя
/Users/air/Downloads/Ненецкие аудио/data/Три ханты_new_540705.96875_549161.2165942942.wav,еся патукадми яд' саӈгумда няхар' ю' пуд ӈэя сей еся патук' яд' саӈгумда няхар' ю' пуд ӈэя
/Users/air/Downloads/Ненецкие аудио/data/Три ханты_new_549618.0149754074_555686.4727503256.wav,тикы' хавна сидя ня'мар еся хададами яд' саӈгумди' няхар' ю' пуд ӈэя
/Users/air/Downloads/Ненецкие аудио/data/Три ханты_new_556071.3406796254_563437.0496932768.wav,си'в тибя палыдами яд' пэн' сапба'ни ния тахар' есян' сапба'ни ния тахар'
/Users/air/Downloads/Ненецкие аудио/data/Три ханты_new_563819.1290674753_569055.9687500001.wav,"вэску луца ма ӈоб"" паӈглерота хонэйптад' мань сертаӈгун"
/Users/air/Downloads/Ненецкие аудио/data/Три ханты_new_571283.4687500001_575576.5451673009.wav,"ӈоб"" паӈглерота хаби хонай' вэсаку луца ма"
/Users/air/Downloads/Ненецкие аудио/data/Три ханты_new_579119.2470637279_583619.09375.wav,"ӈоб"" паӈглерота хаби юркад"" ӈамгэрид яда малейн"
/Users/air/Downloads/Ненецкие аудио/data/Три ханты_new_584462.84375_587955.96875.wav,вэсаку луцар ӈопой паӈглярота хаби' ваде'мы мал' яд'мыда
/Users/air/Downloads/Ненецкие аудио/data/Три ханты_new_589035.9687499999_596006.578690848.wav,"ӈоб"" паӈгляр' хаби харнакада сера савамда сера ӈани'ӈамгэрида сепда мю' падейда"
/Users/air/Downloads/Ненецкие аудио/data/Три ханты_new_596546.12756004_605843.46875.wav,"ӈоб"" паӈгляр' хаби ма то'я парэӈгодам' теневар мэць сава юно таня юнодами табеда'"
/Users/air/Downloads/Ненецкие аудио/data/Три ханты_new_607581.5937500001_617352.21875.wav,ядэрта луца ма тиртя юнода танясь исялмась еся иняхад сяры ненцие ӈорць пявысь
/Users/air/Downloads/Ненецкие аудио/data/Три ханты_new_618921.59375_624897.34286566.wav,"ӈоб"" паӈглерота хаби ма сярда юнон' си'ми хана'"
/Users/air/Downloads/Ненецкие аудио/data/Три ханты_new_627354.385735986_630565.34375.wav,"ӈоб"" паӈглерота хаби ма тад хаяха'"
/Users/air/Downloads/Ненецкие аудио/data/Три ханты_new_631223.4687499999_638645.6578586497.wav,еся салхад сярвы юном' ня'мари' тад екабабти' танцие маханда ямбан' вэӈгалёвы'
/Users/air/Downloads/Ненецкие аудио/data/Три ханты_new_639016.5961664252_644976.5937500001.wav,"ӈоб"" паӈглерота хаби танцие'мана юнонда махан' танай' юном' потокхана мэда"
/Users/air/Downloads/Ненецкие аудио/data/Три ханты_new_646925.9283861032_651996.5937500001.wav,юнор тю'нцей' мэй' тотана юно нув' няна хая тэри миӈа
/Users/air/Downloads/Ненецкие аудио/data/Три ханты_new_652604.09375_658814.09375.wav,то'я парэӈгода харад' хэвувна пэда юнита то'я парэӈгода сидер' сивна манэ'ӈада
/Users/air/Downloads/Ненецкие аудио/data/Три ханты_new_659961.59375_669428.4687500001.wav,"ядэрта' сярвы юноми хибя ӈэдарада ненцие ӈамда ӈоб"" паӈглярота ӈули' хая"
/Users/air/Downloads/Ненецкие аудио/data/Три ханты_new_670373.46875_674474.0937500001.wav,"ӈылда я недам' манэ'ӈа ӈоб"" паӈглерота хаби ян' ха'мы'"
/Users/air/Downloads/Ненецкие аудио/data/Три ханты_new_675351.5937500001_682461.835685202.wav,"недармам' янамбовна юнита нёдалӈада недарма' тиркана ӈоб"" пя харад ӈэвы"
/Users/air/Downloads/Ненецкие аудио/data/Три ханты_new_682826.9706854722_689206.0368247196.wav,"харад' нё' сивна ӈоб"" паӈглерота янамбовна юнита харад' нёда маханя' пёхада"
/Users/air/Downloads/Ненецкие аудио/data/Три ханты_new_693154.71875_702030.96875.wav," ӈоб"" паӈглерота хаби ӈах'тэввэн нултад мань мякнани мядимярць тара мякна самоварми пись"
/Users/air/Downloads/Ненецкие аудио/data/Три ханты_new_702975.96875_710836.3342143993.wav,ӈорманзь мят' тю' юномда нултада нултада харад' мю' тюӈаха' хабе'ненда ня'
/Users/air/Downloads/Ненецкие аудио/data/Три ханты_new_711230.1100579482_718298.46875.wav,"ӈоб"" паӈглерота хаби ӈамдюрця' ни' ӈамды' хабе'нер мяд' ямбдан' са'нсумби"
/Users/air/Downloads/Ненецкие аудио/data/Три ханты_new_719344.7187500001_725774.09375.wav,"ӈоб"" паӈглерота хаби ма нер' манась самоварми пись мэдми хамада'мо"
/Users/air/Downloads/Ненецкие аудио/data/Три ханты_new_726921.59375_730995.8458297761.wav,хабе'не ма самоварми пись тамна тамӈарка
/Users/air/Downloads/Ненецкие аудио/data/Три ханты_new_731581.0743219488_737191.3765405361.wav,"ӈоб"" паӈглерота хаби сидя ня'мта есямда сера хабе'нер са'нсумба хан'ӈа"
/Users/air/Downloads/Ненецкие аудио/data/Три ханты_new_737618.60751297_745450.34375.wav,"еся хадида серхава ӈоб"" паӈглярте хаби хабе'нем' няби ӈэхэд ня'мада еся хадана"
/Users/air/Downloads/Ненецкие аудио/data/Три ханты_new_746884.71875_756030.96875.wav,хабейнемда харад' латан' мо'натада еся паток' садыба пяда ных' ямбан' си'в яля' хабарпида ма
/Users/air/Downloads/Ненецкие аудио/data/Три ханты_new_757836.59375_763489.7187500001.wav,"ӈоб"" вадам' хэт' тюку мяд' мюня ӈамгэр таня патукамда манэ'ӈада"
/Users/air/Downloads/Ненецкие аудио/data/Три ханты_new_764114.0937499999_770069.7750075362.wav,хабе'нем' ладорпаданда патокада сусавы си'в еся патоканда хабе'нем' садоба пяда
/Users/air/Downloads/Ненецкие аудио/data/Три ханты_new_770666.0741604439_776061.5937500001.wav,"ӈоб"" паӈглерота хаби манзеты тюку мят мюня ӈамгэ таня ӈадисидед"
/Users/air/Downloads/Ненецкие аудио/data/Три ханты_new_777614.0937499999_784879.122526052.wav,мань сит пядм' то'я' парэӈгода' не нюм' ня'мба'н си'м тырарць хаданась
/Users/air/Downloads/Ненецкие аудио/data/Три ханты_new_785406.6179305471_794573.4687500001.wav,"мань сит теда' пядм' сидя си'в яля' сявбида хабе'ненд маханда хоба ялханда селӈэ пявы"" ма"
/Users/air/Downloads/Ненецкие аудио/data/Три ханты_new_796345.34375_802945.7488371113.wav,"ӈоб"" паӈглерота си'ми ӈэвада' хадамд ӈадимдеив хабе'нер я мяд' си'м' нэда"
/Users/air/Downloads/Ненецкие аудио/data/Три ханты_new_803604.3098813941_808635.8174385882.wav,сидя ӈарка хабинд сэвриди'сырӈа' сидя ӈарка хабим' тю'у' тюлӈахъюди'
/Users/air/Downloads/Ненецкие аудио/data/Три ханты_new_808938.7371501534_814435.3437500001.wav,"я ӈылы мякна сидя ӈарка хабир вынхалувэхэ ӈоб"" паӈглерота ма"
/Users/air/Downloads/Ненецкие аудио/data/Три ханты_new_815346.59375_824753.1681865162.wav, няхъюн тан сит ӈэвадалаӈгудмэ сене' си'м хадабат мамакэн сит я'мгодакэдм' пиртадм' нидм' ӈа'
/Users/air/Downloads/Ненецкие аудио/data/Три ханты_new_828803.3969967418_834404.4641704267.wav,няхар' хаби хабе'ненду мякана ӈаворна' няхар' хабир ӈаворць малева пин' тарпыд'
/Users/air/Downloads/Ненецкие аудио/data/Три ханты_new_835072.2860526489_841519.71875.wav,тотана юнонду' маха' ни' ӈамдыд' ӈопой недамду' нёдалӈаду'
/Users/air/Downloads/Ненецкие аудио/data/Три ханты_new_846704.4296022564_855527.8476733946.wav,"яра хой ӈэвы ӈоб"" сеярха я манибэ'я таневы манибе' хэван' юномда нултада"
/Users/air/Downloads/Ненецкие аудио/data/Три ханты_new_868688.4687500001_878987.9058541203.wav,мадаба ёльце'маданди' сидя хасре' ӈум' иняӈэ паӈгалӈари' тикы нум' иняри' ня'мбава лэт ӈэя
/Users/air/Downloads/Ненецкие аудио/data/Три ханты_new_879567.0859345581_883885.6036399907.wav,"ӈоб"" паӈгляр' хаби хонай' сидя ӈарка хаби маӈаха'"
/Users/air/Downloads/Ненецкие аудио/data/Три ханты_new_884373.686509968_890760.9687500001.wav,"ӈоб"" паӈглярота хаби юркад' иням' малени' сидя ӈарка хаби иням' я' седа' тотрев' ӈонавэди'"
/Users/air/Downloads/Ненецкие аудио/data/Три ханты_new_892549.71875_900320.2240869296.wav,"ӈоб"" паӈглерота хаби ма манибе'ем тю'у' нэкалӈари' сидя ӈарка хаби ся'ня илӈгуди выдараӈаха'"
/Users/air/Downloads/Ненецкие аудио/data/Три ханты_new_900692.1572587293_910348.4407342403.wav,"ӈоб"" паӈглярота хаби ӈудамда ӈыл"" ӈэдарада ӈоб"" пеӈгана манибе'ем' илада ӈум' инямда манибе'ен' сярада"
/Users/air/Downloads/Ненецкие аудио/data/Три ханты_new_910348.4407342403_914788.624776977.wav,"ӈоб"" паӈглерота ӈум' манибэмда сюралибтеда нув няран' мода"
/Users/air/Downloads/Ненецкие аудио/data/Три ханты_new_914788.624776977_922360.2426811237.wav,"тикы манибер ӈув"" иня' малм' нув' няна ханада ӈум' инянда мал' пемнанда хаця хань' ӈыльняку нэкалӈада"
/Users/air/Downloads/Ненецкие аудио/data/Три ханты_new_922857.21875_926434.71875.wav,"таба'й' ӈоб"" паӈглерота ма"
/Users/air/Downloads/Ненецкие аудио/data/Три ханты_new_927852.21875_934885.3745209038.wav,"сидя ӈарка хаби ӈув"" инява' нёда хантава' нёда хантава'"
/Users/air/Downloads/Ненецкие аудио/data/Три ханты_new_936466.2196020652_940322.8437500002.wav,мань пунди' няна мэӈгудм'
/Users/air/Downloads/Ненецкие аудио/data/Три ханты_new_941554.71875_950768.46875.wav,"сидя ӈарка хаби ӈум' иням' нёда тю'у' пяди' ӈоб"" паӈглярота хаби сидя еся хадана ӈув' иням"" ня'ма"
/Users/air/Downloads/Ненецкие аудио/data/Три ханты_new_952405.3437500001_962074.71875.wav,"няхъюта пуна миӈа сидя ӈарка хаби' ӈудиди' выдара' няти ӈуда"" хараха' ӈамдъихи'"
/Users/air/Downloads/Ненецкие аудио/data/Три ханты_new_966162.8695427864_973650.9687500002.wav,"ӈоб"" паӈглярота хаби тю'у' нэкалӈада нув' си таневы еся харв таневы"
/Users/air/Downloads/Ненецкие аудио/data/Три ханты_new_975179.8053253316_981970.34375.wav,ӈум' иняду таб'мы' тикэн' няхар' хабир нув' сивня тю'у' танаяд'
/Users/air/Downloads/Ненецкие аудио/data/Три ханты_new_984113.46875_989859.7099702604.wav,"ӈум' иняду' тасий малда юнухадду ӈа ӈоб"" паӈглярота хаби ма"
/Users/air/Downloads/Ненецкие аудио/data/Три ханты_new_990506.3428152235_998973.0459909309.wav,хонахана' пэдюна' мэкэва' няхъюда пыя' мал тойдайда ма
/Users/air/Downloads/Ненецкие аудио/data/Три ханты_new_999510.5807561801_1007164.71875.wav, хонарайди' ху' нёди' хань' мань юӈгованан нув си'вархад ядлава недарма хэвы
/Users/air/Downloads/Ненецкие аудио/data/Три ханты_new_1007839.71875_1012763.0007539107.wav,"тикы недам' ӈоб"" паӈглерота хаби нёдалӈада си'в яля нёдада"
/Users/air/Downloads/Ненецкие аудио/data/Три ханты_new_1013678.46875_1018538.46875.wav,"си'в яля' ӈэсоӈгана недарма' тиркана ӈоб"" нярва хард"
/Users/air/Downloads/Ненецкие аудио/data/Три ханты_new_1020512.84375_1026570.96875.wav,"ӈоб"" паӈглерота хаби харад' нё' син' нултада"
/Users/air/Downloads/Ненецкие аудио/data/Три ханты_new_1027380.9687500002_1033101.5937499999.wav,"нё пехадта мяд' малхана ӈоб"" ӈамдёда хабе'не ӈэвы"
/Users/air/Downloads/Ненецкие аудио/data/Три ханты_new_1037286.5937500001_1044614.7034594851.wav," ся'мэй я' тер ӈоб"" паӈглярота хаби нахку' тэввэн намгэдамд пюсь тюкон'"
/Users/air/Downloads/Ненецкие аудио/data/Три ханты_new_1046601.5937499999_1055714.09375.wav,"ӈоб"" панглерота хаби ма ханя' хэвами ванив ехэра' небями тись хаясь тись хаясь нисяр манэс"
/Users/air/Downloads/Ненецкие аудио/data/Три ханты_new_1057232.84375_1062734.09375.wav,хабе'не ма небяр тюковна тись хаясь няр' си'в' тяхна
/Users/air/Downloads/Ненецкие аудио/data/Три ханты_new_1063645.3437500002_1072015.34375.wav,тикэд ехрадм' тюку недам' нёдаӈгун нерняна ненэй мя' ёнэй нябкоми сит табадаӈгу
/Users/air/Downloads/Ненецкие аудио/data/Три ханты_new_1072875.96875_1079546.5188249524.wav,"ӈоб"" паӈглерота хаби тикы недармамда недармамда ӈани нёдалӈада ӈопой хардувна ӈадимя"
/Users/air/Downloads/Ненецкие аудио/data/Три ханты_new_1080083.2311174204_1089750.96875.wav,"тикы мят' тю мяд' малхана ӈоб"" хабе'не ӈамдёвы не ӈани' сядо'мы хабе'нер ма"
/Users/air/Downloads/Ненецкие аудио/data/Три ханты_new_1091826.59375_1097918.46875.wav," ся'мэй я' тер ӈоб"" паӈглерота хаби нахку' тэввэн ӈамгэ сер' ед' мимб'нанд"
/Users/air/Downloads/Ненецкие аудио/data/Три ханты_new_1099133.46875_1105360.34375.wav,"ӈоб"" паӈглерота хаби ма небями нёда' нидум' небяв тюкова нися хань'"
/Users/air/Downloads/Ненецкие аудио/data/Три ханты_new_1107940.6030440943_1113190.3437500002.wav,хабе'не ма небяр ӈэвакы мя'ни хэвувна сидя си'в' тяхна тирць хаясь
/Users/air/Downloads/Ненецкие аудио/data/Три ханты_new_1113792.9730870624_1119299.09375.wav,тюку недарма' мюмня хантан нюдя нями таня нями сит табадаӈгу
/Users/air/Downloads/Ненецкие аудио/data/Три ханты_new_1121577.2187500002_1130655.96875.wav,"тикы недармамда ӈани"" ханада си'в яля' нёдада недарма"" тиркана ӈоб"" солтэй харад ӈэвы"
/Users/air/Downloads/Ненецкие аудио/data/Три ханты_new_1132022.8437500002_1135667.8437500002.wav,"ӈоб"" паӈглерота хаби солтэй хард' нё' си пехадта"
/Users/air/Downloads/Ненецкие аудио/data/Три ханты_new_1137220.3437500002_1146096.5937500002.wav,"ӈопой хабе'не ӈамдёвы ӈопой ӈэбта ӈо""ӈэбт"" нянэйӈэ тэса' сята ӈули яля' то'лха"
/Users/air/Downloads/Ненецкие аудио/data/Три ханты_new_1146906.5937500002_1153842.21875.wav,"хабе'нер ма ӈоб"" паӈглерота хаби ся""мэй я"" тер ӈах"" тэввэн ӈамгэ сер"" ед"" тон"
/Users/air/Downloads/Ненецкие аудио/data/Три ханты_new_1155107.84375_1160457.21875.wav,"ӈоб"" паӈглерота хаби ма ханя' мимами ванив ехэра"" небями нёда"" нидум'"
/Users/air/Downloads/Ненецкие аудио/data/Три ханты_new_1161722.84375_1167190.3437500002.wav,"хабе'нер ма нисями иба сей парэӈгода маня"" небява"" танясь"
/Users/air/Downloads/Ненецкие аудио/data/Три ханты_new_1168658.46875_1176910.34375.wav,"иба сей парэӈгода небямд ӈацекэӈэ ханада небява"" хае ӈацекым"" мэ"
/Users/air/Downloads/Ненецкие аудио/data/Три ханты_new_1178277.2187500002_1182563.46875.wav,тюку недамд ханаӈгун небями сит табедабцакы
/Users/air/Downloads/Ненецкие аудио/data/Три ханты_new_1184031.5937500002_1191709.71875.wav,"ӈоб"" паӈглерота хаби недарим"" нёдалӈа си'в яля"" ӈэсуӈгана хабе""не пухуця"" харад"" нимня ӈадимя"
/Users/air/Downloads/Ненецкие аудио/data/Три ханты_new_1192637.8437500002_1195658.46875.wav,"ӈоб"" хард ӈэвы хабе'не пухуця ма"
/Users/air/Downloads/Ненецкие аудио/data/Три ханты_new_1196957.8437500002_1203657.21875.wav," ся'мэй я"" тер ӈоб"" паӈглерота хаби ӈах"" тэввэн ӈамгэ сер"" е""мня тюкон"" тэвын вунидм"" ехэра"""
/Users/air/Downloads/Ненецкие аудио/data/Три ханты_new_1204433.4687500002_1211335.3437500002.wav, небямд нёданан нёданан ӈэдакэн мань хасвами небямд ӈацекэӈэ мэдась
/Users/air/Downloads/Ненецкие аудио/data/Три ханты_new_1212044.0937500002_1221122.84375.wav,"небямд мэванда сер"" си'ми хае иба сей пареӈгода' хардан' хантан небямд хамада нир хамадаӈгу"
/Users/air/Downloads/Ненецкие аудио/data/Три ханты_new_1222827.2187500002_1227872.84375.wav,хонад' хуняна хантанва юркы' хабе'не пухцяр ма
/Users/air/Downloads/Ненецкие аудио/data/Три ханты_new_1229121.59375_1236225.9687500002.wav,"небянд пяӈгу"" нирув' тюку недармам' ханаӈгун иба сей парэӈгода' хард"" ӈадимда"""
/Users/air/Downloads/Ненецкие аудио/data/Три ханты_new_1237272.21875_1247937.21875.wav,"епсяндрев"" ӈадимда"" си'в хэх мяте няхтата ямб хэх' мяд' малрин' сыр' ядва' ямбан'"
/Users/air/Downloads/Ненецкие аудио/data/Три ханты_new_1249709.0937500002_1256813.46875.wav,"хэх' мяд' мэлхад ӈоб"" татокоця санаӈгу' тикы татокоця нянд пяӈгуда"
/Users/air/Downloads/Ненецкие аудио/data/Три ханты_new_1257876.5937500002_1268676.5937500002.wav,ӈамгэ пирхана тикы татом' ётар нерда няд хатре'е юном' мэта тута ханда еся хан'я ӈэӈгу
/Users/air/Downloads/Ненецкие аудио/data/Три ханты_new_1270482.21875_1279662.2187500002.wav,нянд мимбта мэниеӈгурва тикы юнитанар мань хасавами иба сей парэӈгода
/Users/air/Downloads/Ненецкие аудио/data/Три ханты_new_1280590.34375_1287019.71875.wav,иба сей парэӈгода нирцыӈгананда нув кускум' минарӈа ӈохоли нултаӈгури'
/Users/air/Downloads/Ненецкие аудио/data/Три ханты_new_1288926.5937500002_1295727.2187500002.wav,"иба сей парэӈгода манда ӈоб"" паӈглярота хаби ся'мэй я' тер ӈахку' тэввэн"
/Users/air/Downloads/Ненецкие аудио/data/Три ханты_new_1296672.2187500002_1301633.4687500002.wav,"пыдар мандан ся'мэй янд тер ӈоб"" паӈглерота хабимд мань ехэрав"
/Users/air/Downloads/Ненецкие аудио/data/Три ханты_new_1302409.71875_1309767.2187500002.wav,хибяхава ӈэдакы мазён харт солдат хане ядэртадм' си'ми ехэран
/Users/air/Downloads/Ненецкие аудио/data/Три ханты_new_1310560.34375_1319639.0937500005.wav,"парэӈгодава харт хардат тер ехэравэн ханзер' ӈоб"" паӈглеротаӈэ си'м пэрӈан"
/Users/air/Downloads/Ненецкие аудио/data/Три ханты_new_1321039.7187500002_1325460.96875.wav,няр манда хар'ни хардани теран ӈэбат тид' няни
/Users/air/Downloads/Ненецкие аудио/data/Три ханты_new_1326929.0937500002_1333054.71875.wav,"хатре юномда харад няю"" сюрхалеӈгуда ханда ниня ӈамдёдан"
/Users/air/Downloads/Ненецкие аудио/data/Три ханты_new_1338370.34375_1341759.8487446236.wav,"ӈамгэ"" пиркана и' тута и"" лохомбаӈгу"
/Users/air/Downloads/Ненецкие аудио/data/Три ханты_new_1342999.7877158136_1350402.2187500002.wav,"тикы икана ямб'я"" халы' тамданаӈгу"" халы"" сит хадаӈгу"" тохоӈгу"
/Users/air/Downloads/Ненецкие аудио/data/Три ханты_new_1351583.46875_1358451.5937500005.wav,халыт вадумбат тикэвана илеӈгун тикы халыт выдумбат тикы и'лит хантан
/Users/air/Downloads/Ненецкие аудио/data/Три ханты_new_1361975.4787592432_1369690.3437500002.wav,"няр тоса ӈэвадаӈгу' няр манда ненся ӈопой харад"" терань"" хэвхани ӈамдад"""
/Users/air/Downloads/Ненецкие аудио/data/Три ханты_new_1370820.9687500002_1379157.21875.wav,"хэвханда ӈамдӈгун тикы яхад ӈани"" ӈэдалаӈгуди' тад тикэхэд ту яха тута"
/Users/air/Downloads/Ненецкие аудио/data/Три ханты_new_1380557.84375_1387054.71875.wav,"ита туӈэ хандаӈгу тикы ту сит парадаӈгу индат нибат пирас"""
/Users/air/Downloads/Ненецкие аудио/data/Три ханты_new_1388303.46875_1394665.34375.wav,тикы тухуд вадумбат няр тоса ӈэвадаӈгу' няр манда
/Users/air/Downloads/Ненецкие аудио/data/Три ханты_new_1395914.09375_1399305.96875.wav,"хэвхани ӈамдад' ӈоб"" харад' терани ӈэвэннё"""
/Users/air/Downloads/Ненецкие аудио/data/Три ханты_new_1400909.0937500002_1409093.46875.wav,"ӈобт' ӈамдмадди мандан тикы' няна' ӈока"" хиби"" няр манда товдами яӈгу"
/Users/air/Downloads/Ненецкие аудио/data/Три ханты_new_1417784.8175296162_1422576.5937500005.wav,нув' кусукоця нирцянда паӈгта ныкалт тикында пере'мада яӈгуда ныклаӈгу
/Users/air/Downloads/Ненецкие аудио/data/Три ханты_new_1423352.84375_1428769.71875.wav,"пыда ныклахва няр хаӈгу няр манда инда'ми ӈули"" хадада"
/Users/air/Downloads/Ненецкие аудио/data/Три ханты_new_1429529.09375_1435671.59375.wav,"пыдар мандан мань яхнан ся'мэй яхна парэӈгода сян хабабю"" нисету"""
/Users/air/Downloads/Ненецкие аудио/data/Три ханты_new_1436363.46875_1441864.71875.wav,"няр хаед юнита тюкон' ту"" небямд нир хоӈгу"" тумда нир пират"""
/Users/air/Downloads/Ненецкие аудио/data/Три ханты_new_1444277.84375_1450519.0111350697.wav,"иба сей парэӈгодам' ӈоб"" паӈглерота хаби хадада пухуця"" хардан"" то"
/Users/air/Downloads/Ненецкие аудио/data/Три ханты_new_1452715.34375_1461567.109219158.wav,"юно""ямда тин мю"" пакледи"" ма небяр тюкон' харта тута хасвамда пюсь"
/Users/air/Downloads/Ненецкие аудио/data/Три ханты_new_1461931.740060225_1470653.4687500002.wav,"сянри яля"" ӈатенаӈаха"" ӈатенаӈаха"" ӈатенахэми ӈамгэ"" пиркана мяд' мюй"" табор"" пу'ларалыд"""
/Users/air/Downloads/Ненецкие аудио/data/Три ханты_new_1471986.59375_1477880.1509007674.wav,пухуця ма небяр то лыӈгарад' сит такалтадм' небямд ня'мгув
/Users/air/Downloads/Ненецкие аудио/data/Три ханты_new_1481993.714748059_1491966.59375.wav,"небят ня' пёдӈгуни"" нён сана"" небянд выдарабнани мандадм"" ӈоб"" паӈглерота ханяна хаян си'ми няда"
/Users/air/Downloads/Ненецкие аудио/data/Три ханты_new_1494818.4687500002_1501852.775974629.wav,"ӈоб"" хабе'не то нём' няӈгада сядта хабе'не нехэрта хэвда пы"" тя"" ӈади"""
/Users/air/Downloads/Ненецкие аудио/data/Три ханты_new_1502554.4925608519_1510900.34375.wav,"хабе'нет ӈопой ӈэбт' яс"" нянэйӈэ хан'на' хабе"" не ма пухуця хасвами ханяна ханар"
/Users/air/Downloads/Ненецкие аудио/data/Три ханты_new_1511507.84375_1520046.59375.wav,"няна"" пон юӈгу хасвами тюкона мэ ӈоб"" паӈглерота хасва нюми тюкон"" тэвы' мят мюй няна"" набтенё'"
/Users/air/Downloads/Ненецкие аудио/data/Три ханты_new_1522409.0937500002_1530677.8437500002.wav,"пухуця ма ӈоб"" паӈглерота хабим"" ехэрав намгэ"" ӈабт"" намдортакэн"
/Users/air/Downloads/Ненецкие аудио/data/Три ханты_new_1531335.96875_1536002.698314699.wav,"тароси""тон ӈэвани панзе хадабада юӈгу хадабада юӈгу"
/Users/air/Downloads/Ненецкие аудио/data/Три ханты_new_1538689.324123893_1548531.5937500002.wav,нянда панзе хадаба пяйда пухуцяр лакри' нямда ня'мада хабе'нер лэрё нямда нё' синя нюле ханада
/Users/air/Downloads/Ненецкие аудио/data/Три ханты_new_1550151.59375_1556108.4687500002.wav,"тад лабцевонди"" пухуцяр мэбепата нё"" хэван"" хабе'немда тасетыда"
/Users/air/Downloads/Ненецкие аудио/data/Три ханты_new_1558099.7187500002_1565069.09375.wav,"ӈоб"" паӈглерота хаби сэврида мэ""на пухуця хадада выдарава"" то""лха"
/Users/air/Downloads/Ненецкие аудио/data/Три ханты_new_1565811.5937500002_1571599.5977763045.wav,"ӈоб"" паӈглерота хаби хаданда выдаравахад тоса хабе'нем"" няби марцьхад ня"" мада"
/Users/air/Downloads/Ненецкие аудио/data/Три ханты_new_1572218.7477539834_1577556.59375.wav,"ӈоб"" паӈглерота"" ня"" мув"" сер"" ӈоб' пухуця намгэлт хабе'не юӈгу пухуця ма"
/Users/air/Downloads/Ненецкие аудио/data/Три ханты_new_1579328.4687500002_1583444.0778385028.wav, мадамзь лахнаӈгудм' намгэ санэин выдараб'нан хар'н тёреӈгуваць
/Users/air/Downloads/Ненецкие аудио/data/Три ханты_new_1584124.572734382_1591056.5937500005.wav,"выдараб'нан хар'н тёреӈгуваць небяр ӈацекы неӈэ хэнтась небят ня' хаяди"""
/Users/air/Downloads/Ненецкие аудио/data/Три ханты_new_1591765.34375_1599629.0937500005.wav,"таль'ня' ядбат няхар"" нем хонась не нюн недат ханан' небянда ня' ӈобт"" ядалъяха"""
/Users/air/Downloads/Ненецкие аудио/data/Три ханты_new_1601789.09375_1608923.9786934673.wav,"ӈоб"" паӈглерота хабир няхар"" хабе'немда мал"" ханаяда сеӈгалъяд' юркыд'"
/Users/air/Downloads/Ненецкие аудио/data/Три ханты_new_1608923.9786934673_1614426.8923054752.wav,"нюдя хабе'нер ма ӈоб"" паӈглерота мань пи"" юдэрмэдм"""
/Users/air/Downloads/Ненецкие аудио/data/Три ханты_new_1615001.0598738734_1621705.026841708.wav,"нув"" си"" вархана сидя няр таня няхъют ня"" тэвына"" юдэ""мами тарця"
/Users/air/Downloads/Ненецкие аудио/data/Три ханты_new_1622194.1325481213_1631117.8437500002.wav,"маня"" хоныва"" хонёдахана"" няхъюд палына сит хадаӈаха"" нув"" си"" вархана хальмераӈэ хаин"
/Users/air/Downloads/Ненецкие аудио/data/Три ханты_new_1632282.21875_1638377.6551757576.wav,"ӈоб"" паӈглерота хабир ма ханзер"" хаӈгудм"" юдэ'мар юдэ'ма то""лха ни ӈа"""
/Users/air/Downloads/Ненецкие аудио/data/Три ханты_new_1638760.4335546899_1645562.8437500002.wav,"хэбе'не сидя нянэй ӈобацям"" ми""ӈа ма сидя ӈобацями нянат ӈэяха"""
/Users/air/Downloads/Ненецкие аудио/data/Три ханты_new_1646237.84375_1653055.3437500002.wav,"небянду"" ня"" ядалъид"" ӈани"" сеӈгалъяд"" нани"" хонайд"" юркыд"" нюдя хабе'нер ма"
/Users/air/Downloads/Ненецкие аудио/data/Три ханты_new_1654489.71875_1662958.8673911518.wav," мань ӈани"" юдэрмэдм' сидя ӈарка няр ӈани"" манэ'ӈахъюн тэвына"" ӈани"" хона"" ниня""м"
/Users/air/Downloads/Ненецкие аудио/data/Три ханты_new_1663426.7076320688_1670909.0937500002.wav,"няхъюд хонёдахна харт палынат сит хадаӈаха' пыдар нув"" си"" вархана хальмераӈэ хайн"
/Users/air/Downloads/Ненецкие аудио/data/Три ханты_new_1671550.34375_1677608.4687500002.wav,хабе'немда хамбрада ма ханзер няни си'м хадаӈгуху сиикан
/Users/air/Downloads/Ненецкие аудио/data/Три ханты_new_1681306.5384197484_1689160.120530136.wav,хабене ма нянэй тирцьми нянат ӈэя ӈани ядалъяд' сеӈгалъяд'
/Users/air/Downloads/Ненецкие аудио/data/Три ханты_new_1689465.0234481397_1697256.6153270802.wav,хабе'не ма ӈани' юдэрмэдм' сидя ӈарка няр сит хадаӈаха' палына сит хадаӈаха
/Users/air/Downloads/Ненецкие аудио/data/Три ханты_new_1697813.1209301136_1706616.5937500002.wav,"ӈоб"" паӈглерота хаби ма нявнани них' хадаӈгу"" хабе'не ма солтэй ӈуда есями мэкаркарт"
/Users/air/Downloads/Ненецкие аудио/data/Три ханты_new_1708641.59375_1716809.09375.wav,"нобт' ядалъид' нув' си' варан"" тэвыд' нув' си"" вархана сидя хабир хоныхы'"
/Users/air/Downloads/Ненецкие аудио/data/Три ханты_new_1717821.59375_1722310.34375.wav,"сеней сер"" юседанаха' ма юркыди' това"""
/Users/air/Downloads/Ненецкие аудио/data/Три ханты_new_1723002.21875_1730160.8089184787.wav,"хабихаюд юркъяха' ӈоб"" паӈглерота хабир ма хонэйптарцюна' хонайд'"
/Users/air/Downloads/Ненецкие аудио/data/Три ханты_new_1730696.635721356_1736654.09375.wav,"сидя ӈарка хаби яля хонёвэхэ"" немасихи' поӈганди' тасалкуху'"
/Users/air/Downloads/Ненецкие аудио/data/Три ханты_new_1739033.46875_1746441.5937500005.wav,"ӈоб"" паӈглерота не тавы намгэхэд хойда тюку"" не' няна' сэва' нё'"
/Users/air/Downloads/Ненецкие аудио/data/Три ханты_new_1747082.8437500002_1755705.9687500002.wav," ӈоб' паӈглерота' ныхыда ва'мы ханзер' няхар' нем' хо няхар"" хабе'ненда нобкарт' вуни тат'"
/Users/air/Downloads/Ненецкие аудио/data/Три ханты_new_1756684.7187500002_1760464.7187500002.wav,"мал"" харта мэӈгуда нув' тяхад тавы хабе'не"
/Users/air/Downloads/Ненецкие аудио/data/Три ханты_new_1761595.3437500002_1767872.84375.wav,то'я парэӈгодан' тэв'махадана' нув' тяхад товым' нюбета савам' нюбета
/Users/air/Downloads/Ненецкие аудио/data/Три ханты_new_1768919.0937500002_1778082.2187500005.wav,"ӈоб"" паӈглеротам' хадаба'ни мани' нув' няд тавым нибетани' сава ненцяни' ӈэӈгуни'"
/Users/air/Downloads/Ненецкие аудио/data/Три ханты_new_1779634.7187500005_1787802.21875.wav,"ӈоб"" паӈглерота хабир няхар' хабе'не нобт' хонавыд' ӈопой хабе'не ӈэда пулэ'мна ӈади'"
/Users/air/Downloads/Ненецкие аудио/data/Три ханты_new_1789219.71875_1798703.4687500002.wav,"няди' си""в тибя палым' сидя малхад илади' няди' сидя пулы' ни"" ха'вради'"
/Users/air/Downloads/Ненецкие аудио/data/Три ханты_new_1799412.2187500002_1808085.96875.wav,си'в тибя палы сидя ӈэм' сидя ян' манта ӈоб паӈглерота хабинд немада хая
/Users/air/Downloads/Ненецкие аудио/data/Три ханты_new_1809300.9687500005_1816084.71875.wav,ӈэда някуда нэкалъида ма яӈэ ӈэни няна' е'нё'
/Users/air/Downloads/Ненецкие аудио/data/Три ханты_new_1817400.96875_1825332.2187500005.wav,манэ'ида ӈэхыюда пулы'мана матюйха' ма сидя ӈамгэрими си'ми хадавэню'
/Users/air/Downloads/Ненецкие аудио/data/Три ханты_new_1826057.84375_1831637.5186546943.wav,нянда хая ӈув' иням' ня'ма ныльня' ха'мы'
/Users/air/Downloads/Ненецкие аудио/data/Три ханты_new_1832173.345457572_1842139.71875.wav,тотана юнуда пулы' ӈэсонд'ӈэда пакалмыда сидя ӈарка хабир нянди' ӈэ тикэн' мэвыди'
/Users/air/Downloads/Ненецкие аудио/data/Три ханты_new_1843860.96875_1850087.8437500005.wav,"ӈоб"" паӈглерота хаби ӈэхъюда тикэня хоюда"
/Users/air/Downloads/Ненецкие аудио/data/Три ханты_new_1850948.46875_1857479.09375.wav,"ӈэхыюда тебдеӈаюда харти"" талкэдаӈаха'"
/Users/air/Downloads/Ненецкие аудио/data/Три ханты_new_1858255.34375_1866169.71875.wav,"сидя ӈарка хабир юномди' тарпра я""мвэди' недарманди' мюмня яда хэвы'"
/Users/air/Downloads/Ненецкие аудио/data/Три ханты_new_1868464.71875_1879230.96875.wav,"ӈоб"" паӈглерота хабир юнонда махан' сакада юнода хабарӈада тота юнор тода мярайд'"
/Users/air/Downloads/Ненецкие аудио/data/Три ханты_new_1880910.7531736_1886537.84375.wav,"юнор нув' таль'ний хэвувна миӈа то'я парэӈгода"" хард"" малан"" ха'мы"""
/Users/air/Downloads/Ненецкие аудио/data/Три ханты_new_1887195.96875_1893832.2303152594.wav,"ӈоб"" паӈглерота хабир юномда ӈарвэй мал"" тапарнада я' пякоцяӈэ хая юно'яда"
/Users/air/Downloads/Ненецкие аудио/data/Три ханты_new_1894267.2547155512_1901640.96875.wav,"ӈоб"" паӈглерота хабир ӈоб"" пархалй' я"" ӈасе паныта луца"" ӈацекэнэ хая панрида тядана"""
/Users/air/Downloads/Ненецкие аудио/data/Три ханты_new_1904999.09375_1911040.34375.wav,"то'я парэӈгода харад"" помна ядэрӈа маӈгбада луца пэтавы"
/Users/air/Downloads/Ненецкие аудио/data/Три ханты_new_1912035.96875_1920371.229805906.wav,"пэтана луце вэску"" тыбка"" ӈыл"" хубкада луцар ма ӈамгэ ервсяда ӈацекы"
/Users/air/Downloads/Ненецкие аудио/data/Три ханты_new_1920645.952031717_1928093.0631931769.wav,"ӈацекым' хацям"" сап"" сер'мня хацям' хань' нюдю"" ӈамгэ ервси"" ядэлабтабиду'"
/Users/air/Downloads/Ненецкие аудио/data/Три ханты_new_1928443.696704092_1933821.59375.wav,"ӈацекы ма ирика' небями юӈгу нисями юӈгу нянанд мэхэдм"""
/Users/air/Downloads/Ненецкие аудио/data/Три ханты_new_1935104.09375_1940385.96875.wav,"вэску ма ӈацекы ни тара"" ӈацекым""ӈавла ныхми юӈгу"
/Users/air/Downloads/Ненецкие аудио/data/Три ханты_new_1941195.96875_1948536.5937500002.wav,"мякад пухуця ма вэску ӈамгэӈацекым"" ӈэдтамбир нюми юӈгу вадахами"
/Users/air/Downloads/Ненецкие аудио/data/Три ханты_new_1949228.4687500005_1955050.34375.wav,"вэску ма мят"" хань"" хадар сит ӈавлая ныхда танеб"" луца ӈацекэр мят' тю"
/Users/air/Downloads/Ненецкие аудио/data/Три ханты_new_1956180.96875_1964432.84375.wav,"ӈоб"" паӈглерота хабир луца"" ӈацекэӈэ хадаюта ня"" та илелй"" вэсако луце'яр яноць тулы"""
/Users/air/Downloads/Ненецкие аудио/data/Три ханты_new_1965910.5453098796_1971452.8437500005.wav,ӈацекы ма яноць тулын ӈамгэ пэрцетын вэску луцар ма
/Users/air/Downloads/Ненецкие аудио/data/Три ханты_new_1972212.21875_1978439.09375.wav,"парэӈгода"" мякана мэсетыва"" нув"" тяхна сидя хаби хан'мэхэ"" тюкон"" тэвъяха"""
/Users/air/Downloads/Ненецкие аудио/data/Три ханты_new_1979502.21875_1985729.09375.wav,"нув тяхад няхар"" нув' хабе'нем' тавэхэ' ӈэбт пэйха небямди"" тавэхэ"""
/Users/air/Downloads/Ненецкие аудио/data/Три ханты_new_1986758.46875_1994537.84375.wav,"сидя хаби нув' тяхад тэвы неди"" ӈамдалман' харваӈаха' недди"" тикым"" тасламби'"
/Users/air/Downloads/Ненецкие аудио/data/Три ханты_new_1995719.09375_1998776.7409550878.wav,"нюдя хабе'не ма ӈоб"" паӈглерота хаби хасвами хада хаединзь"
/Users/air/Downloads/Ненецкие аудио/data/Три ханты_new_2002159.2802138375_2007409.5280180287.wav,"сидна' тавэхэ"" нихи' ӈа"" нямди"" хадаринзь"
/Users/air/Downloads/Ненецкие аудио/data/Три ханты_new_2007657.7884067139_2015564.09375.wav,хасван ӈобани ми'ӈадамзь хибя тикы тэвраӈгуда тикы си'м мэӈгу ӈобаюн табта
/Users/air/Downloads/Ненецкие аудио/data/Три ханты_new_2016677.84375_2022786.5937500002.wav,"то""я парэӈгода"" хардахана идартава"" пухуця ва'вар серта' хонаӈгув"""
/Users/air/Downloads/Ненецкие аудио/data/Три ханты_new_2023967.84375_2034057.509153956.wav,"вэсаку луцар хонай"" ӈоб"" паӈглерота хабир иринда сярлы"" инян"" сидя ӈобам"" пэбтаӈахъюда"
/Users/air/Downloads/Ненецкие аудио/data/Три ханты_new_2034483.601143184_2043576.5937500005.wav,"вэсако луцар ялэма"" няна немада хая ма хонаравэв"" пыян сярлым"" ханя"" мэвэв ӈэба'н"
/Users/air/Downloads/Ненецкие аудио/data/Три ханты_new_2044740.96875_2053330.34375.wav,"тарем' пюртанда сярда лым"" хода ма пухуця сярлы иняна пэбтюдаха ӈобаха'"
/Users/air/Downloads/Ненецкие аудио/data/Три ханты_new_2057160.8369193282_2065370.9152112934.wav,"нюдя хабе'не ӈобахаюда тюку' то'лхаӈэ ваде'ӈаюдась юдэрмав нивэв хамада"" юдэрмэкэдм'"
/Users/air/Downloads/Ненецкие аудио/data/Три ханты_new_2069640.717002354_2079435.96875.wav,"вэску ма юдэ'мами ӈули' нив тене"" нобахъюн парэӈгода мят' хабе'нен ханаӈгуин пыда е'йда ӈэбтюм"""
/Users/air/Downloads/Ненецкие аудио/data/Три ханты_new_2080617.2187500005_2084721.7440119449.wav,"вэску луца хая яля"" ямбан юӈгу нумда пэйсюмго то"
/Users/air/Downloads/Ненецкие аудио/data/Три ханты_new_2085125.4933468066_2091552.21875.wav,"ӈоб"" паӈглерота хаби ма ирикэ хабе'ненд ӈобахъюда ӈэвэхэ"" вэску ма "
/Users/air/Downloads/Ненецкие аудио/data/Три ханты_new_2093149.6053406291_2099888.4687500005.wav,"ханяха"" ӈэ' ӈобахъюда ӈэвэхэ' теда"" хабе'не"" хавы хасванда ненэй тирцянда ӈэвы"
/Users/air/Downloads/Ненецкие аудио/data/Три ханты_new_2100529.71875_2106246.327453783.wav,"ма ненэй тирцям"" хибя тэврада тикэнянда' хаепаӈгудм"""
/Users/air/Downloads/Ненецкие аудио/data/Три ханты_new_2106246.327453783_2110907.84375.wav,"сидя хабихина нидм"" мэӈгу"" тирцьми тэвранана мэӈгудм"
/Users/air/Downloads/Ненецкие аудио/data/Три ханты_new_2112797.8437500005_2120762.84375.wav,"мань хонаӈгув"" сярлэв синякуна юседая сярда лым"" синяку"" мода вэсако хонай"""
/Users/air/Downloads/Ненецкие аудио/data/Три ханты_new_2121910.34375_2130820.3437500005.wav,"ирида хонарахва ненэй тирцям"" сярлэн"" пэбтада вэскор юркы"" ӈудада синя' вэӈгала ма"
/Users/air/Downloads/Ненецкие аудио/data/Три ханты_new_2132372.8437500005_2137941.59375.wav,"сярлэкоцяв синяна ӈэсь пухуця сярлэна ӈэда тирць"" ӈэрха"
/Users/air/Downloads/Ненецкие аудио/data/Три ханты_new_2139038.46875_2148488.46875.wav,"ненэй тирць"" ӈэвы юдэ'мами нивэв хаманда"" юдэнани си'ми намдсан намдсан мань тирцями тирцями ханаӈгудм"""
/Users/air/Downloads/Ненецкие аудио/data/Три ханты_new_2150260.34375_2155002.21875.wav,"вэсакор яля"" ямбан"" юӈго нумда пайсюмзь вэсако то"
/Users/air/Downloads/Ненецкие аудио/data/Три ханты_new_2156267.84375_2160790.34375.wav,"ма ӈоб"" паӈглерота тирцьда ӈэвда ӈэвы"
/Users/air/Downloads/Ненецкие аудио/data/Три ханты_new_2162022.2187500005_2166747.21875.wav,"вэску ма хабе'не тирцянда ӈэвы нирхадамзь юдэ"""
/Users/air/Downloads/Ненецкие аудио/data/Три ханты_new_2168249.0937500005_2174020.3437500005.wav,"хуний яля"" тюӈгува' ӈобамда тавы хасвамда пюӈгу хабе'не"
/Users/air/Downloads/Ненецкие аудио/data/Три ханты_new_2176401.531646306_2180905.3437500005.wav,хавы хасавананда ма ню хаевы ӈуда есямда пюрта
/Users/air/Downloads/Ненецкие аудио/data/Три ханты_new_2187233.4687500005_2194746.6271958835.wav,"мась хадавы хасвами тэввэкы' ӈобни та тирцями та"" хасвамда пюӈгу"
/Users/air/Downloads/Ненецкие аудио/data/Три ханты_new_2194994.1050853753_2200844.325632306.wav,"хасвамда тюкон"" иле тэввамда тосада луца ӈацекы ма мань ӈо"" хуняна"
/Users/air/Downloads/Ненецкие аудио/data/Три ханты_new_2208801.668300344_2212208.46875.wav,"парэӈгода' харад' явотан мякнанд хасена"""
/Users/air/Downloads/Ненецкие аудио/data/Три ханты_new_2218620.408141694_2223214.090974171.wav,"ӈамднамд ӈамдӈав"" парэӈгода"" харад"" тер' маӈгбю' ним"""
/Users/air/Downloads/Ненецкие аудио/data/Три ханты_new_2223561.6393463654_2228374.7187500005.wav,"маӈгбада ня'нанда ӈорт нив"" тоя парэӈгода"" мят' ядалъяд"
/Users/air/Downloads/Ненецкие аудио/data/Три ханты_new_2232880.34375_2240339.09375.wav,"ӈоб"" паӈглерота хабир хавкэй харв' лэт паӈглярта хэвханда ха'мы"" хадаюда хэвувнанда хаяха'"
/Users/air/Downloads/Ненецкие аудио/data/Три ханты_new_2241824.0937500005_2246869.71875.wav,"ӈани"" пархалй ' ӈани"" луца' ӈацекэӈэ ха'мы' парэӈгода"" мят"" тю"
/Users/air/Downloads/Ненецкие аудио/data/Три ханты_new_2247899.09375_2254733.4687500005.wav,"сидя нув' тяхня' хан""мы хаби парэӈгода"" хэван' ӈамдвэхэ' ӈэвариду"" няхар"""
/Users/air/Downloads/Ненецкие аудио/data/Три ханты_new_2255644.71875_2265550.34375.wav,"маӈгбада"" сава иленя"" ӈобт""ӈамдвыд' нюдя хабе'нер сяркам"" хамдпа пявы ненцие"" сиди сяркы туйтамбида"
/Users/air/Downloads/Ненецкие аудио/data/Три ханты_new_2266596.5937500005_2272570.3437500005.wav,"мя' тер ненцие мал"" толайда не' хэван' манэ'ӈада ӈоб"" паӈглеротам"""
/Users/air/Downloads/Ненецкие аудио/data/Три ханты_new_2275523.4687500005_2283235.3437500005.wav,"ненэць ӈацекэми таневы ню сяркадда нивэдм' мис"" сяркам"" ми""ӈа ӈудита маликари"" надимя'"
/Users/air/Downloads/Ненецкие аудио/data/Три ханты_new_2283859.71875_2290424.09375.wav,"хабе""не ма ӈудар ӈаркавна ӈадимдедӈоб"" паӈглерота ма ӈудами иби"
/Users/air/Downloads/Ненецкие аудио/data/Три ханты_new_2291099.09375_2295816.8381036012.wav,"ӈани"" сяркам"" ми""ӈа солтэй ӈуда еся тудрев"" ӈадимя"
/Users/air/Downloads/Ненецкие аудио/data/Три ханты_new_2296163.8823293475_2302169.09375.wav,хабе'нер луца ӈацекым' марцьхаданда нюлеба ханада ма
/Users/air/Downloads/Ненецкие аудио/data/Три ханты_new_2307476.7352059325_2315077.2340132487.wav,"солтэй ӈеда есями мэтада тям' хасвами тюкон' тэввы"" ӈобни тирциини ӈадибедыд'"
/Users/air/Downloads/Ненецкие аудио/data/Три ханты_new_2317424.09375_2320630.34375.wav,ма' хасванд ӈамгэ нендода таня
/Users/air/Downloads/Ненецкие аудио/data/Три ханты_new_2321474.09375_2328291.59375.wav,"хабе'не ма нув"" няд си'ми тавы хасвани павэта няд ӈоб"" паӈглярта"
/Users/air/Downloads/Ненецкие аудио/data/Три ханты_new_2328915.9687500005_2332982.84375.wav,"ӈоб"" паӈглерота ӈоб"" пархалй' ӈоб"" паӈглярта ха'мы"""
/Users/air/Downloads/Ненецкие аудио/data/Три ханты_new_2333590.34375_2339985.96875.wav,"парэӈгода' хэвхана ӈамдёвэхэ' сидя хабир нямди"" манэкая ӈыльня хыямъяха"""
/Users/air/Downloads/Ненецкие аудио/data/Три ханты_new_2341302.21875_2349863.139688.wav,парэӈгода ма нямди' хадавэхэ' нё сидя хэван' ладоръида' хая' вэваковна илевэхэ'
/Users/air/Downloads/Ненецкие аудио/data/Три ханты_new_2352912.2187500005_2357654.0937500005.wav,"ӈоб"" паӈглерота хаби ма сидя хабе'нем ӈобтарем' тебреяха'"
/Users/air/Downloads/Ненецкие аудио/data/Три ханты_new_2360022.6622063103_2366867.84375.wav,"мал'ӈобкана хая"" харти"" са'лимяха' тет ненцям' мал"" тебдейду"""
/Users/air/Downloads/Ненецкие аудио/data/Три ханты_new_2368386.5937500005_2375490.9687500005.wav,"ӈоб"" паӈглерота хаби ма луца вэску ирими парэӈгода хэвхэданд мэбат тара"
/Users/air/Downloads/Ненецкие аудио/data/Три ханты_new_2376520.3437500005_2382139.7187500005.wav,нюдя хабе'немда недда мэ небямда мэ мяканду' хая'
/Users/air/Downloads/Ненецкие аудио/data/Три ханты_new_2383169.09375_2386527.2187500005.wav,"ӈоб"" паӈглерота хаби' тэрида юӈгу"
/Users/air/Downloads/Ненецкие аудио/data/Три ханты_new_2387438.4687500005_2392247.8437500005.wav,есявада тёнявада ӈока хунананда яв' малӈэ хая
/Users/air/Downloads/Ненецкие аудио/data/Маринзя_new_15234.08761854302_23925.968750000004.wav,маринзя мяпой мякна ханеванзь хая не нямда сода нултади'
/Users/air/Downloads/Ненецкие аудио/data/Маринзя_new_25275.96875_34067.84375.wav,ӈэсыхы' мий'маданди' мядм мярӈа мяти' хэвхана харбе таня маринзя ма
/Users/air/Downloads/Ненецкие аудио/data/Маринзя_new_35265.96875_41408.46875.wav,пя юӈгу харбе пям' нён маль' пяданд
/Users/air/Downloads/Ненецкие аудио/data/Маринзя_new_42454.71875000001_47331.59375.wav,"маринзят мя"" пясипой' ханимя ты"" ӈамза ханимя'"
/Users/air/Downloads/Ненецкие аудио/data/Маринзя_new_48209.09375_52394.09375.wav,ты' ӈэвам' хырабаданда маринзе' не ня ӈудэмда мада
/Users/air/Downloads/Ненецкие аудио/data/Маринзя_new_53879.09375_58401.59375.wav,ноянда пан' ӈадарта ӈуданда сяр'маӈэ сярада
/Users/air/Downloads/Ненецкие аудио/data/Маринзя_new_61152.21875_66113.46875000001.wav,пин' санэй' харбе пям' ваеӈэ ӈудана мадада
/Users/air/Downloads/Ненецкие аудио/data/Маринзя_new_71715.96875_78263.46875.wav,си'в юдимдей тирда теда' пакалтэны' ялямдэй ӈылна хая
/Users/air/Downloads/Ненецкие аудио/data/Маринзя_new_79478.46875_85536.59375000001.wav,маринзят папа пида пэӈа пида сея' няку' такалъида
/Users/air/Downloads/Ненецкие аудио/data/Маринзя_new_87780.96875_92809.71875.wav,маринзяр тованонда мят' тю ӈорӈа ма
/Users/air/Downloads/Ненецкие аудио/data/Маринзя_new_93839.09375_100589.09375.wav,"пядабт ховэн нянда мунда юӈгу маринзяр пин"" хая"
/Users/air/Downloads/Ненецкие аудио/data/Маринзя_new_101837.84375_110697.21875.wav,пихид то'маданда ӈэда яӈгаць яӈгцянда пюла сея' няд ӈоб' пэвдюм' нэкалӈа
/Users/air/Downloads/Ненецкие аудио/data/Маринзя_new_112637.84375_120332.84375.wav,манэсарӈада ма ханяд хор харв' маль'ма ӈэрха теда' хаӈгудм'
/Users/air/Downloads/Ненецкие аудио/data/Маринзя_new_122087.84375_126694.71875.wav,не няда ма сит хадавнда вуни тане' хонахани'
/Users/air/Downloads/Ненецкие аудио/data/Маринзя_new_128027.84375000001_135250.34375.wav,ӈарка нумлита тид хаӈгва маринзе юркы' ӈорӈа пыда ма ямдаӈгуни'
/Users/air/Downloads/Ненецкие аудио/data/Маринзя_new_136161.59375_146894.09375.wav,"мяти хавдаӈа' мюселъи' нултади' маринзе ма ӈэсохани' сэвни тыра' мэн"" харвадм"
/Users/air/Downloads/Ненецкие аудио/data/Маринзя_new_148716.59375000003_155264.09375.wav,не ӈацекы ӈуданда сяр'мям' ё'мы хонэй' ты'вэнолавонондо'
/Users/air/Downloads/Ненецкие аудио/data/Маринзя_new_156546.59375_161507.84375.wav,"маринзя ма вэдаркар"" си""м хадавнда ту"" ни"
/Users/air/Downloads/Ненецкие аудио/data/Маринзя_new_163144.71875_168764.09375.wav,вэдарӈа хонаяха' тумди' хабтаӈаха' пихид ӈоб' валта
/Users/air/Downloads/Ненецкие аудио/data/Маринзя_new_170130.96875000003_177758.46875000003.wav,"нябаков нинеков хонэрэйди' нём""нэди' ӈудин есьмя'"
/Users/air/Downloads/Ненецкие аудио/data/Маринзя_new_179597.84375_187748.46875.wav,сиде илебцям' мине маринзя сырӈа ӈопой ӈудада ӈопой ӈэда ма
/Users/air/Downloads/Ненецкие аудио/data/Маринзя_new_189284.09375_197198.46875.wav,"нинекакойни хонаравэхэ"" сиде илебцямда хабарӈахаюда ед' мюня ӈамза таня"
/Users/air/Downloads/Ненецкие аудио/data/Маринзя_new_197856.59375_207374.09375.wav,"ӈорӈа пелей' ня"" хонэй' маринзе' неня"" паным"" сервы юркыд"" ӈорӈа"" ӈани мюселъяд"
/Users/air/Downloads/Ненецкие аудио/data/Маринзя_new_208926.59375_219557.84375.wav,"ваеӈэцяр мюдда пуд ни хаюр маринзяр тэвы"" ноб"" пя' мал' ӈули' саблюйӈэ мивыда ма"
/Users/air/Downloads/Ненецкие аудио/data/Маринзя_new_220637.84375_224299.71875.wav,хуюмли я манэ'ман харва ваеӈэця ма
/Users/air/Downloads/Ненецкие аудио/data/Маринзя_new_224991.59375_230678.46875.wav,нинекаков мань харвадэм' маринзяр то ваеӈэця тю'у' танэй'
/Users/air/Downloads/Ненецкие аудио/data/Маринзя_new_232433.46875_237681.59375.wav,"ваеӈэцям' илада пя"" мал ӈэвавнанда тарпы"""
/Users/air/Downloads/Ненецкие аудио/data/Маринзя_new_238947.21875_244617.21875.wav,"тикэня ха ваеӈэця маринзяхъюд нани"" ямдаяха"" ма"
/Users/air/Downloads/Ненецкие аудио/data/Маринзя_new_245865.96875_251451.59375000003.wav, ӈэсыхани ӈамгэ товна ӈортахди' тыди ӈани' вэнолыд'
/Users/air/Downloads/Ненецкие аудио/data/Маринзя_new_252345.96875000006_259669.71875000003.wav,"маринзяр ма хань' ӈылекар нани"" торханю' ӈани' пийхад вахэлта"
/Users/air/Downloads/Ненецкие аудио/data/Маринзя_new_261265.69952991433_265373.46875.wav,"нинекаков нябакоков хонарэйди"""
/Users/air/Downloads/Ненецкие аудио/data/Маринзя_new_266672.84375_273456.59375.wav,"нийкаков хан"" мидамзе нябкон хан"" мидамзе сиде хан' тадамзь"
/Users/air/Downloads/Ненецкие аудио/data/Маринзя_new_275329.71875000006_281438.46875.wav,товэди хонэй' хуняна юркыд' сянри по' мюсебту' нулъяд'
/Users/air/Downloads/Ненецкие аудио/data/Маринзя_new_283986.59375_290804.09375.wav,маринзя яв' иканя екар ӈамгэм' пэрӈа тэри тикэня тырца ма
/Users/air/Downloads/Ненецкие аудио/data/Маринзя_new_291900.96875_298769.09375.wav,"хуюмли ит"" харва итри"" ӈамади"" ваяӈэця ма мань ит' харвадм'"
/Users/air/Downloads/Ненецкие аудио/data/Маринзя_new_300945.96875_306092.84375000006.wav,ваяӈэцям' ид' ӈорманда ит' ӈэдхалэтада ма
/Users/air/Downloads/Ненецкие аудио/data/Маринзя_new_307240.34375_311442.21875.wav,"тедав"" сян ни тут"" ӈани"" ӈэдалэйха' нултади"""
/Users/air/Downloads/Ненецкие аудио/data/Маринзя_new_312167.84375000006_320689.71875.wav,ӈэсоӈаха' ӈорць пяӈаха' ӈани ты' вэнолыд' хонаяха' пихид вахалмонда
/Users/air/Downloads/Ненецкие аудио/data/Маринзя_new_321837.21875000006_328570.34375.wav,"нябкоко никако хонарэйди сиде халям' тадм"" ӈудини есьмя"""
/Users/air/Downloads/Ненецкие аудио/data/Маринзя_new_331135.34375_335016.59375.wav,маринзя ма нянд нё' сим' нэ'ма
/Users/air/Downloads/Ненецкие аудио/data/Маринзя_new_336147.21875000006_345816.59375000006.wav,мят' тю сиде халям' мине нябида сявта нябида ехэна ваяӈэцяр ӈорӈа ма
/Users/air/Downloads/Ненецкие аудио/data/Маринзя_new_346710.96875_352212.21875000006.wav,нинекако нин ӈорт' маринзя ма нидм' хуняна ӈортадм'
/Users/air/Downloads/Ненецкие аудио/data/Маринзя_new_353933.46875000006_358422.21875.wav,"юркыд' ӈорӈа"" сян нид"" ямда'"
/Users/air/Downloads/Ненецкие аудио/data/Маринзя_new_359367.21875_366977.84375.wav,тикы яхад хане маринзяр ваенэцяр тикэд ханесеты' ваеӈэця ма
/Users/air/Downloads/Ненецкие аудио/data/Маринзя_new_368040.9687500001_374436.59375.wav, тюку миндакна вэва ӈэрха пин' санэй' харасяда ян' таркада
/Users/air/Downloads/Ненецкие аудио/data/Маринзя_new_375685.34375_384527.8437500001.wav,ӈок' мяду' нимня хая ненця' ябевы' ноб' мяд' хэвхана едэй мивы хасва' хан ӈыдимя
/Users/air/Downloads/Ненецкие аудио/data/Маринзя_new_386147.8437500001_392526.59375.wav,няхар' хасва то' ӈаркавна ябевы' ӈоб' хасва тикэн' ӈамды'
/Users/air/Downloads/Ненецкие аудио/data/Маринзя_new_393488.46875_401267.84375000006.wav,сиде хасваюд мят' хая' ваеӈэця мята нё' син' ха'мы' хасвам' мантэтада
/Users/air/Downloads/Ненецкие аудио/data/Маринзя_new_403444.7187500001_412017.21875.wav,маринзянда папа маманонда ваеӈэ пыдар ваеӈэ ма тюкона мэдамню'
/Users/air/Downloads/Ненецкие аудио/data/Маринзя_new_413400.96875_421585.3437500001.wav,марензя ма ваеӈэ пыдар марензянд папа хасавам сера' яляна манэ'ӈада ма ханяд товы ненцянд
/Users/air/Downloads/Ненецкие аудио/data/Маринзя_new_423019.71875_427677.21875.wav,"ненця"" ма ехэрадэм"" ябеваць ханзеркава' тэввэкэв"""
/Users/air/Downloads/Ненецкие аудио/data/Маринзя_new_428858.46875_433819.7187500001.wav,"хуняна маринзер ваеӈэр товы хасва' то""мамда пюла"""
/Users/air/Downloads/Ненецкие аудио/data/Маринзя_new_434849.09375_439067.84375.wav,"ядмартаду"" юӈгу ваеӈэця ма тюкона иледад"""
/Users/air/Downloads/Ненецкие аудио/data/Маринзя_new_440907.21875_448973.46875000006.wav,"хасва тикана илелй' ваеӈэцяр ӈани""я"" сид ян тараде ӈани' мяд"" нимыя хая"
/Users/air/Downloads/Ненецкие аудио/data/Маринзя_new_449918.4687500001_454879.71875000006.wav,"мяд' ябевы' няхар' не то ӈаркавна ябевы"" ма"
/Users/air/Downloads/Ненецкие аудио/data/Маринзя_new_455487.21875_460904.09375.wav,"тюку мань ханми ӈэрха няхъюда хаяха"" тикэня полкада нер"
/Users/air/Downloads/Ненецкие аудио/data/Маринзя_new_462726.59375_473070.96875.wav,маринзя тёрэй ваеӈэ пыдар ваеӈэ ма мань тюкона мэдэм'маринзя нен' ма тюкон' ханявна тэвсин не ма
/Users/air/Downloads/Ненецкие аудио/data/Маринзя_new_473847.21875_478335.96875.wav,"мань ехэрадм' ябеваць маринзе ма тюкон"" илелъимд'"
/Users/air/Downloads/Ненецкие аудио/data/Маринзя_new_479601.59375_484934.0937500001.wav,"ваеӈэт ӈани' ида ядэлы' пи' ерня я"" сид"" ян таралада"
/Users/air/Downloads/Ненецкие аудио/data/Маринзя_new_486672.21875_491785.34375.wav,"ваеӈэр сиде сох"" нимня ӈадимя сох' ӈэва' ни"" танэй"
/Users/air/Downloads/Ненецкие аудио/data/Маринзя_new_492747.21875000006_498248.46875.wav,"сох""нид сырӈа ӈоб' пухуця'я ненцям' ӈорсумби"
/Users/air/Downloads/Ненецкие аудио/data/Маринзя_new_499446.59375_504104.09375000006.wav,"пухцян' маӈ пухцян' маӈа"" не нюда"
/Users/air/Downloads/Ненецкие аудио/data/Маринзя_new_505015.34375000006_509790.9687500001.wav, ханя' хаян ма едди' пинван' сянакованзь хантадм
/Users/air/Downloads/Ненецкие аудио/data/Маринзя_new_513672.21874999994_522565.34375.wav,"не нюдя ма нив' хэбю' таӈар пухуця сянкосьты пухуця ма сянакодама"" пухуця пин' санэй'"
/Users/air/Downloads/Ненецкие аудио/data/Маринзя_new_523628.4687500001_531272.84375.wav,сюдбям нямю'ямда хацересьты едейко пухуцяр си'ив тарем' хая
/Users/air/Downloads/Ненецкие аудио/data/Маринзя_new_533449.7187500001_543389.09375.wav,си'имдей ваеӈэцяр па'нуй харкоцямда нерня' мэ пухуцяр ӈани' тю'уд то сюдбя нямюда нид
/Users/air/Downloads/Ненецкие аудио/data/Маринзя_new_544637.84375_551354.09375.wav,"намгэ пирувна сюдбя нямюмда хар ерада вэярида сельъя"" ма"
/Users/air/Downloads/Ненецкие аудио/data/Маринзя_new_552569.0937500001_558239.0937499999.wav,"нямюми хибя мадада нямюми мэвнда яӈгудасьню"""
/Users/air/Downloads/Ненецкие аудио/data/Маринзя_new_559184.0937500001_567942.2187499999.wav,"вэвана лулыхы нюняха"" хонраркар' ӈавхавнанда яв"" тадебясь ям"" тадебясь"
/Users/air/Downloads/Ненецкие аудио/data/Маринзя_new_569629.7187499999_575957.8437499999.wav,не нюдя ма мань ӈамгэ серми мань нидамзь ман' едейкованзь хань'
/Users/air/Downloads/Ненецкие аудио/data/Маринзя_new_577257.21875_582336.59375.wav,синий не нюнда ма ябтов пыдар ханей'
/Users/air/Downloads/Ненецкие аудио/data/Маринзя_new_583247.8437500001_589474.71875.wav,не нюдя панэмда сера лэсядам наде' ним' сяра пин' ядалй'
/Users/air/Downloads/Ненецкие аудио/data/Маринзя_new_591398.4687500001_598958.4687500001.wav,"ваеӈэцяр мяд"" понд' лыӈгарэй' нем"" ня'мада нёнда сим' саркабтада"
/Users/air/Downloads/Ненецкие аудио/data/Маринзя_new_599717.8437499999_606754.7187499999.wav,"ханада тэвъяха"" илецяда хоба"" ни'хонаяха' хуняна марензяда юркы"""
/Users/air/Downloads/Ненецкие аудио/data/Маринзя_new_607649.09375_614922.21875.wav,"ваеӈгэця ма хадар юркы' юркад"" не сякад не сякад мяту ялума"
/Users/air/Downloads/Ненецкие аудио/data/Маринзя_new_617250.9687500001_623545.34375.wav,"марензид сэвриду' мэ'ӈа"" хане хая"" няхар"" не мякана хаюрӈа"""
/Users/air/Downloads/Ненецкие аудио/data/Маринзя_new_624929.09375_634615.34375.wav,"ӈамгэ"" ельцьгана ваеӈэця ма мядоманзь хантава"" никаков ӈамгэ то'лха ты мэтан"
/Users/air/Downloads/Ненецкие аудио/data/Маринзя_new_635526.5937500001_642614.0937499999.wav,"никако тет парисе ты мэт' нинув"" нинедэми тет тымуй тым"" мэт"" нив"""
/Users/air/Downloads/Ненецкие аудио/data/Маринзя_new_643255.3437500001_651017.8437500001.wav,"мань тет падвы ты мэт нидум' ӈэдалэяд"" ӈок"" мяду нимня ӈадимя"""
/Users/air/Downloads/Ненецкие аудио/data/Маринзя_new_651827.84375_657615.9687500001.wav,"ӈысунду"" ерв' сиде хэвувнанду' налкабтавэду' хэвувнанду"" вырададу'"
/Users/air/Downloads/Ненецкие аудио/data/Маринзя_new_660231.59375_665091.5937500001.wav,"ха""мна саӈуду' валций'аду' худ тодов'"
/Users/air/Downloads/Ненецкие аудио/data/Маринзя_new_666525.96875_671217.21875.wav,ваеӈэця ма маня' тайкуркад ядэрӈавов
/Users/air/Downloads/Ненецкие аудио/data/Маринзя_new_671942.8437500001_679654.71875.wav,ма хибяхавада' ӈэдакэда' ваеӈэ ма няби неками няби нябакуни хасва
/Users/air/Downloads/Ненецкие аудио/data/Маринзя_new_681139.7187500001_687029.0937500001.wav,"мят' тю' ӈорӈа"" пухуця'е еттари мядонда хасварин' сырӈа ма"
/Users/air/Downloads/Ненецкие аудио/data/Маринзя_new_688227.21875_691720.34375.wav,ӈоб' няхвар сейхана тебирмонда ваеӈэ ма
/Users/air/Downloads/Ненецкие аудио/data/Маринзя_new_692766.5937500001_696327.2187500001.wav,тикэва харта мяхна' тэвыць пухуця ма
/Users/air/Downloads/Ненецкие аудио/data/Маринзя_new_697052.84375_702233.4687500001.wav,нюми ё'ӈадамзь нюми ни ӈа' ябтов ханзер' тэвын
/Users/air/Downloads/Ненецкие аудио/data/Маринзя_new_704275.34375_708105.9687500001.wav,"хасва ма ехрадм' ханзер"" тэввэкэв'"
/Users/air/Downloads/Ненецкие аудио/data/Маринзя_new_708899.09375_715210.34375.wav,пухуця ма нюкцяков ханаӈэ пэрӈавесь иле тэввы'ню'
/Users/air/Downloads/Ненецкие аудио/data/Маринзя_new_716239.7187500001_722854.7187500001.wav,"ӈопой нюкцяков ӈа"" нисяв' мяканду' хая' ӈамгэ ёльцьгана ӈани' мяк' тэвыд'"
/Users/air/Downloads/Ненецкие аудио/data/Маринзя_new_725706.5937500001_734448.4809162583.wav,"ӈысынду' ерв"" хэван' нулъйд"" ӈамгэ лахнэкуду' ёльце'мадду' мят' тю"
/Users/air/Downloads/Ненецкие аудио/data/Маринзя_new_734858.3543513333_738666.59375.wav,пухця ма ёховы нем' нисяда' намд'
/Users/air/Downloads/Ненецкие аудио/data/Маринзя_new_739864.7187500001_745534.7187500001.wav,ваеӈэцяр ма харта тось некан неӈэ мэваць
/Users/air/Downloads/Ненецкие аудио/data/Маринзя_new_747272.84375_751154.0937500001.wav,"то'мамда хось я'маваць нянан"" илесь"
/Users/air/Downloads/Ненецкие аудио/data/Маринзя_new_756385.34375_764929.6296124844.wav,"мякду"" тэвыд"" сян по' иле"" ханесеты"" ваеӈэ' не"" небя"" мят' хая"" небяда ма "
/Users/air/Downloads/Ненецкие аудио/data/Маринзя_new_767146.6722840267_775200.9687500001.wav,вэва ней няр яӈгасэй' вэва не яӈгӈада мят' тюӈаха
/Users/air/Downloads/Ненецкие аудио/data/Маринзя_new_777394.71875_783760.8381029528.wav,"ябтов пыдар тэввэн не нюкцями теда' ханад ня""нд таславысь"
/Users/air/Downloads/Ненецкие аудио/data/Маринзя_new_784356.4345635064_790067.8437500001.wav,"ваеӈэр сян пухуцям"" ладеледа пухуцяр ӈахат"" ӈэхэнда ха""мы"
/Users/air/Downloads/Ненецкие аудио/data/Маринзя_new_790860.96875_795467.8437500001.wav,"ӈорӈа"" пухуця ма нюм"" хобти"" няни"" ӈэдтэйди"""
/Users/air/Downloads/Ненецкие аудио/data/Маринзя_new_796615.34375_800969.09375.wav,"мякди"" хаяха' нюм' хоӈаха' хаданда ӈэдтади"""
/Users/air/Downloads/Ненецкие аудио/data/Маринзя_new_802994.09375_809237.8437500001.wav,"ӈани нюм' хоӈаха"" ваеӈэ то'лха ӈопой ӈэда ӈопой ӈудада"
/Users/air/Downloads/Ненецкие аудио/data/Маринзя_new_810182.8437500001_815397.2187500001.wav,"марензяр яханду"" сюрхалъяд' ваеӈэцяр ма яхни хантадм"""
/Users/air/Downloads/Ненецкие аудио/data/Три оленевода Вэра_new_9396.59375_14695.343750000005.wav,ӈоб' не няду ӈарканду' не не сюдбя
/Users/air/Downloads/Ненецкие аудио/data/Три оленевода Вэра_new_15775.34375_21445.34375.wav,ёнэнду' не не есӈгы нюдянду' не не ниӈы нохо
/Users/air/Downloads/Ненецкие аудио/data/Три оленевода Вэра_new_22356.59375_28060.34375.wav,ӈарканду' мякана не ӈацекы мэ ӈаркаду' ма
/Users/air/Downloads/Ненецкие аудио/data/Три оленевода Вэра_new_28752.21875_33747.21875.wav,еся ӈэва' мир'ма' няхар' по' паро'ӈа хуняна хант' нива'м'
/Users/air/Downloads/Ненецкие аудио/data/Три оленевода Вэра_new_35080.34375000001_42589.71875.wav,"ӈарка вэра тэта"" хуняна еся яӈгцяда юхуна' латан' пикадавононда ӈорӈа"
/Users/air/Downloads/Ненецкие аудио/data/Три оленевода Вэра_new_43332.21875_50177.576888436466.wav,мюду пуйда не сюдбя еся яӈгцяда ня'амба то
/Users/air/Downloads/Ненецкие аудио/data/Три оленевода Вэра_new_50685.35841531372_55937.84375000001.wav,няхар' вэра' папам' ӈэванда ладада еся яӈгцяӈгана
/Users/air/Downloads/Ненецкие аудио/data/Три оленевода Вэра_new_57709.71875_64729.71875.wav,няхар' вэра' папа ханямна хэвамда ехэравы не сюдбянд ладвы няхар' вэра' папар' ха'
/Users/air/Downloads/Ненецкие аудио/data/Три оленевода Вэра_new_65742.21875_68948.46875.wav,ӈамгэ' пирка'на няхар' вэра' папа ӈэвамда ила
/Users/air/Downloads/Ненецкие аудио/data/Три оленевода Вэра_new_70095.96875_78398.46875.wav,сырам' симы тайнда вэя недал'ма' мюмня няхар' вэра' папа ядалй
/Users/air/Downloads/Ненецкие аудио/data/Три оленевода Вэра_new_79005.96875000001_86245.34375.wav,няхар ӈарка мяд'хо мяд' хо вэра' ӈормэ ни' ман нор'мэ
/Users/air/Downloads/Ненецкие аудио/data/Три оленевода Вэра_new_92275.01085930108_95324.09375.wav,пелей' няне пэвдю' ниня ӈамды
/Users/air/Downloads/Ненецкие аудио/data/Три оленевода Вэра_new_96674.09375_101871.59375.wav,няхар' вэранд папа пин' хая ӈамгэда вуни тане'
/Users/air/Downloads/Ненецкие аудио/data/Три оленевода Вэра_new_102597.21875_106309.71875.wav,не есӈгы пин' хан'мы таняна хая
/Users/air/Downloads/Ненецкие аудио/data/Три оленевода Вэра_new_107187.21875_114645.96875.wav,ӈоб' ӈамза' ютикэцям' ми'ӈа ма тикыд тале ӈаван' сюдбя не си'ми хадаӈгу
/Users/air/Downloads/Ненецкие аудио/data/Три оленевода Вэра_new_116586.59375_122425.34375.wav,ӈани' ямдэяд' не сюдбя няхар' вэра' папам' ӈани' ладорӈада
/Users/air/Downloads/Ненецкие аудио/data/Три оленевода Вэра_new_124251.38665903689_128550.96875000001.wav,ӈэвамда ила таянда вэя сырам' си'мы
/Users/air/Downloads/Ненецкие аудио/data/Три оленевода Вэра_new_129394.71875000001_135705.96875.wav,недорманду' мюмня хая няхар' мя' ӈани' ӈарка вэра' мят' тю
/Users/air/Downloads/Ненецкие аудио/data/Три оленевода Вэра_new_136904.09375000003_143468.46875.wav,ӈормэхэ ни' ман' ӈор'мо ӈавради' сюрӈаха хонаяха'
/Users/air/Downloads/Ненецкие аудио/data/Три оленевода Вэра_new_144210.96875_149311.3439140173.wav,няхар' вэра' папа пин' хая ниӈы нохо пин' тарпвы
/Users/air/Downloads/Ненецкие аудио/data/Три оленевода Вэра_new_149311.3439140173_155936.39322044654.wav,ситя хо'ӈа ӈоб' ӈамза' ютикэця ӈоб' сензя' ютикэця ма
/Users/air/Downloads/Ненецкие аудио/data/Три оленевода Вэра_new_156332.3665804772_159550.34375.wav, пуна ӈани' тоин нин хоны
/Users/air/Downloads/Ненецкие аудио/data/Три оленевода Вэра_new_160731.59375_165119.09375000003.wav,мяканда хая хонэй' хуняна юркыд' ямдэяд'
/Users/air/Downloads/Ненецкие аудио/data/Три оленевода Вэра_new_165794.09375_173295.94567601033.wav,нябада ӈани' то еся яӈгцяӈгана ӈани' ладада ӈани' юркы нита пумна хая
/Users/air/Downloads/Ненецкие аудио/data/Три оленевода Вэра_new_173715.21158663102_177454.71875.wav,нюдя вэра' мят' тю ӈорӈа хонаяд
/Users/air/Downloads/Ненецкие аудио/data/Три оленевода Вэра_new_178433.46875_184042.58237117057.wav,хуняна ӈани' тыду' пуйда не сюдбя таль'няна то ма
/Users/air/Downloads/Ненецкие аудио/data/Три оленевода Вэра_new_184578.31103474143_188777.84375.wav, техэ вэнеко ханяна хая си'ми нядая тыни пуйдаба
/Users/air/Downloads/Ненецкие аудио/data/Три оленевода Вэра_new_190229.09375_194717.84375.wav,няхар' вэра' папа еся яӈгцям' ня' мада не сюдбям' ладада
/Users/air/Downloads/Ненецкие аудио/data/Три оленевода Вэра_new_195887.86710990817_201299.09375000006.wav,не сюдбя' ӈэвада лекэй' хан' мю' хасвада тибтеда вадалӈада
/Users/air/Downloads/Ненецкие аудио/data/Три оленевода Вэра_new_202362.21875_207930.96875.wav,ӈэдалэяд' неранду' няд си'в ӈэдалёда сюдбя' си'в ню ӈэвы
/Users/air/Downloads/Ненецкие аудио/data/Три оленевода Вэра_new_212335.34375_216621.59375.wav,ма ӈарка вэра тэта не нями неми нив' хада
/Users/air/Downloads/Ненецкие аудио/data/Три оленевода Вэра_new_217904.09375_221527.21450525546.wav,сюдбя' ню ма саля' хардахна таслаӈгува
/Users/air/Downloads/Ненецкие аудио/data/Три оленевода Вэра_new_221969.77296646617_227235.96875.wav,саля' хардан' ха'мыд си'в яля' таслаӈгу сюдбя нюдя ню
/Users/air/Downloads/Ненецкие аудио/data/Три оленевода Вэра_new_228062.84375_237934.9155352563.wav,мэтида вадида нумгад яхад ха'мор та' то'лха' лахнаб'нанда сюдбя нюдя ню' сэвкуда хаи'
/Users/air/Downloads/Ненецкие аудио/data/Три оленевода Вэра_new_239588.46875_243824.09375.wav,ма луца сертана сертанана сер' сер' ни ӈа'
/Users/air/Downloads/Ненецкие аудио/data/Три оленевода Вэра_new_244853.46875_251199.09677706345.wav,хаби' ерван' тэвыд' хаби' ервхана си'в яля' хусуркурӈа' ма
/Users/air/Downloads/Ненецкие аудио/data/Три оленевода Вэра_new_251525.192485324_255045.96875.wav,сертанана сер' ни ӈа' не парэӈгодан' ханара'
/Users/air/Downloads/Ненецкие аудио/data/Три оленевода Вэра_new_256851.59375_261223.66440393278.wav,не парэӈгодан' тэвыд си'в яля' хусуркурӈа ма
/Users/air/Downloads/Ненецкие аудио/data/Три оленевода Вэра_new_261829.2707192737_265007.0225383776.wav, сертанана сер' ни ӈа' парэӈгодан' хаяда'
/Users/air/Downloads/Ненецкие аудио/data/Три оленевода Вэра_new_265566.04375253845_270014.09375.wav,парэӈгодан' хая си'в яля' хусуркурӈа' ма
/Users/air/Downloads/Ненецкие аудио/data/Три оленевода Вэра_new_275320.09116972407_282737.84375.wav,хая' ӈоб' сава нямду' ӈытлава пян' тиди ӈыда ӈыдаӈаду мазьты
/Users/air/Downloads/Ненецкие аудио/data/Три оленевода Вэра_new_286116.4561146935_290685.96875.wav, мань няхар' вэра' пападм' нидм' ӈа' мазьты' сиен
/Users/air/Downloads/Ненецкие аудио/data/Три оленевода Вэра_new_291512.84375_296322.21875000006.wav,парэӈгода' мят' хая' ма хадара' ма' хадава'
/Users/air/Downloads/Ненецкие аудио/data/Три оленевода Вэра_new_297621.59375000006_303746.3092556964.wav,парэӈгода ма нера' тякуй ӈа сярда парны' мэӈэ ханара'
/Users/air/Downloads/Ненецкие аудио/data/Три оленевода Вэра_new_304282.03791926726_307544.09375.wav,сярдалава мят' то ӈоб' сава нямду' мэ'
/Users/air/Downloads/Ненецкие аудио/data/Три оленевода Вэра_new_317083.5112979025_321212.84375000006.wav,парэӈгода' мят' хая ма хадара' ма' хадава
/Users/air/Downloads/Ненецкие аудио/data/Три оленевода Вэра_new_322073.46875_328553.46875000006.wav,"парэӈгода ма нера' тамна тякуй мэню' си'в тун' парадара"" хаби'лесь"
/Users/air/Downloads/Ненецкие аудио/data/Три оленевода Вэра_new_329852.84375000006_335894.09375.wav,хая' нямду' парадавась тум' пята' парэӈгода' нюм' тун' мо
/Users/air/Downloads/Ненецкие аудио/data/Три оленевода Вэра_new_336619.71875_339657.21875.wav,парэӈгода ма нера' тихэня мэ
/Users/air/Downloads/Ненецкие аудио/data/Три оленевода Вэра_new_340602.21875_348600.96875000006.wav,ӈылэда латда мальван' харва ма еся хор' мюня ит' ӈэдарара'
/Users/air/Downloads/Ненецкие аудио/data/Три оленевода Вэра_new_350254.71875_358827.21875000006.wav,ядни' поӈгана няхар' вэра' папа яда нэванда ни' ӈоб' ланана луца хабця' ватор ни ӈа
/Users/air/Downloads/Ненецкие аудио/data/Три оленевода Вэра_new_363197.84375_368310.96875.wav,няхар' вэра' папа падроку мо парэӈгода си'в яля' толабида тикы падроку
/Users/air/Downloads/Ненецкие аудио/data/Три оленевода Вэра_new_369779.09375_377305.34375.wav,ма няхар' вэра' папа си'в выкдани хаян не парэӈгодаӈэ сит сертаӈгудм
/Users/air/Downloads/Ненецкие аудио/data/Три оленевода Вэра_new_379195.34375_383610.1890280529.wav,няхар' вэра' папа' нерняна ной' сибӈга
/Users/air/Downloads/Ненецкие аудио/data/Три оленевода Вэра_new_383610.1890280529_389792.84375.wav,яханда тэвы' си'в сюдбямда ӈэдта ӈарка вэра тэтам' ӈэдта
/Users/air/Downloads/Ненецкие аудио/data/Старая журавлиха_new_10780.34375_16450.34375.wav,"хув"" сармик"" мал"" хая"" харё пухуця' си'в нюда"" харё пухуцяна"
/Users/air/Downloads/Ненецкие аудио/data/Старая журавлиха_new_17429.09375_23014.71875.wav,си'имдей нюда терци харё пухуця' нюда ма'
/Users/air/Downloads/Ненецкие аудио/data/Старая журавлиха_new_23976.593750000004_28940.405529762163.wav,"сармик' мал' хая' маньрина"" хаива"" тецьдахна хаёдава"""
/Users/air/Downloads/Ненецкие аудио/data/Старая журавлиха_new_29456.97533444466_36531.59375.wav,"харё пухуця ма нюкцяеми на'ӈив"" нюда ма' мята мюня хаеб"" сава"
/Users/air/Downloads/Ненецкие аудио/data/Старая журавлиха_new_37814.09375000001_47010.96875.wav,"нида хая' харё пухуця мат"" нюхняда хая харё пухуця' ню мядикоцянда мюня хаи' пин' ни тарпор"""
/Users/air/Downloads/Ненецкие аудио/data/Старая журавлиха_new_48597.21875_55110.96875000001.wav,"ӈамгэ"" пиркана писякоця'я ӈоб"" лабтай нюби"" сада си сада си'в сада"
/Users/air/Downloads/Ненецкие аудио/data/Старая журавлиха_new_56325.96875_61050.96875.wav,"писякор харё пухуця"" нюм"" хадепа пяда"
/Users/air/Downloads/Ненецкие аудио/data/Старая журавлиха_new_62249.09375_67058.46875.wav,"харё пухуця' нюкця нянэй пя'нарӈа"" писякор ма сит хаевы"""
/Users/air/Downloads/Ненецкие аудио/data/Старая журавлиха_new_67699.71875_72981.59375.wav,"писякор пэӈада"" писякор ёндварим"" пя пияком"" хо' ма"
/Users/air/Downloads/Ненецкие аудио/data/Старая журавлиха_new_73673.46875_79782.21875.wav,"си'ми няда"" ӈоб"" сами мэ"" пиякор сам"" мэда харёкомди"" нюдерӈаха"""
/Users/air/Downloads/Ненецкие аудио/data/Старая журавлиха_new_80507.84375_88557.21875.wav,"нерди"" няна тэвасикор"" писякор ма тэри ядарӈан"" сидни"" нядавабт сава ӈа'нив"""
/Users/air/Downloads/Ненецкие аудио/data/Старая журавлиха_new_89856.59375_97011.59375.wav,"тэвасир сам"" мэ"" нерду"" няна нохоком"" хо' ма"" сидна"" няда'ма"
/Users/air/Downloads/Ненецкие аудио/data/Старая журавлиха_new_111922.1807127801_116924.09375.wav,"тёняко сидна"" няда"" тёнякор нида нядаба"
/Users/air/Downloads/Ненецкие аудио/data/Старая журавлиха_new_117750.96875_125486.0088728568.wav,"самляӈгӈэ нерду' няна иӈгнецям' хо ма сидна"" няда' сидя сава ервсихи"""
/Users/air/Downloads/Ненецкие аудио/data/Старая журавлиха_new_125881.26291687992_130508.46875000001.wav,иӈгней сам' ме харё' нюм' таня нюрерӈадо'
/Users/air/Downloads/Ненецкие аудио/data/Старая журавлиха_new_134332.42698349632_138675.96875.wav,"харё' нюм' ӈавласьтыдо"" ты хаӈокохондо"" тэвыд' ма"
/Users/air/Downloads/Ненецкие аудио/data/Старая журавлиха_new_140397.21875_147855.96875000003.wav,"сидна"" няда' ты хаӈокор си'имдей сам"" мэ"" ты хаӈоком"" хо'мадандо' ӈавар ӈока"
/Users/air/Downloads/Ненецкие аудио/data/Старая журавлиха_new_148649.09375000003_155264.09375.wav,"ты хаӈо хая"" хэнякы мэм"" хонакы нохокор ма мэдва' ханяд хоӈгува'"
/Users/air/Downloads/Ненецкие аудио/data/Старая журавлиха_new_155888.46875000003_159432.21875.wav,"тёняко ма тэвасиком"" ӈамгава'"
/Users/air/Downloads/Ненецкие аудио/data/Старая журавлиха_new_160377.21875_165642.21875.wav,тэвасикомдо' хададо' тарем' иле' ӈавар' ни хомбю
/Users/air/Downloads/Ненецкие аудио/data/Старая журавлиха_new_166604.09375_171531.59375.wav,"ты хаӈо ма вам' ӈавар' хомбю"""
/Users/air/Downloads/Ненецкие аудио/data/Старая журавлиха_new_172324.71875000003_180424.71875.wav,"писякомдо пиякомдо"" хада' нумда нарэйма ты хаӈокор ма мэдва"" ханяд хоӈгува' иӈгнекова"" хадаб"" тара"
/Users/air/Downloads/Ненецкие аудио/data/Старая журавлиха_new_182331.59375_188879.09375.wav,тёняко ты хаӈоко хаихи' тёнякор ӈавламбида
/Users/air/Downloads/Ненецкие аудио/data/Старая журавлиха_new_189604.71875_194414.09375.wav,"ӈамгэ"" пиркана ты хаӈокор хаи тёнякомда хада' нидяв"""
/Users/air/Downloads/Ненецкие аудио/data/Старая журавлиха_new_195055.34375_202142.84375000006.wav,харёкоцямда вэдьба пяда ёсяӈэ самивы'
/Users/air/Downloads/Ненецкие аудио/data/Старая журавлиха_new_203273.46875_207441.59375.wav,"тарцяда харём' пидяханда тэврада"""
/Users/air/Downloads/Ненецкие аудио/data/Старая журавлиха_new_208285.34375_213432.21875.wav,"харё пухуцяр мат' нюндя ня"" товонодо' ма нюкцяв хавэкыы"
/Users/air/Downloads/Ненецкие аудио/data/Старая журавлиха_new_215052.21875_222831.59375.wav,манэ' ӈадо ебцотакода есяӈэ салмга есяӈэ хэвы ма' хибя сит вада
/Users/air/Downloads/Ненецкие аудио/data/Старая журавлиха_new_232478.2536338634_236905.34375.wav,небяда ма сит ӈавлабва' е'мня хэхкоӈэ хань'
/Users/air/Downloads/Ненецкие аудио/data/Старая журавлиха_new_238069.71875_243840.96875.wav,нянд ханеӈгу' харё' нюкцям' хэхӈэ ханаду'
/Users/air/Downloads/Ненецкие аудио/data/Ненэй не парны я_new_9227.843750000002_17614.71875.wav,ненэй ненд сиде нюкцяда парны' яда ӈоб' нюда вэн вэсута
/Users/air/Downloads/Ненецкие аудио/data/Ненэй не парны я_new_18964.71875_26468.1168939804.wav,ӈамгэ' ёльцьӈгана парны'яда ма ненэй нен' ӈувонзь хэхэней
/Users/air/Downloads/Ненецкие аудио/data/Ненэй не парны я_new_26977.942717743936_30962.84375.wav,ненэй не ма нюхня мэвы ӈум' ни юӈгу
/Users/air/Downloads/Ненецкие аудио/data/Ненэй не парны я_new_35552.84375_41322.149121913404.wav,парны'я нянда сяд' ти хаде'ӈада няр' хаде'ӈада
/Users/air/Downloads/Ненецкие аудио/data/Ненэй не парны я_new_41780.992363300575_46470.96875.wav,ӈамгэ ёльцыгана ненэй нер сята ебць' хо хая
/Users/air/Downloads/Ненецкие аудио/data/Ненэй не парны я_new_47196.59375000001_53878.25013100969.wav,ӈувалавати' тэвъяха ненэй нер ӈуво ныд'ӈа марэй ӈуво ныд'ӈа
/Users/air/Downloads/Ненецкие аудио/data/Ненэй не парны я_new_54473.046925400486_58300.34375.wav,парны'яр сян лаць ӈувм' ныд'ӈа няхда ма
/Users/air/Downloads/Ненецкие аудио/data/Ненэй не парны я_new_60173.46875000001_65543.93440395525.wav, иидикукум' ходэм ханя' ханзокуку ит' нин харва'
/Users/air/Downloads/Ненецкие аудио/data/Ненэй не парны я_new_69167.84375_76300.71568448008.wav,"няда ӈо' ид' ӈорць пя парны'яр немда ӈэхтата ня""мада ит' пакледа"
/Users/air/Downloads/Ненецкие аудио/data/Ненэй не парны я_new_76911.62019984314_81942.21875000001.wav,ненэй нер ма пиняку' хань' си'м паклен
/Users/air/Downloads/Ненецкие аудио/data/Ненэй не парны я_new_82583.46875000001_90143.46875.wav,парны'я парны'ят мунда юӈгу няда мунзялма няда ханакы нямда нэкалӈада
/Users/air/Downloads/Ненецкие аудио/data/Ненэй не парны я_new_92033.46875_97845.30992701321.wav,харта ныд'мыда нуво' понд' сы'ӈадада марцянда ни' ерцялабтада
/Users/air/Downloads/Ненецкие аудио/data/Ненэй не парны я_new_98322.57907964058_103761.59375.wav,мят' то нацекэко' нёти' синя нувэхэ нюдякоця ма
/Users/air/Downloads/Ненецкие аудио/data/Ненэй не парны я_new_105128.46875_108622.09098149442.wav, парны'я небями ханяна мэ небями то
/Users/air/Downloads/Ненецкие аудио/data/Ненэй не парны я_new_109061.17860191163_112957.11507306284.wav,парны ма ханяд небяр тута яноць хаись
/Users/air/Downloads/Ненецкие аудио/data/Ненэй не парны я_new_113491.65652400552_118965.96875.wav,наркаюм' ма невкомд сянд' нёр вадецету парны'яр хадавэда
/Users/air/Downloads/Ненецкие аудио/data/Ненэй не парны я_new_119759.09375_125462.84375.wav,ӈэкоцида ӈуво' помна ӈадиберна'ню' парны'яр мяканда тю
/Users/air/Downloads/Ненецкие аудио/data/Ненэй не парны я_new_126542.84375_133984.71875.wav,ненэй немдя тюледа тумда ӈаре тунда лэё макоданда сивна ӈадиберна
/Users/air/Downloads/Ненецкие аудио/data/Ненэй не парны я_new_142362.75359391337_146303.46875.wav,парны'я маманода ӈэсьты сит ӈар суик' ӈаман ӈэсьтынув
/Users/air/Downloads/Ненецкие аудио/data/Ненэй не парны я_new_147147.21875_152214.03203276434.wav,хувы ялена ӈани' маманода ӈэсьты амув тудукакув
/Users/air/Downloads/Ненецкие аудио/data/Ненэй не парны я_new_152710.39195149686_158841.59375000003.wav,нюндя маманода ӈэсьты парны'я сит ӈар няхъют сэв' туду ӈамзанув
/Users/air/Downloads/Ненецкие аудио/data/Ненэй не парны я_new_161170.34375_167447.84375.wav,ӈацекэкуюд сидя лэ'морм' ня'мӈаха тет пиби ту' сибяна сабыди
/Users/air/Downloads/Ненецкие аудио/data/Ненэй не парны я_new_168291.59375_178578.46720021116.wav,сидя лэ'моркомди' лэ'моркомди' есяр' панан' сярӈахаюди' мяти' пини хэвувна пиня' хаяха'
/Users/air/Downloads/Ненецкие аудио/data/Ненэй не парны я_new_178941.19175620796_184688.93253955356.wav,парны'яр товононда ху' нэлхалевонда
/Users/air/Downloads/Ненецкие аудио/data/Ненэй не парны я_new_185223.47399049625_189824.09375.wav,ӈацекэхэ' ня' ланавононда тедав' сидди' тавоӈгудм'
/Users/air/Downloads/Ненецкие аудио/data/Ненэй не парны я_new_191309.09375_199797.21875.wav,"мят' тю ту"" сибяна сабвы пиби тыбкана сап'ида мяд' мюй ту' сибяӈэ хая"
/Users/air/Downloads/Ненецкие аудио/data/Ненэй не парны я_new_200555.22248722165_204927.21875.wav,есяр' пан' мэ сидя лэ'мороку макодаку'
/Users/air/Downloads/Ненецкие аудио/data/Ненэй не парны я_new_225921.3442506658_233530.34375.wav,ӈацекэкэхэ' парны мят' тоӈаха ӈаркаюм' ма вэн вэсотаку небяр ханяна мэ
/Users/air/Downloads/Ненецкие аудио/data/Ненэй не парны я_new_234542.84375_237916.5600359814.wav,вэн вэсота ма небями сидди' хосая
/Users/air/Downloads/Ненецкие аудио/data/Ненэй не парны я_new_238470.1922530292_244161.59375.wav,не ӈацекы ма тыбкар таркар сене' тюконя юснакоми ёӈадамзь
/Users/air/Downloads/Ненецкие аудио/data/Ненэй не парны я_new_245342.84375_249274.71875.wav,вэн' вэсотаку тыбкам' писедеда не ӈацекэр тыбкам' марӈада
/Users/air/Downloads/Ненецкие аудио/data/Ненэй не парны я_new_250607.84375000003_256311.59375000003.wav,вэн вэсотакум' тыбкана сабкада вэн вэсотаку' ӈэда паӈг' ни'масьтеда
/Users/air/Downloads/Ненецкие аудио/data/Ненэй не парны я_new_269693.46875_275430.96875000006.wav,парны'яр мяканда тэвы' ма вэн вэсотаку
/Users/air/Downloads/Ненецкие аудио/data/Ненэй не парны я_new_278245.9341974598_281881.17056676734.wav,вэн вэсотакум' нэкалнада пуй вэта хаи
/Users/air/Downloads/Ненецкие аудио/data/Ненэй не парны я_new_282186.62282444886_287243.46875000006.wav,парны'я ма ненэй не' ню'еха' нюкцями хадавэ
/Users/air/Downloads/Ненецкие аудио/data/Ненэй не парны я_new_288390.96875_293369.09375.wav,ся' ӈэбта хасва ӈацекы ма нябаков парны'яр не тоӈов
/Users/air/Downloads/Ненецкие аудио/data/Ненэй не парны я_new_295107.21875_302093.46875.wav,парны'яр нэлана миӈа манзеты янда сида юӈгу сидди' ӈамдадм
/Users/air/Downloads/Ненецкие аудио/data/Ненэй не парны я_new_302819.09375000006_310210.34375.wav,не ӈацекэкор пуня небянда нив моеӈа небянда нибя' еся нароӈэ хая
/Users/air/Downloads/Ненецкие аудио/data/Ненэй не парны я_new_311003.46875_318495.96875000006.wav,няби малда нумгат пере еся наро' тяна парны'я си'в яля' ямб' хадита вырнари
/Users/air/Downloads/Ненецкие аудио/data/Ненэй не парны я_new_322782.21875_327017.865510682.wav,ӈацекэкор ма нябаков парны'яр ӈани' тоӈов
/Users/air/Downloads/Ненецкие аудио/data/Ненэй не парны я_new_327552.4069616247_331354.71875.wav,небянди' ӈумбъям' моӈа' еся хойӈэ хая
/Users/air/Downloads/Ненецкие аудио/data/Ненэй не парны я_new_332569.71875000006_339219.8833994174.wav,си'вхава яля' парны'ят еся хой' тяна хадита вырнари ӈани' то
/Users/air/Downloads/Ненецкие аудио/data/Ненэй не парны я_new_339468.0633587836_343335.96875.wav,ӈацекы ма нябаков тикэр ӈани' тоӈов
/Users/air/Downloads/Ненецкие аудио/data/Ненэй не парны я_new_345192.21875_351435.96875.wav,небянди' ядалабцям' моӈа ерида еся сидя вэта пя хойӈэ хая
/Users/air/Downloads/Ненецкие аудио/data/Ненэй не парны я_new_352752.21875_357375.96875.wav,еся надо' тяна парныт си'в яля' хадита вырнари
/Users/air/Downloads/Ненецкие аудио/data/Ненэй не парны я_new_358050.96875000006_363967.37499062443.wav,"ӈани"" то вэярида сярна' ӈацекы ма нябаков ӈани' тоӈов"
/Users/air/Downloads/Ненецкие аудио/data/Ненэй не парны я_new_363967.37499062443_370589.09375.wav,небянди' хар' моӈа' хар' няби вэта еся хой няби вэта пя хой
/Users/air/Downloads/Ненецкие аудио/data/Ненэй не парны я_new_371517.21875_376427.84375.wav,еся хойха' пя хойха' парныт си'в яля' хадита вырнари'
/Users/air/Downloads/Ненецкие аудио/data/Ненэй не парны я_new_377204.09375_385523.46875.wav,парны'яр ӈани' то небянди' сересь' моӈа юдурото хойӈэ хая небять сересь
/Users/air/Downloads/Ненецкие аудио/data/Ненэй не парны я_new_386974.71875_396998.46875.wav,пили' пуданана небенди' ту пэм' монаха няби малда нумгад перена туӈэ хая
/Users/air/Downloads/Ненецкие аудио/data/Ненэй не парны я_new_397859.09375_405992.84375.wav,ӈамгэ пир ядӈаха' тарем' мэнати' яхком' хоӈаха' неро яхакоця
/Users/air/Downloads/Ненецкие аудио/data/Ненэй не парны я_new_406802.84375_412945.34375.wav,"яхкоти' тяний хэвхана ӈоб"" мядикоця мядико' хэвхана ӈоб"" пухуцяку"
/Users/air/Downloads/Ненецкие аудио/data/Ненэй не парны я_new_414092.84375_417791.61072191293.wav,маӈаха' хадакэй сидни ваеров'
/Users/air/Downloads/Ненецкие аудио/data/Ненэй не парны я_new_417791.61072191293_420994.71875.wav,пухцяку ма сядукоми хурков
/Users/air/Downloads/Ненецкие аудио/data/Ненэй не парны я_new_421617.1336474934_429600.2702031592.wav,не ӈацекы ма сядукавар тю'у сюрням' ян' ха'мола
/Users/air/Downloads/Ненецкие аудио/data/Ненэй не парны я_new_430077.5393557865_435405.96875000006.wav,хасва ӈацекы ма ӈэкуцябид луцеку' пярха'
/Users/air/Downloads/Ненецкие аудио/data/Ненэй не парны я_new_437926.0634916263_444537.8612114609.wav,маӈа' мирюковар хора' люсирха я ӈэ' сани'лха
/Users/air/Downloads/Ненецкие аудио/data/Ненэй не парны я_new_444919.6765335628_450424.71875.wav,пухуця ма лидяӈг вэсокоцёв нюхъюд вэров' махакор лата ӈэя
/Users/air/Downloads/Ненецкие аудио/data/Ненэй не парны я_new_451352.84375_457579.71875.wav,нюхъюда вэраӈаюда лидяӈг вэсакоцяр пухцян' тэвраӈаюда
/Users/air/Downloads/Ненецкие аудио/data/Ненэй не парны я_new_458474.09375_464144.09375.wav,ӈацекэюха' пухуцяр ӈавлаӈаюда идында ӈыл' такалӈахаюда
/Users/air/Downloads/Ненецкие аудио/data/Ненэй не парны я_new_465966.59375_471872.84375.wav,ӈамгэ пиркана парны'я товы паныда ӈадовы' сята вэясавэй
/Users/air/Downloads/Ненецкие аудио/data/Ненэй не парны я_new_485782.61508889357_489692.84375.wav,парны'я ма ӈамгэ ся'ямд ваде'ӈар хайва вэнеко' хатэ'лха
/Users/air/Downloads/Ненецкие аудио/data/Ненэй не парны я_new_493672.5170806792_498967.2299154183.wav,парны'я ма хуюня' ӈэда поцька' хо'лха ӈэяд ваде'ӈа
/Users/air/Downloads/Ненецкие аудио/data/Ненэй не парны я_new_503007.2187500001_508861.84032439534.wav,парны'я ма хуюня' ӈэда маха'емд ваде'ӈан пя ӈуву сыдялха
/Users/air/Downloads/Ненецкие аудио/data/Ненэй не парны я_new_509320.0187109177_515460.9687500001.wav,пухуця ма ненза вэсакоця нюр ваеров' махакор тыя ӈэя
/Users/air/Downloads/Ненецкие аудио/data/Ненэй не парны я_new_516608.46874999994_521417.84375.wav,ненза вэсакоця хая ид' ерт' тэвы' ненза вэсакоця ярэй
/Users/air/Downloads/Ненецкие аудио/data/Ненэй не парны я_new_522059.0937500001_528346.2299894452.wav,парны'я ид' ӈылна хая ӈацекэкоха' пухуцяна сян по' илеӈа'
/Users/air/Downloads/Ненецкие аудио/data/Ненэй не парны я_new_528842.5899081776_533820.96875.wav,пухця ма хэван' харвабти' хаяди тедав' парны юӈгу
/Users/air/Downloads/Ненецкие аудио/data/Ненэй не парны я_new_536200.34375_543905.6474937195.wav,хант' нинув' парэӈго яха хомбӈгуди' папакохдат нён ехра
/Users/air/Downloads/Ненецкие аудио/data/Ненэй не парны я_new_544382.9166463468_547590.96875.wav,пухуця хасава ӈацекы' ӈэва' ни' лидяӈг' пус' мэ
/Users/air/Downloads/Ненецкие аудио/data/Ненэй не парны я_new_552417.2187500001_557564.09375.wav,нею' марць' ни' лидяӈг' ютер' мэ лидяӈг панэӈэ хая
/Users/air/Downloads/Ненецкие аудио/data/Ненэй не парны я_new_559437.21875_568499.0937499999.wav,хаяха' нярава ӈанокоцямди мэць нярава ӈанокоти няби вэта ӈавар' пан'ӈа
/Users/air/Downloads/Ненецкие аудио/data/Ненэй не парны я_new_569494.71875_576025.34375.wav,ӈамгэ' ёльцыӈгана парэӈго яхан' тэвъяха' хэвня' сырӈа
/Users/air/Downloads/Ненецкие аудио/data/Ненэй не парны я_new_577088.46875_582640.34375.wav,папаконда ярим' намда папаконда няби сэвувнанда парэ' мацедевононда
/Users/air/Downloads/Ненецкие аудио/data/Ненэй не парны я_new_585226.7644355719_593288.46875.wav,вэяда таб'ман' ни' харва' ной нинанда сэдада ӈэванда та'нёӈгана
/Users/air/Downloads/Ненецкие аудио/data/Ненэй не парны я_new_593895.9687500001_600472.382920513.wav,ма илевя мадыр' харв танякуна тане тикан' сит мэхдам'
/Users/air/Downloads/Ненецкие аудио/data/Ненэй не парны я_new_600911.4705409303_605472.2187500001.wav,папакода ма пинданаэ хасава' ӈэвами есемдеӈгу
/Users/air/Downloads/Ненецкие аудио/data/Ненэй не парны я_new_609329.343360031_612775.4482063117.wav,ма варавда' не' ӈэвами есямдеӈгу'
/Users/air/Downloads/Ненецкие аудио/data/Ненэй не парны я_new_613119.0819962035_621840.96875.wav,не ӈацекы ма неркаха' сит мэхдам' папакода ма нирциӈгда' не' ӈэвами есемдеӈгу'
/Users/air/Downloads/Ненецкие аудио/data/Ненэй не парны я_new_622735.3437500001_630194.0937500001.wav,не ӈацекы ма я мядота' ваӈгкоця тане тикэн' сит мэхэдм' ма тикаван' си'ми мы'
/Users/air/Downloads/Ненецкие аудио/data/Ненэй не парны я_new_631830.96875_636859.71875.wav,папаконда тикэн' мэда нярава ӈанокоцямда тикэня хаеда
/Users/air/Downloads/Ненецкие аудио/data/Ненэй не парны я_new_638327.84375_644993.4687500001.wav,папаконда яр си'вхава яля' сэя я'ма сидири ӈэнда ниня яда хая
/Users/air/Downloads/Ненецкие аудио/data/Ненэй не парны я_new_646309.71875_652013.4687500001.wav,папаконда яр пилибт' сэя ӈамгэ яляхана ӈоб' посава пям' хо
/Users/air/Downloads/Ненецкие аудио/data/Ненэй не парны я_new_653177.84375_661800.96875.wav,еӈгалман харвадась пя'е хава ӈани' парны ӈадимя пянда мюд
/Users/air/Downloads/Ненецкие аудио/data/Ненэй не парны я_new_662610.96875_668977.8609152411.wav,парны'я ма нюни мяд' ха'маць хавдабир ханя' миӈан
/Users/air/Downloads/Ненецкие аудио/data/Ненэй не парны я_new_669436.0393017634_672989.0937499999.wav,не ӈацекы ма ӈэвани сер' миӈадм'
/Users/air/Downloads/Ненецкие аудио/data/Ненэй не парны я_new_678895.3437499999_684919.7187500001.wav,ядӈаха' ненэй ненда ня' парны'яр ӈамгэ' ельцьӈгана парны ма
/Users/air/Downloads/Ненецкие аудио/data/Ненэй не парны я_new_687366.59375_692699.09375.wav, панэцябт серхарцюв мань панын сер' тарем' ядӈа'
/Users/air/Downloads/Ненецкие аудио/data/Ненэй не парны я_new_693627.2187500001_697305.9687500001.wav,парны ма панэ'яр мэсана нивы ӈа
/Users/air/Downloads/Ненецкие аудио/data/Ненэй не парны я_new_698369.09375_702908.4687500001.wav,панэмда сера тарем' ядӈа поёрта хасава таневы
/Users/air/Downloads/Ненецкие аудио/data/Ненэй не парны я_new_704309.0937500001_710147.84375.wav,"тет сэр' хабт' мэ'ӈа няби няби' ялринду"" париденя тэкоци мэ'ӈа"
/Users/air/Downloads/Ненецкие аудио/data/Ненэй не парны я_new_711177.2187500001_717741.59375.wav,ты' вэнолъид' парны'яхад хасваха' хой' няд тоӈа'
/Users/air/Downloads/Ненецкие аудио/data/Ненэй не парны я_new_719327.84375_725841.5937500001.wav,"тет мэта сэр' мэта хасван' парнэр тий' парны'яр хасва' хан"" ниня тыриӈга хая"
/Users/air/Downloads/Ненецкие аудио/data/Ненэй не парны я_new_726989.0937499999_730380.96875.wav,няби хасава нен' ма пыдар ӈо' тида'ма
/Users/air/Downloads/Ненецкие аудио/data/Ненэй не парны я_new_731663.46875_737130.96875.wav,ты хадыро'ман нултади небямда хонра хасва ӈоб' нем' тадм пинякуна хаись
/Users/air/Downloads/Ненецкие аудио/data/Ненэй не парны я_new_739539.1921304687_744690.9687500001.wav,небяда нисяда маӈа тояво ханя' пиня хаесар
/Users/air/Downloads/Ненецкие аудио/data/Ненэй не парны я_new_745315.34375_753364.7187500001.wav,мят' тю тикэня иле парны'яр маманода ӈэсьты лэмбров ӈэвов
/Users/air/Downloads/Ненецкие аудио/data/Ненэй не парны я_new_753989.0937499999_758174.0937500001.wav,ӈамгэ' ёльцыгана ненэй нер ма хальмеракоми вэдонзь хантадм
/Users/air/Downloads/Ненецкие аудио/data/Ненэй не парны я_new_759608.4687500001_764789.0937500001.wav,нер хая пуерць мэта хабтамда мэць хая
/Users/air/Downloads/Ненецкие аудио/data/Ненэй не парны я_new_767995.3437500001_775234.71875.wav,няда я мята мядикоця ӈадимя сидя едейкурта я мядта' нюкцяха'
/Users/air/Downloads/Ненецкие аудио/data/Ненэй не парны я_new_776145.9687500001_780229.7187500001.wav,сита манэць мят' хая' маӈа' ненэць' то
/Users/air/Downloads/Ненецкие аудио/data/Ненэй не парны я_new_781242.2187500001_785545.34375.wav,небяди' ӈади мя я мядта ӈэвы мят' тю
/Users/air/Downloads/Ненецкие аудио/data/Ненэй не парны я_new_789629.3633620316_796868.4687500001.wav,вахалй' илева илен мэсьдар мятар ховэкэн
/Users/air/Downloads/Ненецкие аудио/data/Ненэй не парны я_new_800040.96875_804917.84375.wav,ӈортакы хонэяд ты' мун' совонду' пин' хая
/Users/air/Downloads/Ненецкие аудио/data/Ненэй не парны я_new_805660.34375_810300.96875.wav,янда хэвхы ты' пандавэду' мюдм' подермы няда
/Users/air/Downloads/Ненецкие аудио/data/Ненэй не парны я_new_811819.71875_818836.6363885042.wav,няби тыда ты' ханота' няби тыда я мядота
/Users/air/Downloads/Ненецкие аудио/data/Ненэй не парны я_new_819452.4603628061_826028.46875.wav,няда ма тыд мят' тэвра'мадат нювцяхн ӈэдараид
/Users/air/Downloads/Ненецкие аудио/data/Ненэй не парны я_new_827445.96875_834415.3437500001.wav,нер мякнда хая тэвы парны'яр ма такэр ханяд ты хо
/Users/air/Downloads/Ненецкие аудио/data/Ненэй не парны я_new_835613.46875_840942.6890971432.wav,ӈылека' то' ненция талевы ӈэбтав' ты та
/Users/air/Downloads/Ненецкие аудио/data/Ненэй не парны я_new_841261.2187390235_845210.7879922969.wav,хадада ма харта тыда ним' ӈа'
/Users/air/Downloads/Ненецкие аудио/data/Ненэй не парны я_new_845529.3176341773_850530.96875.wav,парны ма ненцие' ты ханавэкы ӈорӈа' хонэйд
/Users/air/Downloads/Ненецкие аудио/data/Ненэй не парны я_new_851205.96875_854682.21875.wav,парны'яр ма хальмеракон' си'ми ӈэдараӈгун
/Users/air/Downloads/Ненецкие аудио/data/Ненэй не парны я_new_855475.3437500001_859759.244718363.wav,парны'я хасванда тет сэр хабт' мэць хая то
/Users/air/Downloads/Ненецкие аудио/data/Ненэй не парны я_new_862782.2187500001_867034.7187500001.wav,ситя' ситя' пан' талая' пися' хабт' то'
/Users/air/Downloads/Ненецкие аудио/data/Ненэй не парны я_new_867895.3437500001_872029.71875.wav,ненця' вэну табада тет хабт' хобду ныд'ӈа
/Users/air/Downloads/Ненецкие аудио/data/Ненэй не парны я_new_872940.9687500001_879387.2187500001.wav,парны'я вэсаконда ма вэну ӈамгэ нисида' сяр' пись ӈэв туду' ӈамав
/Users/air/Downloads/Ненецкие аудио/data/Ненэй не парны я_new_880163.46875_887436.5937500001.wav,вэну пяхна нюруку'йда ирида ма туком' нива'м хадаӈгу вэнеку' ӈамъядамду'
/Users/air/Downloads/Ненецкие аудио/data/Ненэй не парны я_new_888162.21875_891922.240115442.wav,хув' си'в хорам' хада' си'в тодабцям' пята'
/Users/air/Downloads/Ненецкие аудио/data/Ненэй не парны я_new_891922.240115442_897188.596861196.wav,ирида ма ӈоляко меяков мякы сиями хокаркар'
/Users/air/Downloads/Ненецкие аудио/data/Ненэй не парны я_new_901213.7228246904_907223.3154014986.wav,хадада тада тодаця' нимня тада ненця' парным тун' тырцададу
/Users/air/Downloads/Ненецкие аудио/data/Ненэй не парны я_new_910892.84375_915600.96875.wav,нув' няна парисе татуӈэ хая ниняӈг ти' нидум'
/Users/air/Downloads/Ненецкие аудио/data/Два Няднгы_new_10155.96875_16703.46875.wav,"сидя нядӈгэхъют няхар' ю"" тэди' ӈарка нядӈгы несавэй"
/Users/air/Downloads/Ненецкие аудио/data/Два Няднгы_new_17378.46875_21512.84375.wav,хасава нюкцяда таня нюдя нядӈгы' недя юӈгу
/Users/air/Downloads/Ненецкие аудио/data/Два Няднгы_new_22373.46875_26474.09375.wav,сидя нядӈгы илебцям' пэрӈаха' ӈарка нядӈгы ма
/Users/air/Downloads/Ненецкие аудио/data/Два Няднгы_new_30810.96875_36210.96875.wav,хандата ядми' пюба'н саварха хув'няна хэба'н саварха
/Users/air/Downloads/Ненецкие аудио/data/Два Няднгы_new_39231.59375_43804.71875.wav,хув яля' ямдаяха' си'в мю хаяха'
/Users/air/Downloads/Ненецкие аудио/data/Два Няднгы_new_44732.84375_49052.84375.wav,ӈарка нядӈгы' хабтхана мэць хабтэркацяда таня
/Users/air/Downloads/Ненецкие аудио/data/Два Няднгы_new_54267.21875000001_58030.34375.wav,ӈамга' ёльцыӈгана ӈарка нядӈгы ӈудундавы
/Users/air/Downloads/Ненецкие аудио/data/Два Няднгы_new_58975.34375_63194.09375.wav,"луца"" юд"" хорам' харевы то'мариду' ӈади"
/Users/air/Downloads/Ненецкие аудио/data/Два Няднгы_new_67919.09375_71412.21875000001.wav,"ӈамгэ"" вэнолтавы' ӈэбту' хэвы"""
/Users/air/Downloads/Ненецкие аудио/data/Два Няднгы_new_73251.59375_77723.46875000001.wav,"илебцие"" яд'мам' мада няби хэвхана ӈоб"" ламбита'ма"
/Users/air/Downloads/Ненецкие аудио/data/Два Няднгы_new_78752.84375000001_84169.71875.wav,"юд' хорам"" ӈоб"" ламбитана нириту' пявыда ӈарка нядӈгы ма"
/Users/air/Downloads/Ненецкие аудио/data/Два Няднгы_new_85502.84375000001_88995.96875.wav,нюдя нядӈгы тюкон' ӈэсойтарцюва'
/Users/air/Downloads/Ненецкие аудио/data/Два Няднгы_new_93282.21875_100960.34375.wav,"ламбитана хэвы луца"" ю"" хори яд'мам' нёдахарцюдм' мяд' сертари"
/Users/air/Downloads/Ненецкие аудио/data/Два Няднгы_new_103609.71875_107119.71875.wav,ӈарка нядӈгы нумда пэвсюмзь то ма
/Users/air/Downloads/Ненецкие аудио/data/Два Няднгы_new_108824.09375_114831.59375.wav,юд' хора нёдавы ламбитанами мал' хадавыда тыӈгу ӈэрхавы
/Users/air/Downloads/Ненецкие аудио/data/Два Няднгы_new_115945.34375_121935.96875.wav,"луца' ю' хорамда яхувдавэй' илвыда ӈопой пян"" пакалмыда"
/Users/air/Downloads/Ненецкие аудио/data/Два Няднгы_new_122999.09375_130137.21875000001.wav,"сидя хорам' хадаманзь хораю'н ӈамзити' пеля' хаи"" хобаиди' хаихи'"
/Users/air/Downloads/Ненецкие аудио/data/Два Няднгы_new_131672.84375_138439.71875.wav,пэвсюмя хонаяд' хув' ялэмдата ӈадимгава ӈарка нядӈгы ма
/Users/air/Downloads/Ненецкие аудио/data/Два Няднгы_new_139232.84375_142624.71875.wav,нюдя нядӈгы тю'уня' юркад'
/Users/air/Downloads/Ненецкие аудио/data/Два Няднгы_new_143687.84375_148682.84375000003.wav,тей ӈэдлёва мюмня хорают ӈамзи хоб хос'
/Users/air/Downloads/Ненецкие аудио/data/Два Няднгы_new_149610.96875_155702.84375.wav,"мани' ямдаӈгуни' тыӈгос"" таневы"" яна' хэб'на' саварха"
/Users/air/Downloads/Ненецкие аудио/data/Два Няднгы_new_157508.46875000003_165540.96875000003.wav,"ӈарка нядӈгы сава хабт"" подермы сава хабтаркаци пелейӈэ подермыда ма"
/Users/air/Downloads/Ненецкие аудио/data/Два Няднгы_new_166705.34375_172105.34375.wav,"нюдя нядӈгы тосаркар"" тыӈгос' ӈадимы"" сидна' хадаӈгу"""
/Users/air/Downloads/Ненецкие аудио/data/Два Няднгы_new_174079.71875_178484.09375.wav,нюдя нядӈгы нянда ӈэдлёвам' нёдалӈа хая
/Users/air/Downloads/Ненецкие аудио/data/Два Няднгы_new_179682.21875_185672.84375.wav,"нерда няна я ниня мя"" ӈэвы ихинянда ма"
/Users/air/Downloads/Ненецкие аудио/data/Два Няднгы_new_186381.59375_189520.34375.wav,"мя' нирха ӈа"" ядна ӈэвы"
/Users/air/Downloads/Ненецкие аудио/data/Два Няднгы_new_191781.59375_196253.46875.wav,"нюдя нядӈгы ваӈган' лыӈгарэй' ӈули"" маниеда"
/Users/air/Downloads/Ненецкие аудио/data/Два Няднгы_new_196877.84375_204522.21875.wav,"сюдбяр ӈоб' ян"" ӈамды' ӈамд'маданда яд ӈаворць пяда"
/Users/air/Downloads/Ненецкие аудио/data/Два Няднгы_new_205821.59375_209550.96875.wav,ӈаворць маленакы' ӈадьбата юркы'
/Users/air/Downloads/Ненецкие аудио/data/Два Няднгы_new_211896.59375_215187.21875.wav,сюдбяр ябта саӈорина мал'ӈада
/Users/air/Downloads/Ненецкие аудио/data/Два Няднгы_new_216149.09375_221582.84375.wav,"сырць малей"" ядалй"" ябта мяд"" лэт"
/Users/air/Downloads/Ненецкие аудио/data/Два Няднгы_new_222662.84375_226392.21875.wav,"ӈадьбата хой"" тяхма ваӈган' сэя"
/Users/air/Downloads/Ненецкие аудио/data/Два Няднгы_new_228130.34375_232804.71875.wav,нюдя нядӈгы ӈани' ӈэдалэй' нянда ӈэдалёвам' нёда
/Users/air/Downloads/Ненецкие аудио/data/Два Няднгы_new_234087.21875_238626.59375.wav,неры ӈамдёвэр тей хаевы ӈамзахана ӈормы
/Users/air/Downloads/Ненецкие аудио/data/Два Няднгы_new_244870.34375_248042.84375.wav,"нюдя нядӈгы сидя хора"" хобам"" нэкалӈа"
/Users/air/Downloads/Ненецкие аудио/data/Два Няднгы_new_252818.46875_261357.21875000003.wav,"нюдя нядӈгы мята няю"" миӈа пирцякоця"" ни' нултада ма сярни пям' пяхарцюдм'"
/Users/air/Downloads/Ненецкие аудио/data/Два Няднгы_new_263365.34375_267381.59375000006.wav,нюдя нядӈгы сярда пям' терде тюнеба пяда
/Users/air/Downloads/Ненецкие аудио/data/Два Няднгы_new_268478.46875_272714.09375.wav,ханда ниня ӈамды нюдя нядӈгы тумдаба пяда
/Users/air/Downloads/Ненецкие аудио/data/Два Няднгы_new_273574.71875000006_279126.59375000006.wav,серада тухуртада юӈгу нюдя нядӈгы сярда пям' тюнеби
/Users/air/Downloads/Ненецкие аудио/data/Два Няднгы_new_280459.71875000006_288002.84375.wav,"ханда ниня ӈамды сярда пям"" тюнебадада мэта тэхъюда пуня"" сылахъя"" ма"
/Users/air/Downloads/Ненецкие аудио/data/Два Няднгы_new_290264.09375_295056.59375000006.wav,"тэхъюн ӈамгэм"" пилю'ӈаха' нюдя нядӈгы пуня"" сылы'"
/Users/air/Downloads/Ненецкие аудио/data/Два Няднгы_new_296271.59375_301249.71875.wav,"неры ӈэдалёва"" мюмня ӈоб"" нялодана нялода сита тэвода"
/Users/air/Downloads/Ненецкие аудио/data/Два Няднгы_new_301958.46875_305282.84375000006.wav,тюкон товы хора тыӈгусе ӈэвы
/Users/air/Downloads/Ненецкие аудио/data/Два Няднгы_new_306261.59375000006_309400.34375000006.wav,тет тюнд еся'ямда нюхулемби
/Users/air/Downloads/Ненецкие аудио/data/Два Няднгы_new_311037.21875_316589.09375.wav,нюдя нядӈгы яркосавэй' ӈэдалэй' хора тыӈгосе'я тад сюрбы'
/Users/air/Downloads/Ненецкие аудио/data/Два Няднгы_new_317348.46875_323204.09375.wav,"ӈэдалёдам' пудда пяда нюдя нядӈгым' ня'ма пубтасетыда хацесетыда"" ня'м'"
/Users/air/Downloads/Ненецкие аудио/data/Два Няднгы_new_323895.96875_327034.71875.wav,нюдя нядӈгы ма ӈарка нядӈгы хадм'
/Users/air/Downloads/Ненецкие аудио/data/Два Няднгы_new_329397.21875000006_332721.59375.wav,няхъюда ямдавэ' недамда нёдалӈа
/Users/air/Downloads/Ненецкие аудио/data/Два Няднгы_new_333379.71875_336450.96875.wav,хора тыӈгусер нямда ня'ма пубтасетыда
/Users/air/Downloads/Ненецкие аудио/data/Два Няднгы_new_339859.71875_344837.84375000006.wav,"яха' тяхний хэвхана ӈарка нядӈгы пухуцянда ня' мяти"" теда' есебиди"""
/Users/air/Downloads/Ненецкие аудио/data/Два Няднгы_new_354760.34375_359772.21875000006.wav,"нюдя нядӈгы хабтада хабтаркацяда яха"" тяхня' хамья'"
/Users/air/Downloads/Ненецкие аудио/data/Два Няднгы_new_360514.71875_365627.84375.wav,"нюдя нядӈгы ӈани санэй ӈобт"" ха'мыд' я яльцедавононда"
/Users/air/Downloads/Ненецкие аудио/data/Два Няднгы_new_367069.20688057074_373424.09375.wav,нюдя нядӈгы' нябада ва'внда тер тюлебавы нябанда ӈэ' ӈыл' монэй нябада ма
/Users/air/Downloads/Ненецкие аудио/data/Два Няднгы_new_374048.46875_379701.59375.wav,нюдя нядӈгы ӈамгэр хадкэ маньди мяд' тер тюлебидм'
/Users/air/Downloads/Ненецкие аудио/data/Два Няднгы_new_381203.46875_385202.84375.wav,нюдя нядӈгы ма ӈамгэми хадкэӈгу маньди хадм тыӈгу си'м нёда
/Users/air/Downloads/Ненецкие аудио/data/Два Няднгы_new_385911.59375_390750.77597971563.wav,ӈарка нядӈгы' пухуця ма нюда нядӈгы тыӈгум' ӈарка нядӈгы ядадась
/Users/air/Downloads/Ненецкие аудио/data/Два Няднгы_new_391018.3331880523_396711.59375.wav,хась сыркар' ӈарка нядӈгы хадэвэмда пыянда паӈган' ти тойдамбида
/Users/air/Downloads/Ненецкие аудио/data/Два Няднгы_new_398736.59375000006_405889.7733194279.wav,нюдя нядӈгы пин' тарпы' ӈарка нядӈгы хора тыӈгусем' ядавэда пыянда паӈган' тойдамбида
/Users/air/Downloads/Ненецкие аудио/data/Два Няднгы_new_406233.9737146263_410948.6187229435.wav,пыда ма нюдя нядӈгым' хадаванзь мэрась сит хададам'
/Users/air/Downloads/Ненецкие аудио/data/Два Няднгы_new_411335.8441675417_417889.71875.wav,"тарор яӈговы ӈахат яхна"" хэхэрцюва"" мань мядэ""нани хаёдадм'"
/Users/air/Downloads/Ненецкие аудио/data/Два Няднгы_new_418784.09375_424892.84375000006.wav,"ха'ман' тыӈгу' тори"" илеб'нан тутадм' юӈгоб'нани хадм'"
/Users/air/Downloads/Ненецкие аудио/data/Два Няднгы_new_426617.0856073665_433068.4972396552.wav,ӈарка нядӈгы то ма нюдя нядӈгы ӈамгэ хунбасан хадаӈгурась
/Users/air/Downloads/Ненецкие аудио/data/Два Няднгы_new_433520.26025835314_439202.84375000006.wav,"мань хадав ӈамгэ"" хунбин тюку' ӈылека' ӈока' ӈэдакы' пыдри' ямдэйди'"
/Users/air/Downloads/Ненецкие аудио/data/Два Няднгы_new_441379.71875000006_446965.3437500001.wav,ӈарка нядӈгы ламбида хаере ӈында хаере тэсипой хаи
/Users/air/Downloads/Ненецкие аудио/data/Два Няднгы_new_448247.84375_452652.21875.wav,"тыӈгунда хэван' сыра ваӈг' серта тикэн' харцерй"""
/Users/air/Downloads/Ненецкие аудио/data/Два Няднгы_new_453614.09375000006_459334.71875.wav,"ӈарка нядӈгы няхар' яля' хуны няхар' яля' ӈэсоӈгана сидя ядна ӈадимяха"""
/Users/air/Downloads/Ненецкие аудио/data/Два Няднгы_new_462119.0937500001_468919.71875.wav,"няби ядна ӈули' ямб ӈэвы няби ядна ламдик няӈота ненэць"" ӈэвы"
/Users/air/Downloads/Ненецкие аудио/data/Два Няднгы_new_469560.96875_477203.540880052.wav,ма ихинянда няби тыӈгу ӈэдакы ӈули' ямб нябит няӈуда нянда сялмана ӈа
/Users/air/Downloads/Ненецкие аудио/data/Два Няднгы_new_479854.71875_488106.59375000006.wav,"яха"" тир"" ни"" тэвъяха"" ламдика""яр нямда нердевы неру яха' тир"" ни"" ламдика'яр нултада"
/Users/air/Downloads/Ненецкие аудио/data/Два Няднгы_new_488849.09375_495329.09375.wav,ямб ма ӈамгэ нултар нисями иленакы яд'мада тюкона ӈа
/Users/air/Downloads/Ненецкие аудио/data/Два Няднгы_new_497674.71875_504762.2187500001.wav,"ламдик няӈоте ма нир мание"" нисят хальмер ти ӈарка нядӈгы нисямд хадавэда"
/Users/air/Downloads/Ненецкие аудио/data/Два Няднгы_new_505984.41647860175_509588.46875000006.wav,"нисят хальмер' сыра ваӈгхана ӈарка нядӈгы ти ӈади тюкори яхад салкани"""
/Users/air/Downloads/Ненецкие аудио/data/Два Няднгы_new_510921.59375000006_519612.21875.wav,"тыӈгусе ма ханзер' салтыни"" нисями хадавы ӈарка нядӈгы мани"" хадахами'"
/Users/air/Downloads/Ненецкие аудио/data/Два Няднгы_new_521012.84375_527239.7187500001.wav,"ламдик няӈоте ма ӈарка нядӈгэн"" тыӈгусеӈэ пыдар хань' мань пилю'ӈав"
/Users/air/Downloads/Ненецкие аудио/data/Два Няднгы_new_528353.46875_538427.84375.wav,"ламдика""яр пуня' сюрхалй"" ма мякан хантадм' ӈарка нядӈгы сит хадаӈгу нисямд хадавы хань' харвабат хадад"
/Users/air/Downloads/Ненецкие аудио/data/Два Няднгы_new_540047.8437500001_547725.96875.wav,"тыӈгусе'ер нянда пумна хая тюкон' нихи"" ту"" няхъюта хэ'мад ӈарка нядӈгы ламбида сера"
/Users/air/Downloads/Ненецкие аудио/data/Два Няднгы_new_548586.59375_552627.6028050147.wav,"няхъюта пумна хая ӈопой яля"" пеляна няхъюта пумна ӈадимя"
/Users/air/Downloads/Ненецкие аудио/data/Два Няднгы_new_552775.5004261484_560010.9687500001.wav,"ма нултари"" хадавы туӈгу"" товндаду юӈгу таня хэхэва'"
/Users/air/Downloads/Ненецкие аудио/data/Два Няднгы_new_562035.9687499999_568212.2187500001.wav,"недамду' ӈани"" пырдари' ханаду"" мюселъяд"" салте'е' нимня ӈадимя'"
/Users/air/Downloads/Ненецкие аудио/data/Два Няднгы_new_569579.0937500001_575603.46875.wav,"сидя нядӈгы то"" я"" варан' ӈэсыхы"" сидя нядӈгы илебции хадаба пяӈа"""
/Users/air/Downloads/Ненецкие аудио/data/Два Няднгы_new_576666.59375_583585.34375.wav,"хадабиди"" нумду' танӈума салте'е то' яди' салба нирӈэ хая"
/Users/air/Downloads/Ненецкие аудио/data/Два Няднгы_new_585036.5937500001_593710.34375.wav,"ӈарка нядӈгы ма нюдя нядӈгы то' яни"" певан' хорам"" хадаванзь хэхэни"" хора"" таняваӈгабя"""
/Users/air/Downloads/Ненецкие аудио/data/Два Няднгы_new_595482.2187500001_602367.2187500001.wav,ӈарка нядӈгы мэць сава хабтамда подерӈа нюдя нядӈгы мэць сава хабтаркамда подерӈа
/Users/air/Downloads/Ненецкие аудио/data/Два Няднгы_new_605016.5937500001_614179.7187500001.wav,"то"" я"" сэрт"" ха'мъяха' тяхня"" мадади"" пев"" салян' танаяха' ханути"" ханзад"" таӈовы"""
/Users/air/Downloads/Ненецкие аудио/data/Два Няднгы_new_615360.96875_622296.59375.wav,то' яди пе'в харвсавэй ӈэвы ӈарка нядӈгы ма нюдя нядӈгы харвдар мада'
/Users/air/Downloads/Ненецкие аудио/data/Два Няднгы_new_623174.0937500001_629333.4687500001.wav,"ханар ханзадад мань сыртадм' хорам"" манэтанакэдм'"
/Users/air/Downloads/Ненецкие аудио/data/Два Няднгы_new_631122.21875_637754.09375.wav,нюдя нядӈгы ханда нярба пяда няра маледа ӈарка нядӈгы ма
/Users/air/Downloads/Ненецкие аудио/data/Два Няднгы_new_638749.71875_646039.71875.wav,"мань ханми няраӈгудм' сыр"" илебця' тобтом"" илебця' тута' си'ми хонраӈгунва"
/Users/air/Downloads/Ненецкие аудио/data/Два Няднгы_new_647035.34375_653245.3437500001.wav,ӈарка нядӈгы ханда няраба пя ӈопой хэвмда нярада няби хэвамда няраба пя
/Users/air/Downloads/Ненецкие аудио/data/Два Няднгы_new_656552.84375_664619.09375.wav,"ма нюдя нядӈгы хораха' тона"" ехэран ӈаво'манат сырӈан то"" вархана хораха"" ти тоӈаха'"
/Users/air/Downloads/Ненецкие аудио/data/Два Няднгы_new_665631.5937500001_672938.4687500001.wav,нюдя нядӈгы яхам' танда ӈаноди' ниня сидяха' ӈэвэхэ' ламдикар ламбита
/Users/air/Downloads/Ненецкие аудио/data/Два Няднгы_new_674119.71875_680009.0937500001.wav,ямб'я тыӈгусер ӈано' нерняна ӈамды хора тыӈгусе' ню ма
/Users/air/Downloads/Ненецкие аудио/data/Два Няднгы_new_682472.84375_690336.59375.wav,"мань ӈано пыяхад пяӈгув ӈарка нядӈгэхэ"" лыӈгараӈаха' нюдя нядӈгы"" ӈылна ӈано то"
/Users/air/Downloads/Ненецкие аудио/data/Два Няднгы_new_691602.21875_697002.2187500001.wav,"нюдя нядӈгы ӈында пенды"" сюдбя ӈында пядрев"" тебвонда"
/Users/air/Downloads/Ненецкие аудио/data/Два Няднгы_new_698774.09375_706215.96875.wav,сидя сюдбяр яха' тях' хамъяха' ӈаноди' икня хаи нюдя нядӈгы' ӈында ӈанон' таркадавы
/Users/air/Downloads/Ненецкие аудио/data/Два Няднгы_new_707228.46875_711109.71875.wav,ӈарка нядӈгэнд ӈында миӈа хора тыӈгусен' теба
/Users/air/Downloads/Ненецкие аудио/data/Два Няднгы_new_713252.84375_721234.71875.wav,"хора тыӈгусер ян"" хавна ха'мы"" ламдика'яр ӈани' санай"" ламдика'яр ян' ха'мы"""
/Users/air/Downloads/Ненецкие аудио/data/Два Няднгы_new_722247.21875_731916.59375.wav,"ӈарка нядӈгы"" ӈында хэдрев' пенды' ламдика'янд си'в есяда ян"" мантэяд' ламдика'яр си'в есясипой хаи"
/Users/air/Downloads/Ненецкие аудио/data/Два Няднгы_new_733688.4687500001_740884.2686126105.wav,"ӈарка нядӈгы ма мяканд хэхэркар' сит нихарцюдм' пя' няди"" хая"
/Users/air/Downloads/Ненецкие аудио/data/Два Няднгы_new_741837.0738692293_747947.84375.wav,"ӈаноди"" мэӈаха"" сидя нядӈгы мякди"" хаяха"" сидя нядӈгы мякди"" тэвъяха"""
/Users/air/Downloads/Ненецкие аудио/data/Два Няднгы_new_748977.21875_756790.3437500001.wav,"саль тер халям"" хадаӈаха"" салабада ханимя нерденя сырада ха'мы' ӈарка нядӈгы ма"
/Users/air/Downloads/Ненецкие аудио/data/Два Няднгы_new_758697.21875_765717.21875.wav, нюдя нядӈгы тэхэ'нат ехэркар' салаба ханимя' няхар' ю' тэр танад
/Users/air/Downloads/Ненецкие аудио/data/Два Няднгы_new_767168.4687500001_774070.3437500001.wav,"сава хабтар мэс"" пелейдат сава хабтаркар мэс' ӈули' е"" тэха'нат"
/Users/air/Downloads/Ненецкие аудио/data/Два Няднгы_new_775167.2187500001_783115.34375.wav,"хуркари тарцяри сидна' хадаванзь тута' тюльсе"" тута' мандан тюльсе' то' мер"" ту'"
/Users/air/Downloads/Ненецкие аудио/data/Два Няднгы_new_784836.59375_793560.96875.wav,ӈарка нядӈгы хонэй' нюдя нядӈгы тыта поӈгана пи' ямбан' сырӈа
/Users/air/Downloads/Ненецкие аудио/data/Два Няднгы_new_794354.09375_798809.0937500001.wav,"ӈамгэ"" пиркана тюльсе' то' манзьты"" тюли нюдя нядӈгым"" тюльсе"" сяторцетыду"
/Users/air/Downloads/Ненецкие аудио/data/Два Няднгы_new_799754.09375_804749.0937500001.wav,"ӈобкарт тюльсем"" лада я""ма тюльсейда нёракутида хая"""
/Users/air/Downloads/Ненецкие аудио/data/Два Няднгы_new_806537.8437500001_814975.3437500001.wav,"ӈамгэ пиркана нохо' то' ӈопой тёрдо"" тюр"" малхана' нёраку'лыда ма ноходами хадарцюдм"""
/Users/air/Downloads/Ненецкие аудио/data/Два Няднгы_new_815970.9687500001_821489.0937500001.wav,"нюдя нядӈгы сюрба ӈобкарт нохом"" хада я""ма ӈэдалё нераку""лыда"
/Users/air/Downloads/Ненецкие аудио/data/Два Няднгы_new_823125.9687500001_830820.96875.wav,"нюдя нядӈгы' тэхъюда енъи"" салте"" салбан' ха'мъихи"" пэвдяна нюдя нядӈгы носида хая"
/Users/air/Downloads/Ненецкие аудио/data/Два Няднгы_new_832002.2187500001_838178.4687500001.wav,"нумда синюмя нюдя нядӈгы то"" салбахад хэсь я""ма пи"" ямбан' том' сюре'леда"
/Users/air/Downloads/Ненецкие аудио/data/Два Няднгы_new_838988.46875_844489.7187500001.wav,"ям' хось я'мада нюдя нядӈгы то' хэӈгцян' ханда ни"" хонэй' выдара"
/Users/air/Downloads/Ненецкие аудио/data/Два Няднгы_new_846734.09375_854241.983065232.wav,"нюдя нядӈгы нумда ялумзь немада хая ӈэта ни"" санэй"" нюдя нядӈгы то' сяд"" ни' танэй"""
/Users/air/Downloads/Ненецкие аудио/data/Два Няднгы_new_855172.6075132978_862883.46875.wav,"мята париде ма няхъюни ямданавэхэ"" ӈарка нядӈгы нись ман"" ямдаӈгуна"
/Users/air/Downloads/Ненецкие аудио/data/Два Няднгы_new_864857.84375_869565.9687500001.wav,"мяти' мал"" ӈадовы мяд"" хэвхана ӈоб"" юседана"
/Users/air/Downloads/Ненецкие аудио/data/Два Няднгы_new_870375.9687500001_874577.84375.wav,"ӈарка нядӈгым"" саюв"" хадаба пявэду"" нёраку'лвэду'"
/Users/air/Downloads/Ненецкие аудио/data/Два Няднгы_new_875337.2187500001_879117.2187500001.wav,"ӈарка нядӈгы сита хадабада саюв ӈопори тыра""нанда хадабавыда"
/Users/air/Downloads/Ненецкие аудио/data/Два Няднгы_new_880855.34375_885799.71875.wav,"ӈарка нядӈгым' саюв"" хэвня' ханавэду' нёрако пявэду"""
/Users/air/Downloads/Ненецкие аудио/data/Два Няднгы_new_886457.8437500001_891250.34375.wav,"нюдя нядӈгы нянда саюв нёдалъяда ма ӈамгэ пи' нидэм"" хань'"
/Users/air/Downloads/Ненецкие аудио/data/Два Няднгы_new_892954.71875_899670.9687500001.wav,"яд'мита мюня ӈарка нядӈгы саюв тыралпавыда сейту"" хэвхана тырида тату' ӈомэраха'"
/Users/air/Downloads/Ненецкие аудио/data/Два Няднгы_new_900632.8437500001_903720.96875.wav,"ӈарка нядӈгы паӈгарха суты"" ни' танавы"""
/Users/air/Downloads/Ненецкие аудио/data/Два Няднгы_new_904902.21875_911939.09375.wav,"саюв' ня""мвэду"" саюв"" ня' ӈобт' пёлмыд"" яра"" саюв' ӈарка нядӈгым' хадавыду'"
/Users/air/Downloads/Ненецкие аудио/data/Два Няднгы_new_913069.71875_918132.21875.wav,"нюдя нядӈгы ма нями маядадм' ӈамгэ нят' нидм' хань"""
/Users/air/Downloads/Ненецкие аудио/data/Два Няднгы_new_919549.71875_925945.34375.wav,нюдя нядӈгы хабэй нямда севолпаданда ӈули' ӈэвома нюдя нядӈгы няхар' ю' тым' танавы
/Users/air/Downloads/Ненецкие аудио/data/Два Няднгы_new_926738.46875_931952.84375.wav,ӈарка нядӈгы' нем' ханавэду' ӈацекым' ханавэду' нюдя нядӈгы ма
/Users/air/Downloads/Ненецкие аудио/data/Два Няднгы_new_932914.71875_936171.59375.wav,саюв' си'м хадаӈгу' харасяда ян' хэхдэм'
/Users/air/Downloads/Ненецкие аудио/data/Два Няднгы_new_937960.34375_942685.34375.wav,"нюдя нядӈгы харасяда ян' ӈэдалэй"" нянда ха'мам хаеда"
/Users/air/Downloads/Ненецкие аудио/data/Два Няднгы_new_943883.46875_949637.84375.wav,"сыра"" ямбан' ӈэдалы ӈэдлёданда тэхъюда вынхалыхы' хаӈаха'"
/Users/air/Downloads/Ненецкие аудио/data/Два Няднгы_new_951730.34375_958868.46875.wav,нюдя нядӈгы тэхъюта хахава яда пяда ӈавортада юӈгу яднанда вынхалы
/Users/air/Downloads/Ненецкие аудио/data/Два Няднгы_new_960167.84375_966495.96875.wav,"сянд"" яднаханда ӈоб"" яхам"" нярхала нумда таӈы"" яхам' нёдада"
/Users/air/Downloads/Ненецкие аудио/data/Два Няднгы_new_968099.09375_977237.3098276174.wav,"яха' лаӈг"" ниня ӈоб"" ӈарка мя' мя'д ерв халям' хадавы халяр ӈока нюдя нядӈгы мят' тю"
/Users/air/Downloads/Ненецкие аудио/data/Два Няднгы_new_978089.09375_986324.09375.wav,"мякана вэскахо"" пухуцяха"" ӈобт"" ӈамдвэхэ"" вэско"" хэвхана ӈоб"" ной то"" тикэхэна вэӈгалы"
/Users/air/Downloads/Ненецкие аудио/data/Два Няднгы_new_987623.46875_995318.46875.wav,"вэску ма ханяд ядэртан маедортан нид саюв"" хадавэду хибяван ӈэдакэн"
/Users/air/Downloads/Ненецкие аудио/data/Два Няднгы_new_996297.21875_1002405.96875.wav,"нюдя нядӈгы ма саюв"" нин"" хада' ӈарка нядӈгым"" хадавыць"
/Users/air/Downloads/Ненецкие аудио/data/Два Няднгы_new_1003654.71875_1011704.09375.wav,"вэсако'яр синя' ма хасва юркад' нюдя нядӈгым"" хось я""маваць товы вынхалувы"
/Users/air/Downloads/Ненецкие аудио/data/Два Няднгы_new_1013627.84375_1023027.21875.wav,ӈоб' хасва юркы' тыӈгот ламдика'яр ӈэвы вэскор ма нюдя нядӈгы ныхыт мянӈэ хэвы
/Users/air/Downloads/Ненецкие аудио/data/Два Няднгы_new_1023752.84375_1031751.5937500002.wav,"ӈули"" хадад ӈарка нядӈгы са'ӈась нюдя нядӈгы сатакы тыӈгусод хос' ӈобкана хадара'"
/Users/air/Downloads/Ненецкие аудио/data/Два Няднгы_new_1033827.2187500001_1040340.9687500002.wav,ламдика'яр хая ма тыӈгусони хокарцюдм' ӈокаӈэ пяӈгува'
/Users/air/Downloads/Ненецкие аудио/data/Два Няднгы_new_1041572.8437500002_1047479.0937500002.wav,"нюдя нядӈгы вэсаку' пелей няна ӈамды ӈамгэ' пиркана ӈока""я"" ӈэдалёда"" товононду"""
/Users/air/Downloads/Ненецкие аудио/data/Два Няднгы_new_1048710.96875_1054600.34375.wav,"ялханду"" тыӈгос ӈэвононду' тас юр' тыӈгу ма"" мань хадаӈгув"
/Users/air/Downloads/Ненецкие аудио/data/Два Няднгы_new_1056962.84375_1063375.3437500002.wav,"тыӈгос' нё'сим"" пида"" мят"" сюрби"" ламдика'яр маманонда нята пуняд"
/Users/air/Downloads/Ненецкие аудио/data/Два Няднгы_new_1064320.34375_1072994.09375.wav," нюдя нядӈгым"" нёхорцяра"" хада' сене' ӈарка нядӈгы' нем ханаваць нюмдя ханаваць"
/Users/air/Downloads/Ненецкие аудио/data/Два Няднгы_new_1073770.3437500002_1082680.34375.wav,"яхда ханарцюв тыда хо'ӈада' нем"" хо'ӈада' тыӈгусод хаё' ӈарка нядӈгы' недя то"
/Users/air/Downloads/Ненецкие аудио/data/Два Няднгы_new_1083574.71875_1088924.09375.wav,нюмдя тыда та' мята та' ламдика'яр ма
/Users/air/Downloads/Ненецкие аудио/data/Два Няднгы_new_1090037.84375_1094577.2187500002.wav, нюдя нядӈгым' яхда ханаӈгув сит нива' хадаӈгу'
/Users/air/Downloads/Ненецкие аудио/data/Два Няднгы_new_1096163.4687500002_1102474.7187500002.wav,ламдика'яр мюселй' нямда ханада мюсе' ӈоб' яв' мада'
/Users/air/Downloads/Ненецкие аудио/data/Два Няднгы_new_1104229.71875_1112667.21875.wav,"яв' тяхняна ӈоб"" сюрбада ӈадьбата мо""нэй' ламдика'яр юседана' хэвувна мэда"
/Users/air/Downloads/Ненецкие аудио/data/Два Няднгы_new_1113612.2187500002_1123534.71875.wav,"пя"" едхад ӈоб"" ӈын пенды' ӈадьбата ламдик' сялбатада тырцё ха'мы"" ханда хэван'"
/Users/air/Downloads/Ненецкие аудио/data/Два Няднгы_new_1124462.84375_1133440.3437500002.wav,"ха пя"" хэвхана юседавэр санэй"" ламдика'ям' пыяханда тойдада ма палка хась тарор юӈгувыню'"
/Users/air/Downloads/Ненецкие аудио/data/Два Няднгы_new_1134486.59375_1141388.46875.wav,"ӈарка нядӈгы ӈэвы илевы' ма сене' си'м хадабинась теда"" хась манэкарт"
/Users/air/Downloads/Ненецкие аудио/data/Два Няднгы_new_1143447.21875_1149758.46875.wav,"нюдя нядӈгы мань ӈамгэ хаӈгудм' ӈамгэ хандами нисян та' ӈэдлё хунӈгу'нисяним"""
/Users/air/Downloads/Ненецкие аудио/data/Два Няднгы_new_1152120.9687500002_1158465.9687500002.wav,тад пуня' мюселъяд' тыӈгусу' мяд' хэван' ӈэсы' сидя нядӈгы хаяха'
/Users/air/Downloads/Ненецкие аудио/data/Два Няднгы_new_1159680.96875_1169097.21875.wav,"тас юр' тыӈгус' хадаба пяйди' сидя нядӈгы юр"" тыӈгос' мал"" хадэйди' ӈухуна сярда вэнекохортм' нихи' хае'"
/Users/air/Downloads/Ненецкие аудио/data/Два Няднгы_new_1170649.71875_1179812.8437500002.wav,тыӈгусот тыду' ёнар' мян ты' ӈэвы' сидя нядӈгы наӈгадя ёнар' тым' тэдди' мэйди'
/Users/air/Downloads/Ненецкие аудио/data/Два Няднгы_new_1180622.84375_1186326.59375.wav,сидя нядӈгы тэта нядӈгэӈэ хаяха' та илелъяха'
/Users/air/Downloads/Ненецкие аудио/data/NENETS_13_9133.0_14600.0.wav,ӈавна тасу' яв' вархана хэбидя я танявы
/Users/air/Downloads/Ненецкие аудио/data/NENETS_13_14633.0_19200.0.wav,"тикы хэбидя яхна си""в хо вадёвы"""
/Users/air/Downloads/Ненецкие аудио/data/NENETS_13_19233.0_23600.0.wav,ӈобӈгуна ӈоб хасава ханеванзь хая
/Users/air/Downloads/Ненецкие аудио/data/NENETS_13_23633.0_30533.0.wav,"яля' ямбан' ядарӈа ӈамгэхартм хось я""ма ханеда яӈгу"
/Users/air/Downloads/Ненецкие аудио/data/NENETS_13_30567.0_34933.0.wav,"ихнянда ма ""ха""манзь хумбанзи"" ядэрӈадм"
/Users/air/Downloads/Ненецкие аудио/data/NENETS_13_36600.0_40067.0.wav,"ханедами яӈгуню"""
/Users/air/Downloads/Ненецкие аудио/data/NENETS_13_40100.0_43700.0.wav,тад мякнда хая
/Users/air/Downloads/Ненецкие аудио/data/NENETS_13_43733.0_52333.0.wav,"миӈа миӈа харта мята хось я""ма ёходакы"
/Users/air/Downloads/Ненецкие аудио/data/NENETS_13_52367.0_62167.0.wav,"харта ӈо"" нись харва"" хэбидя ян' тэвы"""
/Users/air/Downloads/Ненецкие аудио/data/NENETS_13_81733.0_84767.0.wav,"хуняна маси"" мякни тэвӈгув"""
/Users/air/Downloads/Ненецкие аудио/data/NENETS_13_84800.0_89300.0.wav,хасавар тюмда нароӈоць мандалабтада
/Users/air/Downloads/Ненецкие аудио/data/NENETS_13_89333.0_92433.0.wav,пи' сава ерня сиды
/Users/air/Downloads/Ненецкие аудио/data/NENETS_13_94933.0_101833.0.wav,"тад сылыа"" нгани ненэся ӈо"" тандая' соявы ӈацекы ярмы"
/Users/air/Downloads/Ненецкие аудио/data/NENETS_13_101867.0_105900.0.wav,ты' хобахана юйдавэӈэ тикахана юседа
/Users/air/Downloads/Ненецкие аудио/data/NENETS_13_108600.0_112767.0.wav,"ӈацекэр тэри ет' ӈацекы нивы ӈа"""
/Users/air/Downloads/Ненецкие аудио/data/NENETS_13_112800.0_121300.0.wav,ӈацекы' пэяхананда няряна нумгы танявы павэхнанда сэр нумгы танявы
/Users/air/Downloads/Ненецкие аудио/data/NENETS_13_121333.0_130667.0.wav,сэвхаюда ӈани нумгыдарев' ялкадарӈах'
/Users/air/Downloads/Ненецкие аудио/data/NENETS_13_130699.99999999999_136900.0.wav,"хасавар ӈацекэн' сыарць ма ""тюку хыбя' ӈацекы"
/Users/air/Downloads/Ненецкие аудио/data/NENETS_13_136933.0_146300.0.wav,"хэбидя хо"" поӈгна ӈоб лахнана лахнавонда ""тикы ӈацекэр мяканд ханад"
/Users/air/Downloads/Ненецкие аудио/data/NENETS_13_146333.0_150500.0.wav,"хасавар ӈацекым ня""мада мякнда хая"
/Users/air/Downloads/Ненецкие аудио/data/NENETS_13_150533.0_155000.0.wav,"сянад' хунад' ядбата ӈод"" мят' тэвы"""
/Users/air/Downloads/Ненецкие аудио/data/NENETS_13_168233.0_175600.0.wav,"пухуцянда ӈацекым манэ""манда сер' сейда хая ма"" нив"" ""ненэй ӈацекы нивы ӈа"""
/Users/air/Downloads/Ненецкие аудио/data/NENETS_13_179400.0_187467.0.wav,"ӈарво""махаднда нензелм вунива"" мэт"""
/Users/air/Downloads/Ненецкие аудио/data/NENETS_13_187500.0_192767.0.wav,хуняна нермя' сивня ит' ӈэдабтаими'
/Users/air/Downloads/Ненецкие аудио/data/NENETS_13_195533.0_200633.0.wav,"хасава ӈацекым ня""ма нермян' хая"
/Users/air/Downloads/Ненецкие аудио/data/NENETS_13_200667.0_207833.0.wav,"тад ит' ӈэдабтада ма ""и"" нисяр и"" небяр"
/Users/air/Downloads/Ненецкие аудио/data/NENETS_13_210267.0_214600.0.wav,ти ӈацекы икана ха
/Users/air/Downloads/Ненецкие аудио/data/NENETS_13_214633.0_221200.0.wav,"тад тикы' пуд няхр по"" хая"""
/Users/air/Downloads/Ненецкие аудио/data/NENETS_13_221233.0_227700.0.wav,няхр по' ямбан' хасава пухуцянда ня' сававна илеӈах'
/Users/air/Downloads/Ненецкие аудио/data/NENETS_13_227733.0_230933.0.wav,хане ядэрцьты илебцье хадабасьты
/Users/air/Downloads/Ненецкие аудио/data/NENETS_13_243933.0_250800.0.wav,"тэв""махданда манэ""ӈада си""в хо' хэвхана ӈоб ӈацекы пэмб"" ӈэвы"
/Users/air/Downloads/Ненецкие аудио/data/NENETS_13_276367.0_281067.0.wav,"тад нерня' хабця"" ӈадимда"" ӈа ӈадимда"
/Users/air/Downloads/Ненецкие аудио/data/NENETS_13_281100.0_286533.0.wav,"я' сяр' ниня илена ненэця"" хаӈгурць пяӈгудо'"
/Users/air/Downloads/Ненецкие аудио/data/NENETS_13_286567.0_290600.0.wav,пыдар ӈани пухуцянд ня' хонё хаӈгуди'
/Users/air/Downloads/Ненецкие аудио/data/NENETS_13_293067.0_297000.0.wav,намдвыда мал' вадейда
/Users/air/Downloads/Ненецкие аудио/data/NENETS_13_297033.0_301800.0.wav,"пухуцяда ма ""вадидо' сияк ни"" ӈэӈгу"""
/Users/air/Downloads/Ненецкие аудио/data/NENETS_13_307367.0_310600.0.wav,"пухуця пин' санэй"" сырӈа"
/Users/air/Downloads/Ненецкие аудио/data/NENETS_13_313133.0_322600.0.wav,"мят' тю ва""ван' ӈамды"" ма ""яля' ямбан' хане ядэрӈадамзь"
/Users/air/Downloads/Ненецкие аудио/data/NENETS_13_322633.0_326667.0.wav,"ханедами ӈули"" яӈгу ӈули"" пэдэяв"""
/Users/air/Downloads/Ненецкие аудио/data/NENETS_13_326700.0_330933.0.wav,"тад ӈорӈа хонэяд"""
/Users/air/Downloads/Ненецкие аудио/data/NENETS_13_330967.0_335867.0.wav,хувы ялумдад ӈадимгава ядна хасавар юркы
/Users/air/Downloads/Ненецкие аудио/data/NENETS_13_335900.0_346167.0.wav,"мятсавэй хасава ӈани пухуцянда ня' макода' син' сыарць ва""небтёринӈах' тибяриди' хаеры"""
/Users/air/Downloads/Ненецкие аудио/data/NENETS_01_09_12136.8_15962.300000000001.wav,ой ехарамэй' мань аб сацей ахыей'
/Users/air/Downloads/Ненецкие аудио/data/NENETS_01_09_27395.5_34743.6.wav,"ой мядэ""на помойка помойкан' таняна амгэ мам' вэнеко"" адимда"""
/Users/air/Downloads/Ненецкие аудио/data/NENETS_01_09_34751.399999999994_38119.9.wav,"нисяв ма"" нив' вэнеко"" ни"" аӈэй"" тикыад ылека"""
/Users/air/Downloads/Ненецкие аудио/data/NENETS_01_09_38119.9_41433.6.wav,ылекатак он тунимда мэда
/Users/air/Downloads/Ненецкие аудио/data/NENETS_01_09_41538.9_44633.7.wav,"ядторӈа ядторӈа хая"" ладно"
/Users/air/Downloads/Ненецкие аудио/data/NENETS_01_09_59302.5_68977.0.wav,"ой ой ой ой есьты ервхана чум мядм масьтембива""а а шестьдесят первый год"
/Users/air/Downloads/Ненецкие аудио/data/NENETS_01_09_78781.5_84505.4.wav,о медведь товы это поненецки говорится париденяко
/Users/air/Downloads/Ненецкие аудио/data/NENETS_01_09_84505.4_87945.3.wav,абядӈов ядӈов
/Users/air/Downloads/Ненецкие аудио/data/NENETS_01_09_87955.7_92875.3.wav,"так нэнзы что тогда это советское время так мыдо' таня"" амгэвидо'"
/Users/air/Downloads/Ненецкие аудио/data/NENETS_01_09_94034.59999999999_97805.3.wav,ага убежал и всё
/Users/air/Downloads/Ненецкие аудио/data/NENETS_12_8333.0_13600.0.wav,варанзовахана маякасавэй ниня ӈарка седа таня
/Users/air/Downloads/Ненецкие аудио/data/NENETS_12_13633.0_17300.0.wav,"тикы седар сяйтан седам нюбе""ӈа"
/Users/air/Downloads/Ненецкие аудио/data/NENETS_12_29733.0_36033.0.wav,"ма"" ни""м"" невхана ябтуӈэ пёдор танявыась тадебясь"
/Users/air/Downloads/Ненецкие аудио/data/NENETS_12_36067.0_43033.0.wav,пензьретна тадебя хо сядэйм сертавыась ненэцян тарев' сертавэдась
/Users/air/Downloads/Ненецкие аудио/data/NENETS_12_43067.0_47333.0.wav,седа' ӈэва' ни' хо сядэйм пэмыась
/Users/air/Downloads/Ненецкие аудио/data/NENETS_12_47367.0_52467.0.wav,тикэда хэбидя яднда хая
/Users/air/Downloads/Ненецкие аудио/data/NENETS_12_52500.0_57733.0.wav,тикар ябтуӈэ пёдор' сертавы хэбидя я
/Users/air/Downloads/Ненецкие аудио/data/NENETS_12_60633.0_64900.00000000001.wav,махавой лабта' няна ӈарка то таня
/Users/air/Downloads/Ненецкие аудио/data/NENETS_12_64933.00000000001_75267.0.wav,тикы то' тях няӈы хэвхана яля няӈы хэвхана савлюй тюрраха седа таня
/Users/air/Downloads/Ненецкие аудио/data/NENETS_12_75300.0_82267.0.wav,"тикы тюрраха седар ма"" ним"" сихрти"" седа ӈэдакы"
/Users/air/Downloads/Ненецкие аудио/data/NENETS_12_82300.0_88167.0.wav,"сихрти"" седам ӈобтикы ябтуӈэ пёдор хэбидя яӈэ мэ""мыась"
/Users/air/Downloads/Ненецкие аудио/data/NENETS_12_88200.0_94433.0.wav,ӈавнанда седанд ӈэва' ниня хо сядэй танявыась
/Users/air/Downloads/Ненецкие аудио/data/NENETS_01_22_0.0_4452.6.wav,хойхана сояманзь
/Users/air/Downloads/Ненецкие аудио/data/NENETS_01_22_4452.6_7646.8.wav,в малоземельской тундре
/Users/air/Downloads/Ненецкие аудио/data/NENETS_01_22_7769.3_12342.800000000001.wav,"ацекэм' эба""н хойхана илеваць"
/Users/air/Downloads/Ненецкие аудио/data/NENETS_01_22_14379.4_18376.2.wav,"ты пэртятамна нядаӈгосьтыва"" ацекэва"" эб""на""а"
/Users/air/Downloads/Ненецкие аудио/data/NENETS_01_22_18410.6_23096.5.wav,"нядаӈгосьтыва"" пилю хадабасьтывата амгэсятывата"
/Users/air/Downloads/Ненецкие аудио/data/NENETS_01_22_23130.9_27231.0.wav,пастух сяйманда ты мадрпаӈгун
/Users/air/Downloads/Ненецкие аудио/data/NENETS_01_22_27248.2_31021.0.wav,тамальӈгана падесятытытакы
/Users/air/Downloads/Ненецкие аудио/data/NENETS_01_22_31038.2_34897.1.wav,вот потом в школу пошла
/Users/air/Downloads/Ненецкие аудио/data/NENETS_01_22_34897.1_37998.0.wav,в школу пошла выучилась
/Users/air/Downloads/Ненецкие аудио/data/NENETS_01_22_38015.2_46560.0.wav,"ой тохода школам ёлце""мадан салянндоам' тюку салянндоаммань ань'"
/Users/air/Downloads/Ненецкие аудио/data/NENETS_01_22_46560.0_51624.8.wav,специалистов не хватает а специалистов не было
/Users/air/Downloads/Ненецкие аудио/data/NENETS_01_22_51710.9_56190.0.wav,меня отправили в салехард учиться
/Users/air/Downloads/Ненецкие аудио/data/NENETS_01_22_56224.4_61427.100000000006.wav,"тоходанвась си""м эдара"" на зоотехника"
/Users/air/Downloads/Ненецкие аудио/data/NENETS_01_22_61444.299999999996_68576.40000000001.wav,там проучилась четыре а таняна тоходанам' тет пондоходанам'
/Users/air/Downloads/Ненецкие аудио/data/NENETS_01_22_68593.59999999999_71797.9.wav,тет пондоходанаманзь так
/Users/air/Downloads/Ненецкие аудио/data/NENETS_01_22_71832.3_75777.4.wav,"на каникулы ханикулк"" тосьтым' тюкон'"
/Users/air/Downloads/Ненецкие аудио/data/NENETS_01_22_75777.4_80807.8.wav,"ханикул"" мальӈгана сенокос ходим сенокосан' ядэрцятывата"
/Users/air/Downloads/Ненецкие аудио/data/NENETS_01_22_80807.8_84098.20000000001.wav,сено косилито
/Users/air/Downloads/Ненецкие аудио/data/NENETS_01_22_84149.90000000001_87871.0.wav,потом опять хэсьтым' ань' хэсьтым' тоходанвась
/Users/air/Downloads/Ненецкие аудио/data/NENETS_01_22_104616.0_111317.5.wav,скотной дворхана манзраманзьда сперва нерня у лисиц работала
/Users/air/Downloads/Ненецкие аудио/data/NENETS_01_22_111351.9_116537.40000000001.wav,тамальӈгана манятёнякунатаняаць тёнякунатаняацьа
/Users/air/Downloads/Ненецкие аудио/data/NENETS_01_22_116589.1_121171.5.wav,практику проводила а практикав мэнасьда
/Users/air/Downloads/Ненецкие аудио/data/NENETS_01_22_121171.5_125874.6.wav,"ты ты пэрти"" мэ""на эсы""мана эдалёрӈаманзь"
/Users/air/Downloads/Ненецкие аудио/data/NENETS_01_22_125943.5_132042.0.wav,"шесть месяцев мат"" ири'эдалёрӈаманзь"
/Users/air/Downloads/Ненецкие аудио/data/NENETS_01_22_132042.0_138812.3.wav,по ямалу ямалхана практикав проводимбивась
/Users/air/Downloads/Ненецкие аудио/data/NENETS_01_22_153162.7_158778.8.wav,"вот тюкон' тоам' тёнякоци масьте"" нерня"
/Users/air/Downloads/Ненецкие аудио/data/NENETS_01_22_158778.8_166789.5.wav,вот ничего я не знаю по теме амгэартм ехараам' про лисицто их боюсьто
/Users/air/Downloads/Ненецкие аудио/data/NENETS_01_22_180847.0_184809.30000000002.wav,"амгэ специалист ма"" нив'"
/Users/air/Downloads/Ненецкие аудио/data/NENETS_01_22_197988.2_206998.1.wav,вот я обиделась так потом сказала к председателю пошла и говорю я у лисиц не могу работать
/Users/air/Downloads/Ненецкие аудио/data/NENETS_01_22_206998.1_212872.6.wav,"не буду работать ним' манзраӈгу"" мам' тёняха""на"
/Users/air/Downloads/Ненецкие аудио/data/NENETS_01_22_212924.3_216645.4.wav,"а председатель ма"" нив' амгэ хадкэ"
/Users/air/Downloads/Ненецкие аудио/data/NENETS_01_22_222382.0_230754.5.wav,мань мам' не говорю не жалуюсь а просто не хочу ним' харвата валакада
/Users/air/Downloads/Ненецкие аудио/data/NENETS_01_22_230754.5_236077.69999999998.wav,"тайкэад си""м коровникан' масьте"""
/Users/air/Downloads/Ненецкие аудио/data/NENETS_01_22_236077.69999999998_239592.09999999998.wav,вот коровникана манзраманзь
/Users/air/Downloads/Ненецкие аудио/data/NENETS_01_22_239592.09999999998_245363.2.wav,начала работать заведующей заведушчойӈэ пявась манзра
/Users/air/Downloads/Ненецкие аудио/data/NENETS_01_22_245363.2_251220.5.wav,потом семья стала большая так и не могу
/Users/air/Downloads/Ненецкие аудио/data/NENETS_01_22_252891.5_263227.89999999997.wav,"я""мав заведовать не могу тяжело очень было саӈговоӈ""а семья да ещё детито"
/Users/air/Downloads/Ненецкие аудио/data/NENETS_01_22_268844.0_274839.1.wav,потом дояркаӈэ дояркаӈэ хаям' манзравась
/Users/air/Downloads/Ненецкие аудио/data/NENETS_01_22_274976.9_278818.6.wav,вот дояркаӈэ савава манзраманзь
/Users/air/Downloads/Ненецкие аудио/data/NENETS_01_23_0.0_6742.9.wav,семьянан мань аб яӈгням'
/Users/air/Downloads/Ненецкие аудио/data/NENETS_01_23_6742.9_10854.4.wav,няр няв войнана хааць
/Users/air/Downloads/Ненецкие аудио/data/NENETS_01_23_10854.4_14110.699999999999.wav,"войнана хаацьда больше ниць ту"""
/Users/air/Downloads/Ненецкие аудио/data/NENETS_01_23_14110.699999999999_21437.5.wav,один апой братув раненойӈэ раненойӈэ турӈась
/Users/air/Downloads/Ненецкие аудио/data/NENETS_01_23_21437.5_26790.7.wav,тамна война миӈасьдакы аньӈгаясь
/Users/air/Downloads/Ненецкие аудио/data/NENETS_01_23_26790.7_30491.1.wav,"ань' хаясьда и больше ань' нись ту"""
/Users/air/Downloads/Ненецкие аудио/data/NENETS_01_23_30491.1_37225.8.wav,"ани"" нин ань' тюку саляна ань' манзрааць"
/Users/air/Downloads/Ненецкие аудио/data/NENETS_01_23_37225.8_42357.0.wav,а брат работал пастухом на ферме
/Users/air/Downloads/Ненецкие аудио/data/NENETS_01_23_42357.0_46180.700000000004.wav,коров пас
/Users/air/Downloads/Ненецкие аудио/data/NENETS_01_23_46254.7_51163.9.wav,ага хорави пэрӈась
/Users/air/Downloads/Ненецкие аудио/data/NENETS_01_23_53902.2_57750.6.wav,павел алексеевич
/Users/air/Downloads/Ненецкие аудио/data/NENETS_01_23_69419.1_75783.8.wav,после войны хаась в ом году отец умер
/Users/air/Downloads/Ненецкие аудио/data/NENETS_01_23_77979.29999999999_84640.0.wav,одна мать нас воспитывала с ого года
/Users/air/Downloads/Ненецкие аудио/data/NENETS_01_23_86416.2_91399.4.wav,"тет ю"" мат"" похад небяв сидна"" вадабись"
/Users/air/Downloads/Ненецкие аудио/data/NENETS_01_23_91399.4_97591.4.wav,это сестра была
/Users/air/Downloads/Ненецкие аудио/data/NENETS_01_23_97591.4_101094.4.wav,ой неняв таняась
/Users/air/Downloads/Ненецкие аудио/data/NENETS_01_23_101119.0_109284.59999999999.wav,неняв ань' ань' мер' яӈгумась
/Users/air/Downloads/Ненецкие аудио/data/NENETS_01_23_109284.59999999999_112688.90000000001.wav,ацекыда евакоӈэ хаиць
/Users/air/Downloads/Ненецкие аудио/data/NENETS_01_23_128580.29999999999_133810.2.wav,мань небяв вадабидась
/Users/air/Downloads/Ненецкие аудио/data/NENETS_01_23_133785.59999999998_137461.3.wav,вадэйдась
/Users/air/Downloads/Ненецкие аудио/data/NENETS_02_99_0.0_6880.0.wav,ӈопой ненэць' нянда мят' то
/Users/air/Downloads/Ненецкие аудио/data/NENETS_02_99_12310.2_15787.0.wav,"нями яӈгуню"" мякни' хандаадм"
/Users/air/Downloads/Ненецкие аудио/data/NENETS_02_99_15787.0_19988.7.wav,"не ма"" нив' сеӈгэ хуняна мяканд хэин"
/Users/air/Downloads/Ненецкие аудио/data/NENETS_02_99_19988.7_23109.2.wav,тад хуняна хубтахна сяйӈах'
/Users/air/Downloads/Ненецкие аудио/data/NENETS_02_99_23109.2_29694.3.wav,"сяйманди' сер' не ма"" нив' хэй мядондан' ми""мндахартми яӈгу"
/Users/air/Downloads/Ненецкие аудио/data/NENETS_02_99_32278.7_38544.4.wav,"хасава ӈани' сяйманда сер' нив' ман"" а танар няна"" савасеню"""
/Users/air/Downloads/Ненецкие аудио/data/NENETS_14_9000.0_13833.0.wav,"невхана маня"" яхнана"" ӈылека"" ӈокаць"
/Users/air/Downloads/Ненецкие аудио/data/NENETS_14_13867.0_17733.0.wav,"ненэй ненза"" ӈули"" тянёць"
/Users/air/Downloads/Ненецкие аудио/data/NENETS_14_17767.0_22433.0.wav,ӈоб хасава пухуцянда ня' пэдара' вархана илевэх'
/Users/air/Downloads/Ненецкие аудио/data/NENETS_14_24767.0_31733.0.wav,"хасава яда ханесятвы пухуцяда ӈани вануй ма""ламбсятвы"
/Users/air/Downloads/Ненецкие аудио/data/NENETS_14_34633.0_41600.0.wav,"ӈобӈгуна хасава ма ""пухуця хуняна мер' юркад"" едар пия"
/Users/air/Downloads/Ненецкие аудио/data/NENETS_14_41633.0_45433.0.wav,"ӈах"" ханеванзь хандаадм пэдаран'"
/Users/air/Downloads/Ненецкие аудио/data/NENETS_14_45467.0_50000.0.wav,"маси"" сидя няхр яля' ядэртаадм"
/Users/air/Downloads/Ненецкие аудио/data/NENETS_14_50033.0_54400.0.wav,"пухуцяда ма ""пэдаран' нён хань"""
/Users/air/Downloads/Ненецкие аудио/data/NENETS_14_56800.0_63767.0.wav,"ненэця"" манзьты"" пэдаран' ӈока ненэць' хаясь пырдари' хыбяхарт нись тур"""
/Users/air/Downloads/Ненецкие аудио/data/NENETS_14_63800.0_68000.0.wav,"хой' няю' ханеванзь хэб""нанд сава ӈэӈгусь"
/Users/air/Downloads/Ненецкие аудио/data/NENETS_14_68033.0_73633.0.wav,хой' няна ханедар ӈока ӈэсьты
/Users/air/Downloads/Ненецкие аудио/data/NENETS_14_73667.0_83733.0.wav,"тад ӈо"" пэдаран' хэб""нанд пэдара сюдбям ядбтабат нин маяндорт"""
/Users/air/Downloads/Ненецкие аудио/data/NENETS_14_83767.0_88333.0.wav,"хасава ма ""муӈгад нидм намд"""
/Users/air/Downloads/Ненецкие аудио/data/NENETS_14_88367.0_93000.0.wav,"пэдара' поӈгна сюдбям ядбтаб""нани сейми ни ханда"""
/Users/air/Downloads/Ненецкие аудио/data/NENETS_14_93033.0_99833.0.wav,харми таня тубками таня ӈынми муӈгсавэй ӈани таня
/Users/air/Downloads/Ненецкие аудио/data/NENETS_14_99867.0_103900.0.wav,"хуняна хасава юркы"" ӈорӈа"
/Users/air/Downloads/Ненецкие аудио/data/NENETS_14_103933.0_109767.0.wav,"тад пин' тарпы"" ханакоцямда нюдерць пэдара' няю' ялй"""
/Users/air/Downloads/Ненецкие аудио/data/NENETS_14_124933.0_128866.99999999999.wav,тюкохвамда ӈынхана хадада
/Users/air/Downloads/Ненецкие аудио/data/NENETS_14_128900.0_137633.0.wav,тад яхада ӈамзида ханакоцянда ни' мэйда
/Users/air/Downloads/Ненецкие аудио/data/NENETS_14_137667.0_143133.0.wav,"ихнянда ма ""тедахав' пуня' хэб""ни савараха"
/Users/air/Downloads/Ненецкие аудио/data/NENETS_14_148067.0_152867.0.wav,миӈа миӈа ӈарка пэ хой' нимня ӈадимя
/Users/air/Downloads/Ненецкие аудио/data/NENETS_14_152900.0_156900.0.wav,"хой' тэлхана ӈоб еся мя"""
/Users/air/Downloads/Ненецкие аудио/data/NENETS_14_156933.0_166833.0.wav,"мяд' нё' хэвхана манябэ вэсако манябэ пухуця ӈамдёвэх' няӈоди' няӈгар"""
/Users/air/Downloads/Ненецкие аудио/data/NENETS_14_166867.0_172967.0.wav,"мяд' нё пахбтэй"" пэдара сюдбя ӈадимя"
/Users/air/Downloads/Ненецкие аудио/data/NENETS_14_173000.0_178300.0.wav,"хасавам манэць ма ""пыдар хыбян ханяд тоан"
/Users/air/Downloads/Ненецкие аудио/data/NENETS_14_178333.0_182500.0.wav,"хасавар ма ""тэри хане ядэрӈадм"
/Users/air/Downloads/Ненецкие аудио/data/NENETS_14_182533.0_188400.0.wav,ханедами тянё ӈоб илебцям хададамзь
/Users/air/Downloads/Ненецкие аудио/data/NENETS_14_188433.0_193267.0.wav,тикы' пуд пэдара сюдбя тёрм ӈэдара
/Users/air/Downloads/Ненецкие аудио/data/NENETS_14_195633.0_200200.0.wav,"ненэй не нивы ӈа"" ӈули"" ӈылекараха"
/Users/air/Downloads/Ненецкие аудио/data/NENETS_14_200233.0_205333.0.wav,"сидя ӈэвахаюда тэри сао""ла"
/Users/air/Downloads/Ненецкие аудио/data/NENETS_14_205367.0_208967.0.wav,"панэда еся паны' то""лха"
/Users/air/Downloads/Ненецкие аудио/data/NENETS_14_209000.0_216967.0.wav,"пэдара сюдбяр пухуцяхнда ма ""мядонда хасавам сававна ӈавлаир"
/Users/air/Downloads/Ненецкие аудио/data/NENETS_14_217000.0_223167.0.wav,"пухуцяда ӈамгэхарт мунм ни соя"" манябэ вэсако' няю' ялй"""
/Users/air/Downloads/Ненецкие аудио/data/NENETS_14_223200.0_231867.0.wav,тад манябэ вэсако' ня' сивня паклманда манябэ пухуця' ня' сивня ӈадимя
/Users/air/Downloads/Ненецкие аудио/data/NENETS_14_231900.0_236000.0.wav,"ӈоб ӈайта суюм ня""мба ӈадимя"
/Users/air/Downloads/Ненецкие аудио/data/NENETS_14_252267.0_260132.99999999997.wav,"ти няхрӈэ ӈаябарманзь ӈамдыад"""
/Users/air/Downloads/Ненецкие аудио/data/NENETS_14_260166.99999999997_265600.0.wav,"суюмдо' ӈамгэ пон' ӈоармна"" мер' ӈамадо'"
/Users/air/Downloads/Ненецкие аудио/data/NENETS_14_276667.0_284967.0.wav,теда' манябэ вэсако' ня' сивня сит ӈэдабтаӈгудм
/Users/air/Downloads/Ненецкие аудио/data/NENETS_14_285000.0_291800.0.wav,ненэй ӈынми содаир
/Users/air/Downloads/Ненецкие аудио/data/NENETS_14_291833.0_298167.0.wav,тад мимбат ӈока ӈэвасяда ӈылекам ядбтаӈгун
/Users/air/Downloads/Ненецкие аудио/data/NENETS_14_298200.0_305167.0.wav,"ябтан' ӈынхана нён ядпю"" нёд хадабю"""
/Users/air/Downloads/Ненецкие аудио/data/NENETS_14_316500.0_320533.0.wav,"тад тикад нянда сивня пакалй"""
/Users/air/Downloads/Ненецкие аудио/data/NENETS_14_320567.0_329200.0.wav,"паклманда сер' ӈылека"" ӈоб сёвна тюры""лыд"" ""хумбанзи"" нён ядэр"""
/Users/air/Downloads/Ненецкие аудио/data/NENETS_14_329233.0_338033.0.wav,"пэдара сюдбяр сит нельтенараханю"""
/Users/air/Downloads/Ненецкие аудио/data/NENETS_14_345033.0_348867.0.wav,"ӈэвасяда ӈылека"" ӈули"" я""влахама"""
/Users/air/Downloads/Ненецкие аудио/data/NENETS_14_348900.0_356267.0.wav,"тёрырта"" тёрырӈа"" ярта"" ярӈа"" ханяӈыдо' письӈа"""
/Users/air/Downloads/Ненецкие аудио/data/NENETS_14_367600.0_374300.0.wav,"хасавар ихнянда ма ""ӈылека"" тарси"" хурцкабты"""
/Users/air/Downloads/Ненецкие аудио/data/NENETS_14_399100.0_405833.0.wav,"хаван' харвана' то""лха"""
/Users/air/Downloads/Ненецкие аудио/data/NENETS_14_405867.0_415267.0.wav,"хасава ӈани ӈоб' нерня' миӈа ӈобкарт ӈылекам ӈынхана ни хадабю"""
/Users/air/Downloads/Ненецкие аудио/data/NENETS_14_448300.0_454900.0.wav,нерняд яляда ӈадимя
/Users/air/Downloads/Ненецкие аудио/data/NENETS_14_454933.0_461133.0.wav,"хасавар пин' тарпы"" сырӈа харта мята нимня ӈадимы"
/Users/air/Downloads/Ненецкие аудио/data/NENETS_14_461167.0_464200.0.wav,пухуцяда пихна пэтавы
/Users/air/Downloads/Ненецкие аудио/data/NENETS_14_464233.0_473600.0.wav,"вэсакомда манэць ма ""евэй евэй"
/Users/air/Downloads/Ненецкие аудио/data/NENETS_14_479333.0_488367.0.wav,"сит пюванзь хэван' харвадамзь тад ихнани мадамзь ха""манзь ядэртаадм"
/Users/air/Downloads/Ненецкие аудио/data/NENETS_14_488400.0_491933.0.wav,"харта тобцакы нивы"" ӈэбта хадара"""
/Users/air/Downloads/Ненецкие аудио/data/NENETS_14_491967.0_497967.0.wav,"хасавар мят' тю ва""ван' ӈамды"" ӈорӈа"
/Users/air/Downloads/Ненецкие аудио/data/NENETS_14_498000.0_501767.0.wav,"ядэро""мида харакута сер' ваде""йда"
/Users/air/Downloads/Ненецкие аудио/data/NENETS_14_501800.0_508000.0.wav,"хуняна юркы"" ӈорӈа тад тикахад ханеванзь хая"
/Users/air/Downloads/Ненецкие аудио/data/NENETS_14_508033.0_512366.99999999994.wav,тедахав' пэдара сюдбя' тавы ненэй ӈында таня
/Users/air/Downloads/Ненецкие аудио/data/NENETS_14_516933.0_519967.0.wav,та валакада
/Users/air/Downloads/Ненецкие аудио/data/NENETS_01_31_14680.6_23715.5.wav,"тад товнда яляхана вот хая"" эдалэяд"""
/Users/air/Downloads/Ненецкие аудио/data/NENETS_01_31_23715.5_32598.5.wav,"меяко нябандо' мась ма"" нив' не авобэрта саляӈкардахна"
/Users/air/Downloads/Ненецкие аудио/data/NENETS_01_31_32598.5_40418.6.wav,"братья някыда ма""ни""м' хандара"
/Users/air/Downloads/Ненецкие аудио/data/NENETS_01_31_40418.6_44442.5.wav,"ханя' масьтеӈгуната аврана"""
/Users/air/Downloads/Ненецкие аудио/data/NENETS_01_31_44434.1_48668.9.wav,"ма"" нив' няхр ханва"" эӈгоданакы окава авар татава"""
/Users/air/Downloads/Ненецкие аудио/data/NENETS_01_31_53848.5_60875.6.wav,"ябта пирця луца сидда"" встретил ядабта"
/Users/air/Downloads/Ненецкие аудио/data/NENETS_01_31_60884.0_71817.0.wav,ядабтэйдадакы воротам нэда
/Users/air/Downloads/Ненецкие аудио/data/NENETS_01_31_71817.0_76608.59999999999.wav,вот ханода таняна хаейдо' сярыдо'
/Users/air/Downloads/Ненецкие аудио/data/NENETS_01_31_76608.59999999999_80244.5.wav,"сами хартоӈгая"""
/Users/air/Downloads/Ненецкие аудио/data/NENETS_01_31_80278.2_88309.2.wav,"саляӈгардува тавардо' мирда""манзь тавардо' мирдатакыдонда"
/Users/air/Downloads/Ненецкие аудио/data/NENETS_01_31_98466.0_106311.40000000001.wav,"ханода манэ""манзь луца сэр пирця луца ань' пумнанда тарпы"""
/Users/air/Downloads/Ненецкие аудио/data/NENETS_01_31_106311.40000000001_111178.9.wav,масьтыв' стой постой стой постой
/Users/air/Downloads/Ненецкие аудио/data/NENETS_01_31_111178.9_119606.4.wav,"это сани ханода манэ""яда ханода манэ""яда пуня' тарпы"""
/Users/air/Downloads/Ненецкие аудио/data/NENETS_01_31_119606.4_123596.59999999999.wav,"пуня' тюда ань' столндяӈамды"""
/Users/air/Downloads/Ненецкие аудио/data/NENETS_01_31_123596.59999999999_130151.29999999999.wav,"толндяӈамды"" няюта нянзырӈа няюта сатакува ябеӈах'"
/Users/air/Downloads/Ненецкие аудио/data/NENETS_01_31_140999.8_144650.4.wav,"ябта пирця луца ань' пумнанда тарпы"""
/Users/air/Downloads/Ненецкие аудио/data/NENETS_01_31_147073.6_153577.59999999998.wav,пыда хамадамбидав' нидавнда
/Users/air/Downloads/Ненецкие аудио/data/NENETS_01_31_153577.59999999998_157892.5.wav,хамаданакэдадак
/Users/air/Downloads/Ненецкие аудио/data/NENETS_01_31_157896.80000000002_162216.0.wav,"инямда тюрмда абкна ня""мыдада эдалэй"""
/Users/air/Downloads/Ненецкие аудио/data/NENETS_01_31_164128.09999999998_167232.5.wav,"тикы луца пили"" пумнанда сюрмби"
/Users/air/Downloads/Ненецкие аудио/data/NENETS_01_31_167232.5_174352.4.wav,"всё говорит ой пили"" масьты стой постой стой постой"
/Users/air/Downloads/Ненецкие аудио/data/NENETS_01_31_174352.4_178052.9.wav,"пыда пили"" нултан"" нив'"
/Users/air/Downloads/Ненецкие аудио/data/NENETS_01_31_180898.59999999998_184149.2.wav,масьтыв' кыськыськысь кыськыськысь
/Users/air/Downloads/Ненецкие аудио/data/NENETS_01_31_184149.2_191291.59999999998.wav,а тот опять луца ань' масьтыв' стой постой стой постой
/Users/air/Downloads/Ненецкие аудио/data/NENETS_01_31_191291.59999999998_198141.5.wav,"еӈгада ямбдакы пуний тёндерт' лабцей"""
/Users/air/Downloads/Ненецкие аудио/data/NENETS_01_31_198141.5_201875.8.wav,ти нюхлы мядӈэсонднюхлы
/Users/air/Downloads/Ненецкие аудио/data/NENETS_01_31_204738.9_208810.6.wav,"пи""мянда пи""мянда сабк"" малӈадовы"
/Users/air/Downloads/Ненецкие аудио/data/NENETS_01_31_208788.09999999998_212095.0.wav,тикы мякна тайкэад иле хаи
/Users/air/Downloads/Ненецкие аудио/data/NENETS_01_31_212095.0_215716.90000000002.wav,стой постой
/Users/air/Downloads/Ненецкие аудио/data/NENETS_01_31_215736.7_219730.1.wav,"някыдадо"""
/Users/air/Downloads/Ненецкие аудио/data/NENETS_01_31_222102.4_227499.4.wav,пирця сэр луца няхр поиле тикы мякна
/Users/air/Downloads/Ненецкие аудио/data/NENETS_01_31_239117.5_245700.7.wav,ой не уходит так уж быть поженились
/Users/air/Downloads/Ненецкие аудио/data/NENETS_02_01_26357.7_30057.7.wav,ань' теда' тоходанась
/Users/air/Downloads/Ненецкие аудио/data/NENETS_02_01_33826.9_38110.6.wav,"тоходан""маданда няряна маркана манзраась"
/Users/air/Downloads/Ненецкие аудио/data/NENETS_02_01_38110.6_44828.0.wav,няряна маркана инсатрукторӈэ манзраась мэӈэ банкана в банке
/Users/air/Downloads/Ненецкие аудио/data/NENETS_02_01_46875.799999999996_52633.5.wav,в армию финскоян' мэдонзь
/Users/air/Downloads/Ненецкие аудио/data/NENETS_02_01_52633.5_59489.4.wav,"финскоян' мэ""махаднда тад тид' ань' армиян' хэвэкы"
/Users/air/Downloads/Ненецкие аудио/data/NENETS_02_01_59499.299999999996_63585.1.wav,ти опой нюда хаись валакада
/Users/air/Downloads/Ненецкие аудио/data/NENETS_02_01_63585.1_68640.4.wav,"нябав хабе""несьа некав ань' ненэцяась"
/Users/air/Downloads/Ненецкие аудио/data/NENETS_02_01_68640.4_78305.9.wav,"небяхадна""нисяхадна"" тет яӈгнява"" эвэва"""
/Users/air/Downloads/Ненецкие аудио/data/NENETS_02_01_78305.9_89227.8.wav,"мань си""вмдем' маньди си""вмдем' мань ылнан тамна си""в мат"" эдакэда "
/Users/air/Downloads/Ненецкие аудио/data/NENETS_02_01_90701.8_97547.79999999999.wav,"нертей партияхад нябимдей партияхад тид' ань' си""вдакы тет яӈгнява"" эвэва"""
/Users/air/Downloads/Ненецкие аудио/data/NENETS_02_01_100268.3_104047.4.wav,"адьбята пили"" ненэцяндрев' манзраманзь"
/Users/air/Downloads/Ненецкие аудио/data/NENETS_02_01_107539.59999999999_111130.70000000001.wav,"поваресьтым' тэ""на мэсьтым'"
/Users/air/Downloads/Ненецкие аудио/data/NENETS_02_01_111130.70000000001_119114.40000000001.wav,падар' пэртя тянёдакы тамальӈгана уцётчыкӈэ тарасятым' хойхана
/Users/air/Downloads/Ненецкие аудио/data/NENETS_02_01_119114.40000000001_123041.9.wav,бригадиркна паднанаӈэ
/Users/air/Downloads/Ненецкие аудио/data/NENETS_02_01_123041.9_130026.4.wav,"тайкэад нисяв мале еде""лыацьдакы в ом году ха яӈгумасьа"
/Users/air/Downloads/Ненецкие аудио/data/NENETS_02_01_130026.4_137297.8.wav,"нисян яӈго""махад тикэад небян ня' тюконндоань' в ом году"
/Users/air/Downloads/Ненецкие аудио/data/NENETS_02_01_137297.8_143441.30000000002.wav,тайкэад хаепа хаям' в ом году
/Users/air/Downloads/Ненецкие аудио/data/NENETS_01_29_0.0_6282.6.wav,один дяденька ой апой ненэць' илевы
/Users/air/Downloads/Ненецкие аудио/data/NENETS_01_29_6376.1_9816.5.wav,"апой' нинякы иле"" мякна ӈока иленя"""
/Users/air/Downloads/Ненецкие аудио/data/NENETS_01_29_9816.5_14388.199999999999.wav,"хов ся""нэвана хонэйдэй"" хонэяд"" ань'"
/Users/air/Downloads/Ненецкие аудио/data/NENETS_01_29_19184.3_24176.7.wav,"не ацекы"" ма"" нив' амгэ вэнода"" ма"" нив' нисьтыда"" сяр"""
/Users/air/Downloads/Ненецкие аудио/data/NENETS_01_29_24176.7_27275.9.wav,"вэн"" лабрмы"" синдер""мана"
/Users/air/Downloads/Ненецкие аудио/data/NENETS_01_29_27275.9_37947.899999999994.wav,"вот один мужикто говорит я не собака ой мань ма"" нив' вэнеком' вуним' ӈа"" ма"" нив' манй хыбярим'"
/Users/air/Downloads/Ненецкие аудио/data/NENETS_01_29_37947.899999999994_43697.6.wav,"яраком пюрӈам' ма"" нив' пухацям пюрӈам' итӈгарваам'"
/Users/air/Downloads/Ненецкие аудио/data/NENETS_01_29_47974.7_51943.399999999994.wav,"мань ма"" нив' лясэрць хаям' харцэрць хаям'"
/Users/air/Downloads/Ненецкие аудио/data/NENETS_01_29_54874.299999999996_63078.1.wav,"вэнеком' вуним' ӈа"" итӈгарваам' яраком пюрӈам'"
/Users/air/Downloads/Ненецкие аудио/data/NENETS_01_29_63078.1_73343.40000000001.wav,"а бабкато опять говорит ой бабка говорит эгэ пухаця ма"" нив'"
/Users/air/Downloads/Ненецкие аудио/data/NENETS_01_29_73303.9_78464.6.wav,"амгэ ярако"" эсьты"" непан"" ылна"
/Users/air/Downloads/Ненецкие аудио/data/NENETS_33_4000.0_9000.0.wav,я' мидхана иры яӈговы хаер яӈгувы
/Users/air/Downloads/Ненецкие аудио/data/NENETS_33_9033.0_12800.0.wav,"ӈули"" пэввы нгамгэрт нивы ӈадю"""
/Users/air/Downloads/Ненецкие аудио/data/NENETS_33_12833.0_17267.0.wav,"сидяри хасава сидяри не илевы"""
/Users/air/Downloads/Ненецкие аудио/data/NENETS_33_20000.0_29067.0.wav,"ся""ны"" ӈэбта ӈод"" ӈаркаюм хасава ма ""нум нюдва"" таван' ни харва"""
/Users/air/Downloads/Ненецкие аудио/data/NENETS_33_29100.0_39600.0.wav,тад ӈоб по' ӈэсоӈгана сидя ӈацекэддо' ӈадимя хасава ӈацекы не ӈацекы
/Users/air/Downloads/Ненецкие аудио/data/NENETS_33_39633.0_45000.0.wav,"ӈаркаюм хасава ма"" нив"" ""тадебядва"" хоква"""
/Users/air/Downloads/Ненецкие аудио/data/NENETS_33_45033.0_52100.0.wav,"ӈацекэхюна"" тад нерня' илебцяди' хурка ӈэӈгобтав'"
/Users/air/Downloads/Ненецкие аудио/data/NENETS_33_52133.0_58233.0.wav,"тадебява"" хонраиваць"
/Users/air/Downloads/Ненецкие аудио/data/NENETS_33_60500.0_64867.00000000001.wav,тадебя пи' ямбан' тадяябцурӈа
/Users/air/Downloads/Ненецкие аудио/data/NENETS_33_64900.00000000001_71367.0.wav,"хувы ялэмдад ӈадимгава ма ""ӈацекэх' сававна илеӈгух'"
/Users/air/Downloads/Ненецкие аудио/data/NENETS_33_71400.0_78533.0.wav,хасава ӈацекы ирыӈэ ханда не ӈацекы ӈани хаерӈэ ханда
/Users/air/Downloads/Ненецкие аудио/data/NENETS_33_78567.0_86433.0.wav,"нув' нися няни мась си""в яля' ӈэсоӈгана ӈоб ядна тута"
/Users/air/Downloads/Ненецкие аудио/data/NENETS_33_86467.0_92600.0.wav,"тикы ядна хасава ӈацекэхюда"" нумд' ӈэдараӈгухаюда"
/Users/air/Downloads/Ненецкие аудио/data/NENETS_33_92633.0_100567.0.wav,теда' сава панэкодамди' серта тара
/Users/air/Downloads/Ненецкие аудио/data/NENETS_33_100600.0_104233.0.wav,панэкоциди' илебць' хобахат сэдвы ӈэя
/Users/air/Downloads/Ненецкие аудио/data/NENETS_33_104267.0_107833.0.wav,"си""в яля' ӈэсоӈгана вэн"" мадлыад"""
/Users/air/Downloads/Ненецкие аудио/data/NENETS_33_107867.0_114300.0.wav,"не мякад пин' тарпы"" вэну"" саӈо' сер' саӈомда ӈэдара"
/Users/air/Downloads/Ненецкие аудио/data/NENETS_33_114333.0_117367.0.wav,таня ӈадьбата ядна хасава то
/Users/air/Downloads/Ненецкие аудио/data/NENETS_33_117400.0_126400.0.wav,"не мят' тю ма ""ядна хасава ӈадимя"
/Users/air/Downloads/Ненецкие аудио/data/NENETS_33_126433.0_133133.0.wav,"теда' маси"" ӈацекэхюна"" ханаӈгухаюда"
/Users/air/Downloads/Ненецкие аудио/data/NENETS_33_133167.0_143333.0.wav,тюку сер мань сейханани вэва
/Users/air/Downloads/Ненецкие аудио/data/NENETS_33_143367.0_150767.0.wav,"ӈацекэхюна"" такалп"" савах'"
/Users/air/Downloads/Ненецкие аудио/data/NENETS_33_150800.0_158000.0.wav,"ӈацекэх' е""йӈэ си' няна сидя сядэйм ӈабтаива"""
/Users/air/Downloads/Ненецкие аудио/data/NENETS_33_158033.0_162767.0.wav,"ядна хасава мят' тю ва""ван' ӈамды"""
/Users/air/Downloads/Ненецкие аудио/data/NENETS_33_162800.0_168900.0.wav,хасавам ӈавладо'
/Users/air/Downloads/Ненецкие аудио/data/NENETS_33_181933.0_188367.0.wav,"ненэся ӈо"" хаерта танявы ӈэб"" ханяцей' сава ӈэӈгусь"
/Users/air/Downloads/Ненецкие аудио/data/NENETS_33_188400.0_195733.0.wav,"пи' иры' яль анда таняб"" ӈани' сава ӈэӈгусь"
/Users/air/Downloads/Ненецкие аудио/data/NENETS_33_195767.0_204400.0.wav,"тикы' пуд ма ""такы си' няна ӈэда ӈамгэ ӈэбта"
/Users/air/Downloads/Ненецкие аудио/data/NENETS_33_204433.0_211500.0.wav,"ӈаркаюм хасава ма ""си' няна маня"" нюхюна"""
/Users/air/Downloads/Ненецкие аудио/data/NENETS_33_211533.0_219733.0.wav,"ядна хасава ма ""нюхюда"" ханаван' харваӈахаюн"
/Users/air/Downloads/Ненецкие аудио/data/NENETS_33_219767.0_227000.0.wav,нув' нися тарем табыдаась сидя ӈацекы нумд' тэвравы ӈэях'
/Users/air/Downloads/Ненецкие аудио/data/NENETS_33_227033.0_236033.0.wav,хасава ӈацекы ирыӈэ ханда не ӈацекы ӈани хаерӈэ ханда
/Users/air/Downloads/Ненецкие аудио/data/NENETS_33_253133.0_257166.99999999997.wav,"миӈа миӈа си""в яля' миндакы"
/Users/air/Downloads/Ненецкие аудио/data/NENETS_33_260033.00000000003_265633.0.wav,"ма"" нив"" ""нув' нисякэ"" сидя ӈацекым таадм"
/Users/air/Downloads/Ненецкие аудио/data/NENETS_33_265667.0_276200.0.wav,"харт нисянав"" ман"" сидя ӈацекэх' тэвравы ӈэях'"
/Users/air/Downloads/Ненецкие аудио/data/NENETS_33_276233.0_285167.0.wav,"нув' нися ма ""тикахаюд ненэй ӈацекэх' них' ӈа"" сядэйкоцях'"
/Users/air/Downloads/Ненецкие аудио/data/NENETS_33_303767.0_308633.0.wav,ядна хасава пуня' хая
/Users/air/Downloads/Ненецкие аудио/data/NENETS_33_308667.0_317667.0.wav,"ӈани' си""в яля' миӈа пэвдя нумгна"
/Users/air/Downloads/Ненецкие аудио/data/NENETS_33_317700.0_323133.0.wav,"сеней мят' тю ма ""пэвдяхана иле вэва"
/Users/air/Downloads/Ненецкие аудио/data/NENETS_33_350833.0_357933.0.wav,не нгацекы хаерӈэ хэбта ӈани наӈэдя яля' ямбан' хаер яля ӈэӈгу
/Users/air/Downloads/Ненецкие аудио/data/NENETS_33_373900.0_378933.0.wav,"хури' сававна емб""мэх'"
/Users/air/Downloads/Ненецкие аудио/data/NENETS_33_378967.0_384267.0.wav,"панэкоциди' илебцие хобахат сэдвы ӈэвы"""
/Users/air/Downloads/Ненецкие аудио/data/NENETS_33_386800.0_390667.0.wav,"ӈацекэх' лэ""мораӈэ хаях'"
/Users/air/Downloads/Ненецкие аудио/data/NENETS_33_395633.0_401567.0.wav,"нув' нисяр май"" ма ӈули"" пон' сидди' ӈатедамзь"
/Users/air/Downloads/Ненецкие аудио/data/NENETS_33_401600.0_410933.0.wav,"тад хасава ӈацекэн' ма ""пыдар ирыӈэ хандаан"
/Users/air/Downloads/Ненецкие аудио/data/NENETS_33_410967.0_416100.0.wav,яляр ненэй ненэцьӈгана сава ӈэӈгу
/Users/air/Downloads/Ненецкие аудио/data/NENETS_33_416133.0_426033.0.wav,"ненэй ненэць' пи' ебта ӈэдалёрпта ям мал' сававна манэтада ни ёхоборт"""
/Users/air/Downloads/Ненецкие аудио/data/NENETS_33_426067.0_431333.0.wav,"тад не ӈацекэн' ма ""падар ӈани хаерӈэ хандаан"
/Users/air/Downloads/Ненецкие аудио/data/NENETS_33_431367.0_439500.0.wav,"ненэй ненэця"" пэвдяхана илевам тябибтадо'"
/Users/air/Downloads/Ненецкие аудио/data/NENETS_33_439533.0_449067.0.wav,"падар хаерӈэ ӈадимбат ненэця"" маймдыд"""
/Users/air/Downloads/Ненецкие аудио/data/NENETS_33_451600.0_458300.0.wav,ти та ёлцьӈгад пи' иры ӈадимзяты яля' хаер ӈадимзяты
/Users/air/Downloads/Ненецкие аудио/data/NENETS_33_458333.0_467167.0.wav,"ненэця"" пэвдяхана иле ӈэвадэяд"""
/Users/air/Downloads/Ненецкие аудио/data/NENETS_33_467200.0_474033.0.wav,"я' сяр' ниня ненэця"" ӈокма"" ты"" ӈокма"" сармик"" ӈокма"""
/Users/air/Downloads/Ненецкие аудио/data/NENETS_01_17_0.0_6468.3.wav,халэвда халэв пухацянда ня' илевэх'
/Users/air/Downloads/Ненецкие аудио/data/NENETS_01_17_6333.0_10349.4.wav,хов нарэйӈэ хаяӈа ти юнуйӈэ хая
/Users/air/Downloads/Ненецкие аудио/data/NENETS_01_17_10349.4_15569.2.wav,"нюдинданя"" нюди' адимята вадыта"
/Users/air/Downloads/Ненецкие аудио/data/NENETS_01_17_15569.2_23256.0.wav,тирць пяйдо' пяйдо' ханикудо'
/Users/air/Downloads/Ненецкие аудио/data/NENETS_01_17_25564.699999999997_28930.9.wav,небядо' ханевась хэвась мэ
/Users/air/Downloads/Ненецкие аудио/data/NENETS_01_17_29513.7_36343.1.wav,"нюкцяеда ань' ма"" нив' невкы тутам' нянат тутам'"
/Users/air/Downloads/Ненецкие аудио/data/NENETS_01_17_36358.1_44060.0.wav,"халэвар ма"" нив' хай хайкаю"" тале янертам вунир манэт"""
/Users/air/Downloads/Ненецкие аудио/data/NENETS_01_17_55206.6_58651.4.wav,"нянехвав ма"" нив' вэва ненялха"
/Users/air/Downloads/Ненецкие аудио/data/NENETS_01_17_58651.4_62517.299999999996.wav,"тале янертам ма"" нив' вунив лыдаӈгу"""
/Users/air/Downloads/Ненецкие аудио/data/NENETS_01_17_62517.299999999996_69166.1.wav,"халэвнюкцякода об' ярӈа ма"" нив' тутам' невкы тутам'"
/Users/air/Downloads/Ненецкие аудио/data/NENETS_01_17_69166.1_74942.5.wav,"небяда масьты хай хайкаю"" тале янертам вунир манэт"""
/Users/air/Downloads/Ненецкие аудио/data/NENETS_01_17_74915.0_78886.3.wav,"манехаван лыдаӈгу"" вунив тале янертам"
/Users/air/Downloads/Ненецкие аудио/data/NENETS_01_17_78886.3_84196.29999999999.wav,"экыан ма"" нив' мелад' мибэй ма"" нив' луцеку' пярха"
/Users/air/Downloads/Ненецкие аудио/data/NENETS_01_17_84166.3_88333.1.wav,"няӈгвав ням ма"" нив' вэва ненялха"
/Users/air/Downloads/Ненецкие аудио/data/NENETS_18_8567.0_12067.0.wav,я мидхана хыбяхарт яӈговы
/Users/air/Downloads/Ненецкие аудио/data/NENETS_18_14267.0_18400.0.wav,тикы ӈо' ниня сидяри хасава илевэх'
/Users/air/Downloads/Ненецкие аудио/data/NENETS_18_21333.0_24867.0.wav,сидя хасава ханесятывэх'
/Users/air/Downloads/Ненецкие аудио/data/NENETS_18_24900.0_28333.0.wav,хусувэй яляхана хане хэӈгух'
/Users/air/Downloads/Ненецкие аудио/data/NENETS_18_28367.0_33133.0.wav,няби хасава хане ханда няби мякна хаюрӈа
/Users/air/Downloads/Ненецкие аудио/data/NENETS_18_54233.0_58167.0.wav,хуняна юркях' ӈорӈах'
/Users/air/Downloads/Ненецкие аудио/data/NENETS_18_58200.0_62200.0.wav,ӈаркаюм хасава сисяда пэдаран' ханеванзь хая
/Users/air/Downloads/Ненецкие аудио/data/NENETS_18_62233.0_66800.0.wav,наӈэдя яля' ямбан' сыӈрёда яӈгу
/Users/air/Downloads/Ненецкие аудио/data/NENETS_18_86100.0_90367.0.wav,ёхобата хаӈгу
/Users/air/Downloads/Ненецкие аудио/data/NENETS_18_90400.0_95100.0.wav,пэвсюме' няӈэӈэ хая
/Users/air/Downloads/Ненецкие аудио/data/NENETS_18_107767.0_113333.0.wav,"мят' тю ма"" нив"" ""тур пята"""
/Users/air/Downloads/Ненецкие аудио/data/NENETS_18_113367.0_120067.0.wav,мерку' едм пирехани'
/Users/air/Downloads/Ненецкие аудио/data/NENETS_18_120100.0_125800.0.wav,"маньсяван ӈули"" пэдэяв"""
/Users/air/Downloads/Ненецкие аудио/data/NENETS_18_125833.0_129133.00000000001.wav,наӈэдя яля' ямбан' ядерӈадамзь
/Users/air/Downloads/Ненецкие аудио/data/NENETS_18_129167.0_133600.0.wav,"сисяда пэдара' помна ядэрпа""ни хацяадм юху"""
/Users/air/Downloads/Ненецкие аудио/data/NENETS_18_133633.0_137033.0.wav,я' си' нимня ӈадимядамзь
/Users/air/Downloads/Ненецкие аудио/data/NENETS_18_137067.0_140667.0.wav,тикы си' мю' паклман' харваадмзь
/Users/air/Downloads/Ненецкие аудио/data/NENETS_18_140700.0_145700.0.wav,"сейми хаясь мадамзь ""хадри' ӈэя"
/Users/air/Downloads/Ненецкие аудио/data/NENETS_18_145733.0_149933.0.wav,ӈанихана я' сивна тюбцакэдм
/Users/air/Downloads/Ненецкие аудио/data/NENETS_18_152400.0_156133.0.wav,ӈорӈах' хонэях'
/Users/air/Downloads/Ненецкие аудио/data/NENETS_18_156167.0_160733.0.wav,хуняна ӈаркаюм хасава сисяда пэдаран' ӈани' хая
/Users/air/Downloads/Ненецкие аудио/data/NENETS_18_160767.0_166167.0.wav,"нюдяюм хасава мякнанда хаи мята лэтрамбю"" нив"""
/Users/air/Downloads/Ненецкие аудио/data/NENETS_18_166200.0_175000.0.wav,ӈоб яля' ӈатена сидя яля' ӈатена
/Users/air/Downloads/Ненецкие аудио/data/NENETS_18_175033.0_178133.0.wav,"ӈаркаюм хасава тован' ни харва"""
/Users/air/Downloads/Ненецкие аудио/data/NENETS_18_178167.0_188233.0.wav,"тад нюдаюм пин' тарпы"" хан' мюд я нямд пензьрта нэклӈа"
/Users/air/Downloads/Ненецкие аудио/data/NENETS_18_190800.0_201300.0.wav,"пи' сава ерня ӈоб лахнана мамонанда ""няр я' сивна тювы я' вэсако' мякна иле"
/Users/air/Downloads/Ненецкие аудио/data/NENETS_18_201333.0_208433.0.wav,"хуняна нюдаюм хасавар юркы"" пин' тарпы"""
/Users/air/Downloads/Ненецкие аудио/data/NENETS_18_208467.0_213600.0.wav,"нянда хэ""мя' мюмня сисяда пэдаран' хая"
/Users/air/Downloads/Ненецкие аудио/data/NENETS_18_213633.0_219167.0.wav,миӈа миӈа ӈоб яля' миндакы сидя яля' миндакы
/Users/air/Downloads/Ненецкие аудио/data/NENETS_18_221400.0_225767.0.wav,тад то' маравна хая
/Users/air/Downloads/Ненецкие аудио/data/NENETS_18_225800.0_235867.0.wav,"сянад' хунад' ядбата ӈод"" я' сим манэ""ӈа"
/Users/air/Downloads/Ненецкие аудио/data/NENETS_18_237367.0_244667.0.wav,"ихнянда ма ""теда' ханзер"" нгэб""ни сава"
/Users/air/Downloads/Ненецкие аудио/data/NENETS_18_244700.0_249100.0.wav,"я' си' мю' тюб""нани сава"
/Users/air/Downloads/Ненецкие аудио/data/NENETS_18_270733.0_274667.0.wav,"няхромдэй яляхана нярава мя"" ӈадимя"
/Users/air/Downloads/Ненецкие аудио/data/NENETS_18_282767.0_286700.0.wav,"няби ва""в' ниня я' вэсако ӈамды"
/Users/air/Downloads/Ненецкие аудио/data/NENETS_18_286733.0_290400.0.wav,нярава мальцям мэӈа нярава пиби мэӈа
/Users/air/Downloads/Ненецкие аудио/data/NENETS_18_290433.0_298233.0.wav,"няби ва""в' ниня ӈарка няда ӈамдёвы"
/Users/air/Downloads/Ненецкие аудио/data/NENETS_18_298267.0_303800.0.wav,"я' вэсако ма ""сит пон' ӈатедамзь"
/Users/air/Downloads/Ненецкие аудио/data/NENETS_18_303833.0_309367.0.wav,"нярава мякни тэвбат теда' сававна инзеле"""
/Users/air/Downloads/Ненецкие аудио/data/NENETS_18_309400.0_316433.0.wav,"тюку яхад мяканд салад"""
/Users/air/Downloads/Ненецкие аудио/data/NENETS_18_321967.0_330567.0.wav,тад тикахад ненэць' ӈока ӈэӈгу
/Users/air/Downloads/Ненецкие аудио/data/NENETS_18_330600.0_335433.0.wav,пыдар ӈани илевам пэртяӈэ хандаан
/Users/air/Downloads/Ненецкие аудио/data/NENETS_18_335467.0_342733.0.wav,"ӈарка няхвар мякнани хаёда ӈаӈэ ханда"" нив"""
/Users/air/Downloads/Ненецкие аудио/data/NENETS_18_356767.0_365233.0.wav,ти нюдяюм хасавар мякнда хая
/Users/air/Downloads/Ненецкие аудио/data/NENETS_18_365267.0_368500.0.wav,ненда ня' ӈани' няхр яля' миӈах'
/Users/air/Downloads/Ненецкие аудио/data/NENETS_18_371433.0_375200.0.wav,хасава саӈомда я' сид ян' ӈэдара
/Users/air/Downloads/Ненецкие аудио/data/NENETS_18_375233.0_378433.0.wav,сэв' хункана лабта я ӈэвы
/Users/air/Downloads/Ненецкие аудио/data/NENETS_18_378467.0_383800.0.wav,"нер' манэ""мы сисяда пэдара яӈгувы"
/Users/air/Downloads/Ненецкие аудио/data/NENETS_18_383833.0_388800.0.wav,"хасавар ма ""тедахав' ханя хандани'"
/Users/air/Downloads/Ненецкие аудио/data/NENETS_18_390900.0_397800.0.wav,"екар"" мя""ми ханяна ӈэбта"
/Users/air/Downloads/Ненецкие аудио/data/NENETS_18_397833.0_407600.0.wav,"неда ма ""я' ирир масьню"" илевам пэртяӈэ хандаан"
/Users/air/Downloads/Ненецкие аудио/data/NENETS_18_407633.0_411833.0.wav,"тарем мамбата маси"" едэй мятамд табцу"
/Users/air/Downloads/Ненецкие аудио/data/NENETS_18_411867.0_416433.0.wav,нумда пэвсюмя
/Users/air/Downloads/Ненецкие аудио/data/NENETS_18_453333.0_456400.0.wav,сидя яля' ӈани' миӈах'
/Users/air/Downloads/Ненецкие аудио/data/NENETS_18_456433.0_463233.0.wav,сидя яля' ӈэсоӈгана хаерта пакалць мяканди' тандя' тэвях'
/Users/air/Downloads/Ненецкие аудио/data/NENETS_18_463267.0_467567.0.wav,мяти' едэй ӈэвы
/Users/air/Downloads/Ненецкие аудио/data/NENETS_18_467600.0_473833.0.wav,"хэвхананда ханода ӈока"" тыда ӈока"""
/Users/air/Downloads/Ненецкие аудио/data/NENETS_18_473867.0_478933.0.wav,хасавар ненда ня' едэй мякна иле пяда
/Users/air/Downloads/Ненецкие аудио/data/NENETS_18_478967.0_485967.0.wav,илевам пэртяӈэ хая
/Users/air/Downloads/Ненецкие аудио/data/NENETS_01_10_0.0_3777.2999999999997.wav,сейчасто в тундрето теда' выӈгна илетакы 
/Users/air/Downloads/Ненецкие аудио/data/NENETS_01_10_14002.4_20743.9.wav,матортаар то выкроишьто шьёшьто то вот тебе вот тебе и паны адимда
/Users/air/Downloads/Ненецкие аудио/data/NENETS_01_10_22456.3_27712.3.wav,"маленьким детям нюдякоця ӈацекэ""на ань' мал' малндодомальцида эсьты"""
/Users/air/Downloads/Ненецкие аудио/data/NENETS_01_10_27717.7_31401.7.wav," нюдякоця мальцида танясяты"" арка мальцида танясяты"""
/Users/air/Downloads/Ненецкие аудио/data/NENETS_01_10_31401.7_35393.700000000004.wav, саць тецьӈгудакы арка мальцямда серӈгу
/Users/air/Downloads/Ненецкие аудио/data/NENETS_01_10_38170.200000000004_44225.700000000004.wav," маня"" ань' харна"" мярёй панына"" танясяты"" это голенькие панички бывают"
/Users/air/Downloads/Ненецкие аудио/data/NENETS_01_10_44225.700000000004_49030.6.wav,"тикы ань' ибана мэцьтын а сава паныан танясяты"" которые уже надо эдала тараӈгу"""
